timestamp,open,high,low,close,volume
2026-05-13 12:00:00+00:00,0.12128044466059615,0.12128044466059615,0.12128044466059615,0.12128044466059615,37327868.47998195
2026-05-13 13:00:00+00:00,0.11907253536422853,0.11907253536422853,0.11907253536422853,0.11907253536422853,37777078.08924545
2026-05-13 14:00:00+00:00,0.11874557897245688,0.11874557897245688,0.11874557897245688,0.11874557897245688,36656586.79633714
2026-05-13 15:00:00+00:00,0.11801404377452397,0.11801404377452397,0.11801404377452397,0.11801404377452397,34263392.11092824
2026-05-13 16:00:00+00:00,0.1164041332543275,0.1164041332543275,0.1164041332543275,0.1164041332543275,32206236.640084703
2026-05-13 17:00:00+00:00,0.1172282110775109,0.1172282110775109,0.1172282110775109,0.1172282110775109,32259370.59428886
2026-05-13 18:00:00+00:00,0.11740979364285964,0.11740979364285964,0.11740979364285964,0.11740979364285964,31895727.49075851
2026-05-13 19:00:00+00:00,0.11829775121186753,0.11829775121186753,0.11829775121186753,0.11829775121186753,32100513.697119385
2026-05-13 20:00:00+00:00,0.1176123461273145,0.1176123461273145,0.1176123461273145,0.1176123461273145,31868508.80896773
2026-05-13 21:00:00+00:00,0.11862629500013752,0.11862629500013752,0.11862629500013752,0.11862629500013752,31580868.511266068
2026-05-13 22:00:00+00:00,0.11727882381042887,0.11727882381042887,0.11727882381042887,0.11727882381042887,31037730.65360425
2026-05-13 23:00:00+00:00,0.11779293558634736,0.11779293558634736,0.11779293558634736,0.11779293558634736,31138659.365255453
2026-05-14 00:00:00+00:00,0.1180077768618873,0.1180077768618873,0.1180077768618873,0.1180077768618873,31486238.549111888
2026-05-14 01:00:00+00:00,0.11961492118081705,0.11961492118081705,0.11961492118081705,0.11961492118081705,32857300.920206655
2026-05-14 02:00:00+00:00,0.11856244014761246,0.11856244014761246,0.11856244014761246,0.11856244014761246,32225892.723751046
2026-05-14 03:00:00+00:00,0.11855840244546861,0.11855840244546861,0.11855840244546861,0.11855840244546861,31905875.580535695
2026-05-14 04:00:00+00:00,0.11672701266499423,0.11672701266499423,0.11672701266499423,0.11672701266499423,31785088.375149652
2026-05-14 05:00:00+00:00,0.11715009501478973,0.11715009501478973,0.11715009501478973,0.11715009501478973,31779512.116249885
2026-05-14 06:00:00+00:00,0.1174054440655864,0.1174054440655864,0.1174054440655864,0.1174054440655864,31582298.78790805
2026-05-14 07:00:00+00:00,0.11775692473889823,0.11775692473889823,0.11775692473889823,0.11775692473889823,31873259.60357216
2026-05-14 08:00:00+00:00,0.11707530853789282,0.11707530853789282,0.11707530853789282,0.11707530853789282,31751667.61754619
2026-05-14 09:00:00+00:00,0.11684875835921188,0.11684875835921188,0.11684875835921188,0.11684875835921188,31941200.40416329
2026-05-14 10:00:00+00:00,0.11678792119720814,0.11678792119720814,0.11678792119720814,0.11678792119720814,32101663.982009668
2026-05-14 11:00:00+00:00,0.11763229019153006,0.11763229019153006,0.11763229019153006,0.11763229019153006,31838608.03883566
2026-05-14 12:00:00+00:00,0.11711677780846615,0.11711677780846615,0.11711677780846615,0.11711677780846615,30974229.998331856
2026-05-14 13:00:00+00:00,0.11733554486950731,0.11733554486950731,0.11733554486950731,0.11733554486950731,29271234.06744301
2026-05-14 14:00:00+00:00,0.11773790391136536,0.11773790391136536,0.11773790391136536,0.11773790391136536,29052864.640813008
2026-05-14 15:00:00+00:00,0.11978831865188166,0.11978831865188166,0.11978831865188166,0.11978831865188166,29053100.58046277
2026-05-14 16:00:00+00:00,0.1209259424045244,0.1209259424045244,0.1209259424045244,0.1209259424045244,29416481.173582584
2026-05-14 17:00:00+00:00,0.12051256045351538,0.12051256045351538,0.12051256045351538,0.12051256045351538,29462577.47131933
2026-05-14 18:00:00+00:00,0.12097634087622226,0.12097634087622226,0.12097634087622226,0.12097634087622226,30576076.99691319
2026-05-14 19:00:00+00:00,0.12129791470937651,0.12129791470937651,0.12129791470937651,0.12129791470937651,31190880.37663538
2026-05-14 20:00:00+00:00,0.12025692620436944,0.12025692620436944,0.12025692620436944,0.12025692620436944,31694205.937611204
2026-05-14 21:00:00+00:00,0.12014171781050557,0.12014171781050557,0.12014171781050557,0.12014171781050557,32240056.69136875
2026-05-14 22:00:00+00:00,0.11990688475291073,0.11990688475291073,0.11990688475291073,0.11990688475291073,32089810.705080576
2026-05-14 23:00:00+00:00,0.11931677106591167,0.11931677106591167,0.11931677106591167,0.11931677106591167,31725499.72985278
2026-05-15 00:00:00+00:00,0.11859339527435699,0.11859339527435699,0.11859339527435699,0.11859339527435699,31152184.460950185
2026-05-15 01:00:00+00:00,0.11957475820579226,0.11957475820579226,0.11957475820579226,0.11957475820579226,30087232.15878151
2026-05-15 02:00:00+00:00,0.11870841715900496,0.11870841715900496,0.11870841715900496,0.11870841715900496,29922268.929505967
2026-05-15 03:00:00+00:00,0.1186992501267335,0.1186992501267335,0.1186992501267335,0.1186992501267335,30574132.653989654
2026-05-15 04:00:00+00:00,0.11865788279976867,0.11865788279976867,0.11865788279976867,0.11865788279976867,29894168.5988256
2026-05-15 05:00:00+00:00,0.1169766543373029,0.1169766543373029,0.1169766543373029,0.1169766543373029,30078516.34814302
2026-05-15 06:00:00+00:00,0.11550297862120994,0.11550297862120994,0.11550297862120994,0.11550297862120994,31093191.454448033
2026-05-15 07:00:00+00:00,0.1161593272913965,0.1161593272913965,0.1161593272913965,0.1161593272913965,31587409.54231658
2026-05-15 08:00:00+00:00,0.11627724215752111,0.11627724215752111,0.11627724215752111,0.11627724215752111,31834635.218477856
2026-05-15 09:00:00+00:00,0.11603967873965246,0.11603967873965246,0.11603967873965246,0.11603967873965246,31903513.72381325
2026-05-15 10:00:00+00:00,0.11568385698859154,0.11568385698859154,0.11568385698859154,0.11568385698859154,31858329.51232804
2026-05-15 11:00:00+00:00,0.11684828085238727,0.11684828085238727,0.11684828085238727,0.11684828085238727,32143884.515086256
2026-05-15 12:00:00+00:00,0.11641295137521651,0.11641295137521651,0.11641295137521651,0.11641295137521651,31930300.041992873
2026-05-15 13:00:00+00:00,0.11596478034608905,0.11596478034608905,0.11596478034608905,0.11596478034608905,31782906.851096652
2026-05-15 14:00:00+00:00,0.11221569414906529,0.11221569414906529,0.11221569414906529,0.11221569414906529,33148349.95427516
2026-05-15 15:00:00+00:00,0.11282204274638949,0.11282204274638949,0.11282204274638949,0.11282204274638949,33635116.31372916
2026-05-15 16:00:00+00:00,0.11190227796375168,0.11190227796375168,0.11190227796375168,0.11190227796375168,32815459.507047575
2026-05-15 17:00:00+00:00,0.1131093179234307,0.1131093179234307,0.1131093179234307,0.1131093179234307,32761272.221898045
2026-05-15 18:00:00+00:00,0.11374534434321543,0.11374534434321543,0.11374534434321543,0.11374534434321543,32278257.125383217
2026-05-15 19:00:00+00:00,0.11321895284879356,0.11321895284879356,0.11321895284879356,0.11321895284879356,31111186.570944145
2026-05-15 20:00:00+00:00,0.11262942022018224,0.11262942022018224,0.11262942022018224,0.11262942022018224,30296436.56934143
2026-05-15 21:00:00+00:00,0.11228616819101295,0.11228616819101295,0.11228616819101295,0.11228616819101295,29566097.21853729
2026-05-15 22:00:00+00:00,0.11248571900256082,0.11248571900256082,0.11248571900256082,0.11248571900256082,29792248.587097615
2026-05-15 23:00:00+00:00,0.11277855671378313,0.11277855671378313,0.11277855671378313,0.11277855671378313,29670924.329517324
2026-05-16 00:00:00+00:00,0.11323747863181816,0.11323747863181816,0.11323747863181816,0.11323747863181816,29974813.912399784
2026-05-16 01:00:00+00:00,0.11403797861204942,0.11403797861204942,0.11403797861204942,0.11403797861204942,30039365.91067581
2026-05-16 02:00:00+00:00,0.11394868953346111,0.11394868953346111,0.11394868953346111,0.11394868953346111,29487492.438035
2026-05-16 03:00:00+00:00,0.11419493089881276,0.11419493089881276,0.11419493089881276,0.11419493089881276,28765651.214132532
2026-05-16 04:00:00+00:00,0.1135999766318231,0.1135999766318231,0.1135999766318231,0.1135999766318231,28513394.1102277
2026-05-16 05:00:00+00:00,0.11291495243633788,0.11291495243633788,0.11291495243633788,0.11291495243633788,27671986.634778213
2026-05-16 06:00:00+00:00,0.1126567829079294,0.1126567829079294,0.1126567829079294,0.1126567829079294,26311406.543549724
2026-05-16 07:00:00+00:00,0.11197438875772804,0.11197438875772804,0.11197438875772804,0.11197438875772804,27296944.757024966
2026-05-16 08:00:00+00:00,0.11122407713791935,0.11122407713791935,0.11122407713791935,0.11122407713791935,28348589.56719586
2026-05-16 09:00:00+00:00,0.11108763452150719,0.11108763452150719,0.11108763452150719,0.11108763452150719,28142066.141436316
2026-05-16 10:00:00+00:00,0.11011457482910172,0.11011457482910172,0.11011457482910172,0.11011457482910172,28705623.568729762
2026-05-16 11:00:00+00:00,0.11019742455646701,0.11019742455646701,0.11019742455646701,0.11019742455646701,29286799.985722978
2026-05-16 12:00:00+00:00,0.11073149604192832,0.11073149604192832,0.11073149604192832,0.11073149604192832,29769360.164194986
2026-05-16 13:00:00+00:00,0.11077956381576545,0.11077956381576545,0.11077956381576545,0.11077956381576545,29808623.161142245
2026-05-16 14:00:00+00:00,0.11076655242562354,0.11076655242562354,0.11076655242562354,0.11076655242562354,27191660.58585658
2026-05-16 15:00:00+00:00,0.1110324133943383,0.1110324133943383,0.1110324133943383,0.1110324133943383,25956351.2845342
2026-05-16 16:00:00+00:00,0.11140695107665866,0.11140695107665866,0.11140695107665866,0.11140695107665866,25294454.074804403
2026-05-16 17:00:00+00:00,0.11123445276928652,0.11123445276928652,0.11123445276928652,0.11123445276928652,24849019.2120905
2026-05-16 18:00:00+00:00,0.1112499216786075,0.1112499216786075,0.1112499216786075,0.1112499216786075,24547925.219307102
2026-05-16 19:00:00+00:00,0.11115186183550813,0.11115186183550813,0.11115186183550813,0.11115186183550813,24392077.7944169
2026-05-16 20:00:00+00:00,0.110952217354619,0.110952217354619,0.110952217354619,0.110952217354619,24087116.680918287
2026-05-16 21:00:00+00:00,0.11085519108887157,0.11085519108887157,0.11085519108887157,0.11085519108887157,23851411.251461174
2026-05-16 22:00:00+00:00,0.11039517252483771,0.11039517252483771,0.11039517252483771,0.11039517252483771,23408445.91869533
2026-05-16 23:00:00+00:00,0.11051203073377366,0.11051203073377366,0.11051203073377366,0.11051203073377366,23741778.815192245
2026-05-17 00:00:00+00:00,0.11024266874064008,0.11024266874064008,0.11024266874064008,0.11024266874064008,23394904.73841496
2026-05-17 01:00:00+00:00,0.1098640494055129,0.1098640494055129,0.1098640494055129,0.1098640494055129,23084205.667820483
2026-05-17 02:00:00+00:00,0.1095339114248226,0.1095339114248226,0.1095339114248226,0.1095339114248226,23235171.162958473
2026-05-17 03:00:00+00:00,0.10981496569195542,0.10981496569195542,0.10981496569195542,0.10981496569195542,23279731.25762042
2026-05-17 04:00:00+00:00,0.11038510084873678,0.11038510084873678,0.11038510084873678,0.11038510084873678,23407724.571175523
2026-05-17 05:00:00+00:00,0.11043500326617745,0.11043500326617745,0.11043500326617745,0.11043500326617745,23405028.449651003
2026-05-17 06:00:00+00:00,0.11024019763189527,0.11024019763189527,0.11024019763189527,0.11024019763189527,23156807.44557237
2026-05-17 07:00:00+00:00,0.10999036945994284,0.10999036945994284,0.10999036945994284,0.10999036945994284,21472205.572598055
2026-05-17 08:00:00+00:00,0.11043087874748368,0.11043087874748368,0.11043087874748368,0.11043087874748368,20044160.94680945
2026-05-17 09:00:00+00:00,0.11002809147945904,0.11002809147945904,0.11002809147945904,0.11002809147945904,19610357.976006754
2026-05-17 10:00:00+00:00,0.11048955632080071,0.11048955632080071,0.11048955632080071,0.11048955632080071,18688226.60163257
2026-05-17 11:00:00+00:00,0.11030898579076719,0.11030898579076719,0.11030898579076719,0.11030898579076719,18061632.81962948
2026-05-17 12:00:00+00:00,0.1101785644280563,0.1101785644280563,0.1101785644280563,0.1101785644280563,17654827.972932234
2026-05-17 13:00:00+00:00,0.11003430657450136,0.11003430657450136,0.11003430657450136,0.11003430657450136,17195025.636803143
2026-05-17 14:00:00+00:00,0.10977759113979921,0.10977759113979921,0.10977759113979921,0.10977759113979921,17069100.9937292
2026-05-17 15:00:00+00:00,0.10904856166102103,0.10904856166102103,0.10904856166102103,0.10904856166102103,17128478.433980558
2026-05-17 16:00:00+00:00,0.10910191342055206,0.10910191342055206,0.10910191342055206,0.10910191342055206,17238636.768019743
2026-05-17 17:00:00+00:00,0.10870573407633775,0.10870573407633775,0.10870573407633775,0.10870573407633775,17046527.076763082
2026-05-17 18:00:00+00:00,0.10867061535248958,0.10867061535248958,0.10867061535248958,0.10867061535248958,17334354.967642218
2026-05-17 19:00:00+00:00,0.10903608625609149,0.10903608625609149,0.10903608625609149,0.10903608625609149,17700956.773010537
2026-05-17 20:00:00+00:00,0.10920256406829346,0.10920256406829346,0.10920256406829346,0.10920256406829346,17815567.2819713
2026-05-17 21:00:00+00:00,0.10952257747102699,0.10952257747102699,0.10952257747102699,0.10952257747102699,18053136.434455797
2026-05-17 22:00:00+00:00,0.10992240377571717,0.10992240377571717,0.10992240377571717,0.10992240377571717,18201881.014826734
2026-05-17 23:00:00+00:00,0.10907680982921639,0.10907680982921639,0.10907680982921639,0.10907680982921639,18306649.14483042
2026-05-18 00:00:00+00:00,0.10771234148035926,0.10771234148035926,0.10771234148035926,0.10771234148035926,20454105.5002782
2026-05-18 01:00:00+00:00,0.10720762677116003,0.10720762677116003,0.10720762677116003,0.10720762677116003,21239024.524324555
2026-05-18 02:00:00+00:00,0.10752906793949865,0.10752906793949865,0.10752906793949865,0.10752906793949865,21570177.349465866
2026-05-18 03:00:00+00:00,0.10789382746654748,0.10789382746654748,0.10789382746654748,0.10789382746654748,22597120.486565787
2026-05-18 04:00:00+00:00,0.1074356116549882,0.1074356116549882,0.1074356116549882,0.1074356116549882,22501854.159580983
2026-05-18 05:00:00+00:00,0.10820332998633879,0.10820332998633879,0.10820332998633879,0.10820332998633879,22935041.053992584
2026-05-18 06:00:00+00:00,0.10774708456001707,0.10774708456001707,0.10774708456001707,0.10774708456001707,23348150.37443109
2026-05-18 07:00:00+00:00,0.10769012627282745,0.10769012627282745,0.10769012627282745,0.10769012627282745,24324898.376949117
2026-05-18 08:00:00+00:00,0.10722615653117641,0.10722615653117641,0.10722615653117641,0.10722615653117641,24714090.30481897
2026-05-18 09:00:00+00:00,0.10743786263289258,0.10743786263289258,0.10743786263289258,0.10743786263289258,24947062.13504513
2026-05-18 10:00:00+00:00,0.10675986254080977,0.10675986254080977,0.10675986254080977,0.10675986254080977,24845281.286756944
2026-05-18 11:00:00+00:00,0.105831077671298,0.105831077671298,0.105831077671298,0.105831077671298,24877685.83816488
2026-05-18 12:00:00+00:00,0.10628640676264962,0.10628640676264962,0.10628640676264962,0.10628640676264962,25620122.142317224
2026-05-18 13:00:00+00:00,0.10744658878235536,0.10744658878235536,0.10744658878235536,0.10744658878235536,26533247.689905535
2026-05-18 14:00:00+00:00,0.1068697900764924,0.1068697900764924,0.1068697900764924,0.1068697900764924,27047215.84205577
2026-05-18 15:00:00+00:00,0.10544398092567885,0.10544398092567885,0.10544398092567885,0.10544398092567885,27632937.04481184
2026-05-18 16:00:00+00:00,0.10623376395719068,0.10623376395719068,0.10623376395719068,0.10623376395719068,28045964.525148667
2026-05-18 17:00:00+00:00,0.10621891843695358,0.10621891843695358,0.10621891843695358,0.10621891843695358,28239354.18024488
2026-05-18 18:00:00+00:00,0.1064942317368492,0.1064942317368492,0.1064942317368492,0.1064942317368492,28114115.78040587
2026-05-18 19:00:00+00:00,0.10532818103294705,0.10532818103294705,0.10532818103294705,0.10532818103294705,27701635.981458873
2026-05-18 20:00:00+00:00,0.10707572946579377,0.10707572946579377,0.10707572946579377,0.10707572946579377,28777905.39206008
2026-05-18 21:00:00+00:00,0.10764701232762061,0.10764701232762061,0.10764701232762061,0.10764701232762061,29165526.847927358
2026-05-18 22:00:00+00:00,0.1089171535850194,0.1089171535850194,0.1089171535850194,0.1089171535850194,30298250.990809042
2026-05-18 23:00:00+00:00,0.10906623422656311,0.10906623422656311,0.10906623422656311,0.10906623422656311,30298080.133432053
2026-05-19 00:00:00+00:00,0.10873789920684496,0.10873789920684496,0.10873789920684496,0.10873789920684496,28415161.201301184
2026-05-19 01:00:00+00:00,0.1083628358646481,0.1083628358646481,0.1083628358646481,0.1083628358646481,28299967.837309226
2026-05-19 02:00:00+00:00,0.10756968521255098,0.10756968521255098,0.10756968521255098,0.10756968521255098,27971973.80071941
2026-05-19 03:00:00+00:00,0.10737826881589148,0.10737826881589148,0.10737826881589148,0.10737826881589148,27161893.011783782
2026-05-19 04:00:00+00:00,0.10742972876140394,0.10742972876140394,0.10742972876140394,0.10742972876140394,27025306.314882383
2026-05-19 05:00:00+00:00,0.10744279715184593,0.10744279715184593,0.10744279715184593,0.10744279715184593,26865676.588004947
2026-05-19 06:00:00+00:00,0.1078427969475277,0.1078427969475277,0.1078427969475277,0.1078427969475277,27291753.659962285
2026-05-19 07:00:00+00:00,0.10983081756309118,0.10983081756309118,0.10983081756309118,0.10983081756309118,28205037.95103222
2026-05-19 08:00:00+00:00,0.1104961449207495,0.1104961449207495,0.1104961449207495,0.1104961449207495,28542475.045561366
2026-05-19 09:00:00+00:00,0.10958629435366506,0.10958629435366506,0.10958629435366506,0.10958629435366506,28954845.20478443
2026-05-19 10:00:00+00:00,0.1088734659631789,0.1088734659631789,0.1088734659631789,0.1088734659631789,29288590.484325107
2026-05-19 11:00:00+00:00,0.10997772883234644,0.10997772883234644,0.10997772883234644,0.10997772883234644,29844736.866398387
2026-05-19 12:00:00+00:00,0.10962413303792,0.10962413303792,0.10962413303792,0.10962413303792,29579326.192505933
2026-05-19 13:00:00+00:00,0.11179514180696475,0.11179514180696475,0.11179514180696475,0.11179514180696475,31252551.87973878
2026-05-19 14:00:00+00:00,0.11426125078029836,0.11426125078029836,0.11426125078029836,0.11426125078029836,34391950.06938225
2026-05-19 15:00:00+00:00,0.10989849355566958,0.10989849355566958,0.10989849355566958,0.10989849355566958,37900847.96258601
2026-05-19 16:00:00+00:00,0.11023210833869969,0.11023210833869969,0.11023210833869969,0.11023210833869969,39233111.89370839
2026-05-19 17:00:00+00:00,0.11124501543694129,0.11124501543694129,0.11124501543694129,0.11124501543694129,40516388.63450938
2026-05-19 18:00:00+00:00,0.11136783100709403,0.11136783100709403,0.11136783100709403,0.11136783100709403,41010427.2310468
2026-05-19 19:00:00+00:00,0.11117161797751282,0.11117161797751282,0.11117161797751282,0.11117161797751282,41272652.11197226
2026-05-19 20:00:00+00:00,0.1130035741344537,0.1130035741344537,0.1130035741344537,0.1130035741344537,41780089.62916239
2026-05-19 21:00:00+00:00,0.11318765942478436,0.11318765942478436,0.11318765942478436,0.11318765942478436,44435440.876945384
2026-05-19 22:00:00+00:00,0.11284797140491419,0.11284797140491419,0.11284797140491419,0.11284797140491419,44131012.0610805
2026-05-19 23:00:00+00:00,0.1111525609498106,0.1111525609498106,0.1111525609498106,0.1111525609498106,44100009.25542856
2026-05-20 00:00:00+00:00,0.11255033177205451,0.11255033177205451,0.11255033177205451,0.11255033177205451,45016618.231877625
2026-05-20 01:00:00+00:00,0.11365040850034562,0.11365040850034562,0.11365040850034562,0.11365040850034562,46239518.12797778
2026-05-20 02:00:00+00:00,0.1154556313809291,0.1154556313809291,0.1154556313809291,0.1154556313809291,47785969.12445493
2026-05-20 03:00:00+00:00,0.11634892573735602,0.11634892573735602,0.11634892573735602,0.11634892573735602,50020080.26671762
2026-05-20 04:00:00+00:00,0.11554541987151683,0.11554541987151683,0.11554541987151683,0.11554541987151683,51884285.4762597
2026-05-20 05:00:00+00:00,0.11648674850054037,0.11648674850054037,0.11648674850054037,0.11648674850054037,53836042.51654605
2026-05-20 06:00:00+00:00,0.1158482768039792,0.1158482768039792,0.1158482768039792,0.1158482768039792,54598937.59565473
2026-05-20 07:00:00+00:00,0.11445105491083815,0.11445105491083815,0.11445105491083815,0.11445105491083815,55146311.53251993
2026-05-20 08:00:00+00:00,0.11409029738526189,0.11409029738526189,0.11409029738526189,0.11409029738526189,55751094.90416991
2026-05-20 09:00:00+00:00,0.1144180469067835,0.1144180469067835,0.1144180469067835,0.1144180469067835,55325438.88574341
2026-05-20 10:00:00+00:00,0.1137700633330402,0.1137700633330402,0.1137700633330402,0.1137700633330402,57528041.415570445
2026-05-20 11:00:00+00:00,0.11402634026639592,0.11402634026639592,0.11402634026639592,0.11402634026639592,55177979.69337359
2026-05-20 12:00:00+00:00,0.11371948783325832,0.11371948783325832,0.11371948783325832,0.11371948783325832,56087503.82883155
2026-05-20 13:00:00+00:00,0.11518347582621682,0.11518347582621682,0.11518347582621682,0.11518347582621682,54968589.89527618
2026-05-20 14:00:00+00:00,0.11381352160050444,0.11381352160050444,0.11381352160050444,0.11381352160050444,53672014.89011072
2026-05-20 15:00:00+00:00,0.1154946847435412,0.1154946847435412,0.1154946847435412,0.1154946847435412,48110225.8195748
2026-05-20 16:00:00+00:00,0.11664334648737186,0.11664334648737186,0.11664334648737186,0.11664334648737186,47726789.88319271
2026-05-20 17:00:00+00:00,0.11563741606422877,0.11563741606422877,0.11563741606422877,0.11563741606422877,48487180.98475674
2026-05-20 18:00:00+00:00,0.1177676834507665,0.1177676834507665,0.1177676834507665,0.1177676834507665,50424604.60454933
2026-05-20 19:00:00+00:00,0.11722151179823388,0.11722151179823388,0.11722151179823388,0.11722151179823388,52810532.96008812
2026-05-20 20:00:00+00:00,0.11729287748671899,0.11729287748671899,0.11729287748671899,0.11729287748671899,48472431.17236087
2026-05-20 21:00:00+00:00,0.11810673155490539,0.11810673155490539,0.11810673155490539,0.11810673155490539,46172180.294770926
2026-05-20 22:00:00+00:00,0.1168065090063755,0.1168065090063755,0.1168065090063755,0.1168065090063755,46033465.60040148
2026-05-20 23:00:00+00:00,0.11659976867765498,0.11659976867765498,0.11659976867765498,0.11659976867765498,45324112.30252056
2026-05-21 00:00:00+00:00,0.11750650892790448,0.11750650892790448,0.11750650892790448,0.11750650892790448,46724661.29149651
2026-05-21 01:00:00+00:00,0.11811548066365339,0.11811548066365339,0.11811548066365339,0.11811548066365339,44458339.443727374
2026-05-21 02:00:00+00:00,0.11861945437834777,0.11861945437834777,0.11861945437834777,0.11861945437834777,44754705.13996061
2026-05-21 03:00:00+00:00,0.11806340778114924,0.11806340778114924,0.11806340778114924,0.11806340778114924,43343753.41587261
2026-05-21 04:00:00+00:00,0.1183839458825456,0.1183839458825456,0.1183839458825456,0.1183839458825456,43003482.08391284
2026-05-21 05:00:00+00:00,0.11861965029817122,0.11861965029817122,0.11861965029817122,0.11861965029817122,41714470.865441315
2026-05-21 06:00:00+00:00,0.11781879460200355,0.11781879460200355,0.11781879460200355,0.11781879460200355,39607442.20816384
2026-05-21 07:00:00+00:00,0.1170583884616023,0.1170583884616023,0.1170583884616023,0.1170583884616023,37502939.69393255
2026-05-21 08:00:00+00:00,0.11645242438993735,0.11645242438993735,0.11645242438993735,0.11645242438993735,37113409.84159162
2026-05-21 09:00:00+00:00,0.11551266573448653,0.11551266573448653,0.11551266573448653,0.11551266573448653,36565138.43520834
2026-05-21 10:00:00+00:00,0.11547164607903777,0.11547164607903777,0.11547164607903777,0.11547164607903777,36903076.355289005
2026-05-21 11:00:00+00:00,0.11502137412491983,0.11502137412491983,0.11502137412491983,0.11502137412491983,36995980.80984086
2026-05-21 12:00:00+00:00,0.1142388307924268,0.1142388307924268,0.1142388307924268,0.1142388307924268,37300338.68457683
2026-05-21 13:00:00+00:00,0.11445015372217109,0.11445015372217109,0.11445015372217109,0.11445015372217109,37221736.11585665
2026-05-21 14:00:00+00:00,0.11472520620646944,0.11472520620646944,0.11472520620646944,0.11472520620646944,37096729.23897895
2026-05-21 15:00:00+00:00,0.11440298224781062,0.11440298224781062,0.11440298224781062,0.11440298224781062,36759855.428097695
2026-05-21 16:00:00+00:00,0.11570851043404994,0.11570851043404994,0.11570851043404994,0.11570851043404994,37209795.78261769
2026-05-21 17:00:00+00:00,0.11508896413010472,0.11508896413010472,0.11508896413010472,0.11508896413010472,36658951.177538104
2026-05-21 18:00:00+00:00,0.11702689795111645,0.11702689795111645,0.11702689795111645,0.11702689795111645,35760202.03242523
2026-05-21 19:00:00+00:00,0.11599361934911967,0.11599361934911967,0.11599361934911967,0.11599361934911967,34562592.13719826
2026-05-21 20:00:00+00:00,0.11547382091505588,0.11547382091505588,0.11547382091505588,0.11547382091505588,34382635.609433874
2026-05-21 21:00:00+00:00,0.11517689765731041,0.11517689765731041,0.11517689765731041,0.11517689765731041,34062181.45914994
2026-05-21 22:00:00+00:00,0.11443727428483365,0.11443727428483365,0.11443727428483365,0.11443727428483365,33216518.19912608
2026-05-21 23:00:00+00:00,0.1144347666808054,0.1144347666808054,0.1144347666808054,0.1144347666808054,33116791.210027974
2026-05-22 00:00:00+00:00,0.11478058429493283,0.11478058429493283,0.11478058429493283,0.11478058429493283,33064271.724318407
2026-05-22 01:00:00+00:00,0.11429216011718396,0.11429216011718396,0.11429216011718396,0.11429216011718396,32228648.680637024
2026-05-22 02:00:00+00:00,0.11312045054010027,0.11312045054010027,0.11312045054010027,0.11312045054010027,32384244.969231088
2026-05-22 03:00:00+00:00,0.11378581046752136,0.11378581046752136,0.11378581046752136,0.11378581046752136,32573354.47476801
2026-05-22 04:00:00+00:00,0.11421479622830318,0.11421479622830318,0.11421479622830318,0.11421479622830318,32485399.909070518
2026-05-22 05:00:00+00:00,0.11448140897259801,0.11448140897259801,0.11448140897259801,0.11448140897259801,32294699.4748248
2026-05-22 06:00:00+00:00,0.11476150955702798,0.11476150955702798,0.11476150955702798,0.11476150955702798,32650136.85868843
2026-05-22 07:00:00+00:00,0.11390065285184336,0.11390065285184336,0.11390065285184336,0.11390065285184336,32076648.095169142
2026-05-22 08:00:00+00:00,0.11471077026376067,0.11471077026376067,0.11471077026376067,0.11471077026376067,32182564.532765545
2026-05-22 09:00:00+00:00,0.1154684760857205,0.1154684760857205,0.1154684760857205,0.1154684760857205,32332064.064786293
2026-05-22 10:00:00+00:00,0.11705954823229367,0.11705954823229367,0.11705954823229367,0.11705954823229367,32821158.15863668
2026-05-22 11:00:00+00:00,0.11796892921362848,0.11796892921362848,0.11796892921362848,0.11796892921362848,33080842.9965911
2026-05-22 12:00:00+00:00,0.1177277346477644,0.1177277346477644,0.1177277346477644,0.1177277346477644,33591471.524257265
2026-05-22 13:00:00+00:00,0.11947008055067578,0.11947008055067578,0.11947008055067578,0.11947008055067578,35628228.563385695
2026-05-22 14:00:00+00:00,0.11724969310108489,0.11724969310108489,0.11724969310108489,0.11724969310108489,37433712.73082338
2026-05-22 15:00:00+00:00,0.11657708589849518,0.11657708589849518,0.11657708589849518,0.11657708589849518,38208847.19217939
2026-05-22 16:00:00+00:00,0.11674392100913566,0.11674392100913566,0.11674392100913566,0.11674392100913566,37554359.21513447
2026-05-22 17:00:00+00:00,0.11714393680931566,0.11714393680931566,0.11714393680931566,0.11714393680931566,37729373.191084266
2026-05-22 18:00:00+00:00,0.11623374858310166,0.11623374858310166,0.11623374858310166,0.11623374858310166,36321079.80407225
2026-05-22 19:00:00+00:00,0.11518488717207678,0.11518488717207678,0.11518488717207678,0.11518488717207678,36592920.01138211
2026-05-22 20:00:00+00:00,0.11333034786095579,0.11333034786095579,0.11333034786095579,0.11333034786095579,38227666.463651806
2026-05-22 21:00:00+00:00,0.11382171442677189,0.11382171442677189,0.11382171442677189,0.11382171442677189,38940813.36604612
2026-05-22 22:00:00+00:00,0.11379312666326304,0.11379312666326304,0.11379312666326304,0.11379312666326304,38567855.34029505
2026-05-22 23:00:00+00:00,0.11289671579687678,0.11289671579687678,0.11289671579687678,0.11289671579687678,38364743.17810043
2026-05-23 00:00:00+00:00,0.11164801485162124,0.11164801485162124,0.11164801485162124,0.11164801485162124,39387609.8052338
2026-05-23 01:00:00+00:00,0.1123502297208073,0.1123502297208073,0.1123502297208073,0.1123502297208073,39984622.54099879
2026-05-23 02:00:00+00:00,0.11217570164596137,0.11217570164596137,0.11217570164596137,0.11217570164596137,39016221.106807455
2026-05-23 03:00:00+00:00,0.11213258637523679,0.11213258637523679,0.11213258637523679,0.11213258637523679,39075353.25785916
2026-05-23 04:00:00+00:00,0.11204584211896947,0.11204584211896947,0.11204584211896947,0.11204584211896947,39016134.23725779
2026-05-23 05:00:00+00:00,0.11122990186495602,0.11122990186495602,0.11122990186495602,0.11122990186495602,38951959.15170321
2026-05-23 06:00:00+00:00,0.11112743059484713,0.11112743059484713,0.11112743059484713,0.11112743059484713,39170739.27128468
2026-05-23 07:00:00+00:00,0.11117282690347641,0.11117282690347641,0.11117282690347641,0.11117282690347641,39030856.28720842
2026-05-23 08:00:00+00:00,0.10930440746244767,0.10930440746244767,0.10930440746244767,0.10930440746244767,39890965.13652738
2026-05-23 09:00:00+00:00,0.10976735357847614,0.10976735357847614,0.10976735357847614,0.10976735357847614,40456766.9750199
2026-05-23 10:00:00+00:00,0.10964538123695629,0.10964538123695629,0.10964538123695629,0.10964538123695629,39540915.48015865
2026-05-23 11:00:00+00:00,0.11028840955584909,0.11028840955584909,0.11028840955584909,0.11028840955584909,38977768.43074633
2026-05-23 12:00:00+00:00,0.10991712812447252,0.10991712812447252,0.10991712812447252,0.10991712812447252,37353332.871100485
2026-05-23 13:00:00+00:00,0.11067173426327463,0.11067173426327463,0.11067173426327463,0.11067173426327463,35716041.31363572
2026-05-23 14:00:00+00:00,0.111471694809882,0.111471694809882,0.111471694809882,0.111471694809882,33316430.559283566
2026-05-23 15:00:00+00:00,0.1124776043069935,0.1124776043069935,0.1124776043069935,0.1124776043069935,32317617.352927145
2026-05-23 16:00:00+00:00,0.11282314506181501,0.11282314506181501,0.11282314506181501,0.11282314506181501,32312985.468467508
2026-05-23 17:00:00+00:00,0.112927182622824,0.112927182622824,0.112927182622824,0.112927182622824,32133398.360393614
2026-05-23 18:00:00+00:00,0.1130917539540108,0.1130917539540108,0.1130917539540108,0.1130917539540108,32384955.524049073
2026-05-23 19:00:00+00:00,0.11392287156468678,0.11392287156468678,0.11392287156468678,0.11392287156468678,32267136.571771223
2026-05-23 20:00:00+00:00,0.11328817152754961,0.11328817152754961,0.11328817152754961,0.11328817152754961,29505346.89427052
2026-05-23 21:00:00+00:00,0.11635261649791774,0.11635261649791774,0.11635261649791774,0.11635261649791774,30727716.74939455
2026-05-23 22:00:00+00:00,0.1156362126360289,0.1156362126360289,0.1156362126360289,0.1156362126360289,31614507.06085536
2026-05-23 23:00:00+00:00,0.11451826393841946,0.11451826393841946,0.11451826393841946,0.11451826393841946,31834882.12416394
2026-05-24 00:00:00+00:00,0.11470673157315048,0.11470673157315048,0.11470673157315048,0.11470673157315048,30503990.633209366
2026-05-24 01:00:00+00:00,0.11401016915771059,0.11401016915771059,0.11401016915771059,0.11401016915771059,30001644.874674138
2026-05-24 02:00:00+00:00,0.11356604952498872,0.11356604952498872,0.11356604952498872,0.11356604952498872,29842859.760251224
2026-05-24 03:00:00+00:00,0.11367832556457474,0.11367832556457474,0.11367832556457474,0.11367832556457474,29862701.582041994
2026-05-24 04:00:00+00:00,0.1133355884672657,0.1133355884672657,0.1133355884672657,0.1133355884672657,29711610.553176485
2026-05-24 05:00:00+00:00,0.11328976008602289,0.11328976008602289,0.11328976008602289,0.11328976008602289,29338467.539291352
2026-05-24 06:00:00+00:00,0.11297483615468173,0.11297483615468173,0.11297483615468173,0.11297483615468173,29280660.826947007
2026-05-24 07:00:00+00:00,0.1132127405700351,0.1132127405700351,0.1132127405700351,0.1132127405700351,29035479.45494284
2026-05-24 08:00:00+00:00,0.11283654486061179,0.11283654486061179,0.11283654486061179,0.11283654486061179,27438114.17830479
2026-05-24 09:00:00+00:00,0.11319656229561288,0.11319656229561288,0.11319656229561288,0.11319656229561288,26479917.255599346
2026-05-24 10:00:00+00:00,0.11328204593156513,0.11328204593156513,0.11328204593156513,0.11328204593156513,26549435.885395586
2026-05-24 11:00:00+00:00,0.11269815891592064,0.11269815891592064,0.11269815891592064,0.11269815891592064,26764363.500687003
2026-05-24 12:00:00+00:00,0.11309533472521915,0.11309533472521915,0.11309533472521915,0.11309533472521915,26950965.716736607
2026-05-24 13:00:00+00:00,0.11301476068093938,0.11301476068093938,0.11301476068093938,0.11301476068093938,26878151.173141968
2026-05-24 14:00:00+00:00,0.11210842468877312,0.11210842468877312,0.11210842468877312,0.11210842468877312,26534725.376061514
2026-05-24 15:00:00+00:00,0.11224443198024703,0.11224443198024703,0.11224443198024703,0.11224443198024703,26900460.28885987
2026-05-24 16:00:00+00:00,0.11200576366472247,0.11200576366472247,0.11200576366472247,0.11200576366472247,26465022.43203689
2026-05-24 17:00:00+00:00,0.11235698575577967,0.11235698575577967,0.11235698575577967,0.11235698575577967,26353884.799860302
2026-05-24 18:00:00+00:00,0.11232834811329077,0.11232834811329077,0.11232834811329077,0.11232834811329077,25686371.43762066
2026-05-24 19:00:00+00:00,0.11159087180704456,0.11159087180704456,0.11159087180704456,0.11159087180704456,24666378.59912903
2026-05-24 20:00:00+00:00,0.11162486435837277,0.11162486435837277,0.11162486435837277,0.11162486435837277,24406793.69922637
2026-05-24 21:00:00+00:00,0.11110378545448618,0.11110378545448618,0.11110378545448618,0.11110378545448618,22855871.340133235
2026-05-24 22:00:00+00:00,0.11006227633104668,0.11006227633104668,0.11006227633104668,0.11006227633104668,22154790.451946083
2026-05-24 23:00:00+00:00,0.11110613346901761,0.11110613346901761,0.11110613346901761,0.11110613346901761,22517352.35462044
2026-05-25 00:00:00+00:00,0.11167532350820812,0.11167532350820812,0.11167532350820812,0.11167532350820812,22491941.495961346
2026-05-25 01:00:00+00:00,0.11246629821988302,0.11246629821988302,0.11246629821988302,0.11246629821988302,22837345.094209004
2026-05-25 02:00:00+00:00,0.11169861882720591,0.11169861882720591,0.11169861882720591,0.11169861882720591,22606835.634316314
2026-05-25 03:00:00+00:00,0.11174578002025977,0.11174578002025977,0.11174578002025977,0.11174578002025977,22402418.095647715
2026-05-25 04:00:00+00:00,0.11169207182341613,0.11169207182341613,0.11169207182341613,0.11169207182341613,22280532.518524334
2026-05-25 05:00:00+00:00,0.11299865726684019,0.11299865726684019,0.11299865726684019,0.11299865726684019,22538074.980189383
2026-05-25 06:00:00+00:00,0.11410814103997852,0.11410814103997852,0.11410814103997852,0.11410814103997852,23306245.569792226
2026-05-25 07:00:00+00:00,0.11548259481742652,0.11548259481742652,0.11548259481742652,0.11548259481742652,24726340.723287515
2026-05-25 08:00:00+00:00,0.11593901771076735,0.11593901771076735,0.11593901771076735,0.11593901771076735,26370947.804420654
2026-05-25 09:00:00+00:00,0.11489729490083773,0.11489729490083773,0.11489729490083773,0.11489729490083773,26831649.328588232
2026-05-25 10:00:00+00:00,0.11439948084298142,0.11439948084298142,0.11439948084298142,0.11439948084298142,27095882.49942601
2026-05-25 11:00:00+00:00,0.11445378865059326,0.11445378865059326,0.11445378865059326,0.11445378865059326,26519286.89091108
2026-05-25 12:00:00+00:00,0.11376943600854496,0.11376943600854496,0.11376943600854496,0.11376943600854496,26631083.47673667
2026-05-25 13:00:00+00:00,0.11423072070259048,0.11423072070259048,0.11423072070259048,0.11423072070259048,27100896.722521488
2026-05-25 14:00:00+00:00,0.11397088424962219,0.11397088424962219,0.11397088424962219,0.11397088424962219,27082039.780173633
2026-05-25 15:00:00+00:00,0.11436887129924644,0.11436887129924644,0.11436887129924644,0.11436887129924644,26880010.927220408
2026-05-25 16:00:00+00:00,0.11381956990193011,0.11381956990193011,0.11381956990193011,0.11381956990193011,26922944.28955928
2026-05-25 17:00:00+00:00,0.11362550310270975,0.11362550310270975,0.11362550310270975,0.11362550310270975,27042918.06446552
2026-05-25 18:00:00+00:00,0.1137165436669823,0.1137165436669823,0.1137165436669823,0.1137165436669823,27241554.859220106
2026-05-25 19:00:00+00:00,0.11369897098047743,0.11369897098047743,0.11369897098047743,0.11369897098047743,27365132.00479889
2026-05-25 20:00:00+00:00,0.11361601059174907,0.11361601059174907,0.11361601059174907,0.11361601059174907,27461374.080039084
2026-05-25 21:00:00+00:00,0.1129690929618841,0.1129690929618841,0.1129690929618841,0.1129690929618841,27355791.177778427
2026-05-25 22:00:00+00:00,0.11304415502244759,0.11304415502244759,0.11304415502244759,0.11304415502244759,29421298.255103897
2026-05-25 23:00:00+00:00,0.1119503655178028,0.1119503655178028,0.1119503655178028,0.1119503655178028,28887775.064234022
2026-05-26 00:00:00+00:00,0.11255116856337799,0.11255116856337799,0.11255116856337799,0.11255116856337799,29324260.854248554
2026-05-26 01:00:00+00:00,0.11173302083627278,0.11173302083627278,0.11173302083627278,0.11173302083627278,29632494.62091026
2026-05-26 02:00:00+00:00,0.11089867892095455,0.11089867892095455,0.11089867892095455,0.11089867892095455,30085860.224495243
2026-05-26 03:00:00+00:00,0.11106086614608875,0.11106086614608875,0.11106086614608875,0.11106086614608875,30200334.080930546
2026-05-26 04:00:00+00:00,0.11124191894368662,0.11124191894368662,0.11124191894368662,0.11124191894368662,30285721.65333083
2026-05-26 05:00:00+00:00,0.1117439842814703,0.1117439842814703,0.1117439842814703,0.1117439842814703,30417731.57877197
2026-05-26 06:00:00+00:00,0.11198917051473442,0.11198917051473442,0.11198917051473442,0.11198917051473442,29744777.906511605
2026-05-26 07:00:00+00:00,0.111854417378554,0.111854417378554,0.111854417378554,0.111854417378554,28868307.64674003
2026-05-26 08:00:00+00:00,0.11198227184199604,0.11198227184199604,0.11198227184199604,0.11198227184199604,27687190.941868175
2026-05-26 09:00:00+00:00,0.11200270620539332,0.11200270620539332,0.11200270620539332,0.11200270620539332,27067610.304897323
2026-05-26 10:00:00+00:00,0.1119155803599997,0.1119155803599997,0.1119155803599997,0.1119155803599997,26905179.339633223
2026-05-26 11:00:00+00:00,0.11355166128617036,0.11355166128617036,0.11355166128617036,0.11355166128617036,27800121.06940798
2026-05-26 12:00:00+00:00,0.11311591455270881,0.11311591455270881,0.11311591455270881,0.11311591455270881,27678579.8629351
2026-05-26 13:00:00+00:00,0.11264463652780865,0.11264463652780865,0.11264463652780865,0.11264463652780865,27745046.44187798
2026-05-26 14:00:00+00:00,0.11251832078456447,0.11251832078456447,0.11251832078456447,0.11251832078456447,27845443.445986185
2026-05-26 15:00:00+00:00,0.11230465032217658,0.11230465032217658,0.11230465032217658,0.11230465032217658,28257656.131242093
2026-05-26 16:00:00+00:00,0.11072026496244189,0.11072026496244189,0.11072026496244189,0.11072026496244189,28657337.13455423
2026-05-26 17:00:00+00:00,0.10997167119276541,0.10997167119276541,0.10997167119276541,0.10997167119276541,29121087.02504512
2026-05-26 18:00:00+00:00,0.10861987254761547,0.10861987254761547,0.10861987254761547,0.10861987254761547,29702388.014225204
2026-05-26 19:00:00+00:00,0.1085278221166891,0.1085278221166891,0.1085278221166891,0.1085278221166891,30067266.035448022
2026-05-26 20:00:00+00:00,0.10899967786899278,0.10899967786899278,0.10899967786899278,0.10899967786899278,30348217.450423
2026-05-26 21:00:00+00:00,0.10899332592045023,0.10899332592045023,0.10899332592045023,0.10899332592045023,30128670.864627533
2026-05-26 22:00:00+00:00,0.10868614770249,0.10868614770249,0.10868614770249,0.10868614770249,27562919.692739215
2026-05-26 23:00:00+00:00,0.10835897427956029,0.10835897427956029,0.10835897427956029,0.10835897427956029,27047559.162051857
2026-05-27 00:00:00+00:00,0.10845136644751792,0.10845136644751792,0.10845136644751792,0.10845136644751792,26683545.817261
2026-05-27 01:00:00+00:00,0.10954370220434201,0.10954370220434201,0.10954370220434201,0.10954370220434201,26218471.755163077
2026-05-27 02:00:00+00:00,0.10880916516327566,0.10880916516327566,0.10880916516327566,0.10880916516327566,25337664.224404573
2026-05-27 03:00:00+00:00,0.10898191646621798,0.10898191646621798,0.10898191646621798,0.10898191646621798,25238900.32561961
2026-05-27 04:00:00+00:00,0.1083818473371434,0.1083818473371434,0.1083818473371434,0.1083818473371434,25343533.53942065
2026-05-27 05:00:00+00:00,0.1080527807645738,0.1080527807645738,0.1080527807645738,0.1080527807645738,26209774.851781003
2026-05-27 06:00:00+00:00,0.10878100804137296,0.10878100804137296,0.10878100804137296,0.10878100804137296,26184912.912595917
2026-05-27 07:00:00+00:00,0.10915616396263045,0.10915616396263045,0.10915616396263045,0.10915616396263045,26072882.283487625
2026-05-27 08:00:00+00:00,0.10905684512713831,0.10905684512713831,0.10905684512713831,0.10905684512713831,25976297.721280612
2026-05-27 09:00:00+00:00,0.10845861903833828,0.10845861903833828,0.10845861903833828,0.10845861903833828,25954359.13289393
2026-05-27 10:00:00+00:00,0.10797367788287862,0.10797367788287862,0.10797367788287862,0.10797367788287862,25872062.540987104
2026-05-27 11:00:00+00:00,0.10834581647804786,0.10834581647804786,0.10834581647804786,0.10834581647804786,25715477.184140883
2026-05-27 12:00:00+00:00,0.10810371144081518,0.10810371144081518,0.10810371144081518,0.10810371144081518,25332600.9223892
2026-05-27 13:00:00+00:00,0.10827052893147149,0.10827052893147149,0.10827052893147149,0.10827052893147149,25831109.953670006
2026-05-27 14:00:00+00:00,0.10784718682515805,0.10784718682515805,0.10784718682515805,0.10784718682515805,26330133.957642797
2026-05-27 15:00:00+00:00,0.10737711187557793,0.10737711187557793,0.10737711187557793,0.10737711187557793,26383072.500798445
2026-05-27 16:00:00+00:00,0.107502065300533,0.107502065300533,0.107502065300533,0.107502065300533,26435116.176436417
2026-05-27 17:00:00+00:00,0.10748164676947479,0.10748164676947479,0.10748164676947479,0.10748164676947479,25803793.509387165
2026-05-27 18:00:00+00:00,0.10620844971835873,0.10620844971835873,0.10620844971835873,0.10620844971835873,25196228.310430415
2026-05-27 19:00:00+00:00,0.10702079913414271,0.10702079913414271,0.10702079913414271,0.10702079913414271,25019160.009413313
2026-05-27 20:00:00+00:00,0.10713522957675993,0.10713522957675993,0.10713522957675993,0.10713522957675993,25175626.906417374
2026-05-27 21:00:00+00:00,0.10785159511241184,0.10785159511241184,0.10785159511241184,0.10785159511241184,25798394.83320043
2026-05-27 22:00:00+00:00,0.10609866370886288,0.10609866370886288,0.10609866370886288,0.10609866370886288,26130752.975220382
2026-05-27 23:00:00+00:00,0.1058617933765323,0.1058617933765323,0.1058617933765323,0.1058617933765323,26726798.667239178
2026-05-28 00:00:00+00:00,0.10627888471064613,0.10627888471064613,0.10627888471064613,0.10627888471064613,27169245.42137807
2026-05-28 01:00:00+00:00,0.10629239790197165,0.10629239790197165,0.10629239790197165,0.10629239790197165,28303639.62861741
2026-05-28 02:00:00+00:00,0.10601310819388012,0.10601310819388012,0.10601310819388012,0.10601310819388012,29698966.220657866
2026-05-28 03:00:00+00:00,0.10681310161268946,0.10681310161268946,0.10681310161268946,0.10681310161268946,30383613.62410036
2026-05-28 04:00:00+00:00,0.10410663100130722,0.10410663100130722,0.10410663100130722,0.10410663100130722,32143400.06078384
2026-05-28 05:00:00+00:00,0.10432202847240604,0.10432202847240604,0.10432202847240604,0.10432202847240604,33120609.932416804
2026-05-28 06:00:00+00:00,0.10349118313208028,0.10349118313208028,0.10349118313208028,0.10349118313208028,33542493.47698966
2026-05-28 07:00:00+00:00,0.10427945452474888,0.10427945452474888,0.10427945452474888,0.10427945452474888,35233404.54577086
2026-05-28 08:00:00+00:00,0.10517663635378867,0.10517663635378867,0.10517663635378867,0.10517663635378867,36380480.55700339
2026-05-28 09:00:00+00:00,0.10442194603584594,0.10442194603584594,0.10442194603584594,0.10442194603584594,36008092.14987975
2026-05-28 10:00:00+00:00,0.10544910842699773,0.10544910842699773,0.10544910842699773,0.10544910842699773,36610406.61764077
2026-05-28 11:00:00+00:00,0.1047764509578558,0.1047764509578558,0.1047764509578558,0.1047764509578558,36521854.048293486
2026-05-28 12:00:00+00:00,0.10533077745919596,0.10533077745919596,0.10533077745919596,0.10533077745919596,36914287.14578053
2026-05-28 13:00:00+00:00,0.10615262429994331,0.10615262429994331,0.10615262429994331,0.10615262429994331,37608712.573142946
2026-05-28 14:00:00+00:00,0.10511604511260407,0.10511604511260407,0.10511604511260407,0.10511604511260407,38278109.45933879
2026-05-28 15:00:00+00:00,0.10469892385848714,0.10469892385848714,0.10469892385848714,0.10469892385848714,39912340.21587097
2026-05-28 16:00:00+00:00,0.10405615136025458,0.10405615136025458,0.10405615136025458,0.10405615136025458,39809567.49915324
2026-05-28 17:00:00+00:00,0.10623763478146675,0.10623763478146675,0.10623763478146675,0.10623763478146675,41192166.722451545
2026-05-28 18:00:00+00:00,0.10918884618799204,0.10918884618799204,0.10918884618799204,0.10918884618799204,44295986.853016816
2026-05-28 19:00:00+00:00,0.10994893159623115,0.10994893159623115,0.10994893159623115,0.10994893159623115,46324921.45332527
2026-05-28 20:00:00+00:00,0.10959465309408176,0.10959465309408176,0.10959465309408176,0.10959465309408176,47438904.58356353
2026-05-28 21:00:00+00:00,0.11007887868147663,0.11007887868147663,0.11007887868147663,0.11007887868147663,48565776.78015705
2026-05-28 22:00:00+00:00,0.11066861599813586,0.11066861599813586,0.11066861599813586,0.11066861599813586,48710924.70411746
2026-05-28 23:00:00+00:00,0.11299789440441817,0.11299789440441817,0.11299789440441817,0.11299789440441817,51819685.5693408
2026-05-29 00:00:00+00:00,0.11556818701272595,0.11556818701272595,0.11556818701272595,0.11556818701272595,42768016.27337153
2026-05-29 01:00:00+00:00,0.1161761674770291,0.1161761674770291,0.1161761674770291,0.1161761674770291,61897778.83481772
2026-05-29 02:00:00+00:00,0.11366928490179824,0.11366928490179824,0.11366928490179824,0.11366928490179824,65702239.95212793
2026-05-29 03:00:00+00:00,0.11367474112922647,0.11367474112922647,0.11367474112922647,0.11367474112922647,66880719.04462044
2026-05-29 04:00:00+00:00,0.11575484304561663,0.11575484304561663,0.11575484304561663,0.11575484304561663,55514571.19920385
2026-05-29 05:00:00+00:00,0.11630662189087239,0.11630662189087239,0.11630662189087239,0.11630662189087239,55253022.798403434
2026-05-29 06:00:00+00:00,0.11625344238014625,0.11625344238014625,0.11625344238014625,0.11625344238014625,61078677.05656119
2026-05-29 07:00:00+00:00,0.11707275283467289,0.11707275283467289,0.11707275283467289,0.11707275283467289,74267762.1239979
2026-05-29 08:00:00+00:00,0.11659706732477546,0.11659706732477546,0.11659706732477546,0.11659706732477546,63061925.25685722
2026-05-29 09:00:00+00:00,0.11889545450512928,0.11889545450512928,0.11889545450512928,0.11889545450512928,69382210.83947375
2026-05-29 10:00:00+00:00,0.1185713967006294,0.1185713967006294,0.1185713967006294,0.1185713967006294,67981253.94316983
2026-05-29 11:00:00+00:00,0.11778400543133904,0.11778400543133904,0.11778400543133904,0.11778400543133904,86080429.10818636
2026-05-29 12:00:00+00:00,0.11484207648906998,0.11484207648906998,0.11484207648906998,0.11484207648906998,83932840.88954481
2026-05-29 13:00:00+00:00,0.11356004292491702,0.11356004292491702,0.11356004292491702,0.11356004292491702,72156443.42638893
2026-05-29 14:00:00+00:00,0.11353413153610332,0.11353413153610332,0.11353413153610332,0.11353413153610332,68776538.22443672
2026-05-29 15:00:00+00:00,0.11241260272257711,0.11241260272257711,0.11241260272257711,0.11241260272257711,83622105.0180008
2026-05-29 16:00:00+00:00,0.11640658085396695,0.11640658085396695,0.11640658085396695,0.11640658085396695,76808831.67034931
2026-05-29 17:00:00+00:00,0.11697669091067468,0.11697669091067468,0.11697669091067468,0.11697669091067468,74649392.47075436
2026-05-29 18:00:00+00:00,0.11752617022236089,0.11752617022236089,0.11752617022236089,0.11752617022236089,91380329.571849
2026-05-29 19:00:00+00:00,0.11807796546289749,0.11807796546289749,0.11807796546289749,0.11807796546289749,87851505.53307968
2026-05-29 20:00:00+00:00,0.11795901669490677,0.11795901669490677,0.11795901669490677,0.11795901669490677,79611668.7632267
2026-05-29 21:00:00+00:00,0.11859771376879996,0.11859771376879996,0.11859771376879996,0.11859771376879996,93596825.48866802
2026-05-29 22:00:00+00:00,0.11776296350806957,0.11776296350806957,0.11776296350806957,0.11776296350806957,94822964.62683284
2026-05-29 23:00:00+00:00,0.12051408486582403,0.12051408486582403,0.12051408486582403,0.12051408486582403,79437301.32564159
2026-05-30 00:00:00+00:00,0.12285579063892728,0.12285579063892728,0.12285579063892728,0.12285579063892728,101856988.57810017
2026-05-30 01:00:00+00:00,0.12729551673221962,0.12729551673221962,0.12729551673221962,0.12729551673221962,81193443.4388487
2026-05-30 02:00:00+00:00,0.13466336116720967,0.13466336116720967,0.13466336116720967,0.13466336116720967,100046119.84620006
2026-05-30 03:00:00+00:00,0.13263265717639686,0.13263265717639686,0.13263265717639686,0.13263265717639686,104332365.19399592
2026-05-30 04:00:00+00:00,0.13332464281181444,0.13332464281181444,0.13332464281181444,0.13332464281181444,124179539.7995878
2026-05-30 05:00:00+00:00,0.13020500003872426,0.13020500003872426,0.13020500003872426,0.13020500003872426,110608751.09979147
2026-05-30 06:00:00+00:00,0.12912248038947258,0.12912248038947258,0.12912248038947258,0.12912248038947258,132785552.76380637
2026-05-30 07:00:00+00:00,0.1275760631065445,0.1275760631065445,0.1275760631065445,0.1275760631065445,110938889.92635518
2026-05-30 08:00:00+00:00,0.127065710623186,0.127065710623186,0.127065710623186,0.127065710623186,125665503.95676847
2026-05-30 09:00:00+00:00,0.12591368708190395,0.12591368708190395,0.12591368708190395,0.12591368708190395,124966707.0109842
2026-05-30 10:00:00+00:00,0.13023696663546785,0.13023696663546785,0.13023696663546785,0.13023696663546785,112212573.27011187
2026-05-30 11:00:00+00:00,0.1264930686181258,0.1264930686181258,0.1264930686181258,0.1264930686181258,120722566.04928282
2026-05-30 12:00:00+00:00,0.12648237652439975,0.12648237652439975,0.12648237652439975,0.12648237652439975,108931520.59718661
2026-05-30 13:00:00+00:00,0.12641165652935113,0.12641165652935113,0.12641165652935113,0.12641165652935113,121883650.45279339
2026-05-30 14:00:00+00:00,0.1289926195886361,0.1289926195886361,0.1289926195886361,0.1289926195886361,107510876.76453088
2026-05-30 15:00:00+00:00,0.12915333687832656,0.12915333687832656,0.12915333687832656,0.12915333687832656,120747045.76223424
2026-05-30 16:00:00+00:00,0.12880609203980586,0.12880609203980586,0.12880609203980586,0.12880609203980586,126173941.55439489
2026-05-30 17:00:00+00:00,0.13050779676018068,0.13050779676018068,0.13050779676018068,0.13050779676018068,107893073.434801
2026-05-30 18:00:00+00:00,0.13012525700107272,0.13012525700107272,0.13012525700107272,0.13012525700107272,135409426.72015178
2026-05-30 19:00:00+00:00,0.12799488951279334,0.12799488951279334,0.12799488951279334,0.12799488951279334,108895027.51045868
2026-05-30 20:00:00+00:00,0.12768901250483694,0.12768901250483694,0.12768901250483694,0.12768901250483694,107209675.94327497
2026-05-30 21:00:00+00:00,0.12754369905804203,0.12754369905804203,0.12754369905804203,0.12754369905804203,130179052.47544792
2026-05-30 22:00:00+00:00,0.1260126455195099,0.1260126455195099,0.1260126455195099,0.1260126455195099,103729848.20942399
2026-05-30 23:00:00+00:00,0.12481324911061605,0.12481324911061605,0.12481324911061605,0.12481324911061605,119434829.98914026
2026-05-31 00:00:00+00:00,0.12441874863696421,0.12441874863696421,0.12441874863696421,0.12441874863696421,112864898.11803193
2026-05-31 01:00:00+00:00,0.1238727770832187,0.1238727770832187,0.1238727770832187,0.1238727770832187,108383116.00337549
2026-05-31 02:00:00+00:00,0.12358706015502177,0.12358706015502177,0.12358706015502177,0.12358706015502177,94770498.59405613
2026-05-31 03:00:00+00:00,0.12719610758363814,0.12719610758363814,0.12719610758363814,0.12719610758363814,86796701.78927158
2026-05-31 04:00:00+00:00,0.12747828610558773,0.12747828610558773,0.12747828610558773,0.12747828610558773,79545215.03244852
2026-05-31 05:00:00+00:00,0.12746259359941384,0.12746259359941384,0.12746259359941384,0.12746259359941384,73043001.25218086
2026-05-31 06:00:00+00:00,0.12774100482019551,0.12774100482019551,0.12774100482019551,0.12774100482019551,81302513.69320022
2026-05-31 07:00:00+00:00,0.12790726115786086,0.12790726115786086,0.12790726115786086,0.12790726115786086,82558285.42423238
2026-05-31 08:00:00+00:00,0.12693898143543073,0.12693898143543073,0.12693898143543073,0.12693898143543073,75758663.35962456
2026-05-31 09:00:00+00:00,0.12774427753988601,0.12774427753988601,0.12774427753988601,0.12774427753988601,74521946.45517641
2026-05-31 10:00:00+00:00,0.12798961760418714,0.12798961760418714,0.12798961760418714,0.12798961760418714,71869733.41557404
2026-05-31 11:00:00+00:00,0.1296118332562823,0.1296118332562823,0.1296118332562823,0.1296118332562823,69004932.42418152
2026-05-31 12:00:00+00:00,0.13221260131783977,0.13221260131783977,0.13221260131783977,0.13221260131783977,71993624.91362111
2026-05-31 13:00:00+00:00,0.1312513384992829,0.1312513384992829,0.1312513384992829,0.1312513384992829,74968853.42337206
2026-05-31 14:00:00+00:00,0.1305313608222925,0.1305313608222925,0.1305313608222925,0.1305313608222925,70883483.28689085
2026-05-31 15:00:00+00:00,0.12803486145753323,0.12803486145753323,0.12803486145753323,0.12803486145753323,72761428.07460785
2026-05-31 16:00:00+00:00,0.1268264493814051,0.1268264493814051,0.1268264493814051,0.1268264493814051,64339741.089478955
2026-05-31 17:00:00+00:00,0.12597638084745522,0.12597638084745522,0.12597638084745522,0.12597638084745522,59485269.70761412
2026-05-31 18:00:00+00:00,0.12570442664994164,0.12570442664994164,0.12570442664994164,0.12570442664994164,60890837.181448914
2026-05-31 19:00:00+00:00,0.1255382095029298,0.1255382095029298,0.1255382095029298,0.1255382095029298,56196912.900122866
2026-05-31 20:00:00+00:00,0.12554101035010926,0.12554101035010926,0.12554101035010926,0.12554101035010926,59595011.7308358
2026-05-31 21:00:00+00:00,0.12755280113333192,0.12755280113333192,0.12755280113333192,0.12755280113333192,56404721.29561636
2026-05-31 22:00:00+00:00,0.1280586216626077,0.1280586216626077,0.1280586216626077,0.1280586216626077,63456880.56882884
2026-05-31 23:00:00+00:00,0.12908500826316976,0.12908500826316976,0.12908500826316976,0.12908500826316976,63457152.01826022
2026-06-01 00:00:00+00:00,0.12748487049548496,0.12748487049548496,0.12748487049548496,0.12748487049548496,58100096.53428273
2026-06-01 01:00:00+00:00,0.12640411178906136,0.12640411178906136,0.12640411178906136,0.12640411178906136,55709454.00261036
2026-06-01 02:00:00+00:00,0.12406601209016913,0.12406601209016913,0.12406601209016913,0.12406601209016913,58846944.83952871
2026-06-01 03:00:00+00:00,0.1253249726860458,0.1253249726860458,0.1253249726860458,0.1253249726860458,53351802.27513053
2026-06-01 04:00:00+00:00,0.12591539002886273,0.12591539002886273,0.12591539002886273,0.12591539002886273,55780456.98451301
2026-06-01 05:00:00+00:00,0.1235806424658979,0.1235806424658979,0.1235806424658979,0.1235806424658979,57561994.48791343
2026-06-01 06:00:00+00:00,0.1222919690259333,0.1222919690259333,0.1222919690259333,0.1222919690259333,56453937.5185456
2026-06-01 07:00:00+00:00,0.12156901636308104,0.12156901636308104,0.12156901636308104,0.12156901636308104,56951177.91650902
2026-06-01 08:00:00+00:00,0.12040911418231448,0.12040911418231448,0.12040911418231448,0.12040911418231448,51343590.82410486
2026-06-01 09:00:00+00:00,0.1200071800796017,0.1200071800796017,0.1200071800796017,0.1200071800796017,55304830.88991929
2026-06-01 10:00:00+00:00,0.12013470871491279,0.12013470871491279,0.12013470871491279,0.12013470871491279,53382473.61253226
2026-06-01 11:00:00+00:00,0.12142162417825447,0.12142162417825447,0.12142162417825447,0.12142162417825447,53827274.764848486
2026-06-01 12:00:00+00:00,0.11980482126489411,0.11980482126489411,0.11980482126489411,0.11980482126489411,50335499.21765679
2026-06-01 13:00:00+00:00,0.11858397232191427,0.11858397232191427,0.11858397232191427,0.11858397232191427,49546284.97463087
2026-06-01 14:00:00+00:00,0.11776141088254455,0.11776141088254455,0.11776141088254455,0.11776141088254455,52856881.97118028
2026-06-01 15:00:00+00:00,0.11703570975145644,0.11703570975145644,0.11703570975145644,0.11703570975145644,51322792.10358617
2026-06-01 16:00:00+00:00,0.11876169059649391,0.11876169059649391,0.11876169059649391,0.11876169059649391,52912897.25517214
2026-06-01 17:00:00+00:00,0.12105567972016108,0.12105567972016108,0.12105567972016108,0.12105567972016108,52647803.25134677
2026-06-01 18:00:00+00:00,0.12151100532171576,0.12151100532171576,0.12151100532171576,0.12151100532171576,52149399.98573312
2026-06-01 19:00:00+00:00,0.12129855476570685,0.12129855476570685,0.12129855476570685,0.12129855476570685,51009027.36620791
2026-06-01 20:00:00+00:00,0.1208868277554495,0.1208868277554495,0.1208868277554495,0.1208868277554495,50059261.45544847
2026-06-01 21:00:00+00:00,0.1209360819912775,0.1209360819912775,0.1209360819912775,0.1209360819912775,51297205.266549416
2026-06-01 22:00:00+00:00,0.11997918539910044,0.11997918539910044,0.11997918539910044,0.11997918539910044,48981879.52643759
2026-06-01 23:00:00+00:00,0.12021509785487328,0.12021509785487328,0.12021509785487328,0.12021509785487328,49559963.23465432
2026-06-02 00:00:00+00:00,0.12001858818657976,0.12001858818657976,0.12001858818657976,0.12001858818657976,50744252.60100848
2026-06-02 01:00:00+00:00,0.11941352310431251,0.11941352310431251,0.11941352310431251,0.11941352310431251,49446856.18254604
2026-06-02 02:00:00+00:00,0.11871510593293587,0.11871510593293587,0.11871510593293587,0.11871510593293587,47799357.074288756
2026-06-02 03:00:00+00:00,0.11971364327477634,0.11971364327477634,0.11971364327477634,0.11971364327477634,43292929.34754023
2026-06-02 04:00:00+00:00,0.12252475856416685,0.12252475856416685,0.12252475856416685,0.12252475856416685,48066096.414513245
2026-06-02 05:00:00+00:00,0.12149851167680191,0.12149851167680191,0.12149851167680191,0.12149851167680191,47989816.01790496
2026-06-02 06:00:00+00:00,0.11994403790845767,0.11994403790845767,0.11994403790845767,0.11994403790845767,46223245.506125
2026-06-02 07:00:00+00:00,0.11761340408497908,0.11761340408497908,0.11761340408497908,0.11761340408497908,46676511.61345643
2026-06-02 08:00:00+00:00,0.11818866785696872,0.11818866785696872,0.11818866785696872,0.11818866785696872,51596155.99172915
2026-06-02 09:00:00+00:00,0.11755371500166722,0.11755371500166722,0.11755371500166722,0.11755371500166722,50376604.01558844
2026-06-02 10:00:00+00:00,0.11738734392141047,0.11738734392141047,0.11738734392141047,0.11738734392141047,50242291.13047195
2026-06-02 11:00:00+00:00,0.1181425434654207,0.1181425434654207,0.1181425434654207,0.1181425434654207,49010706.71491889
2026-06-02 12:00:00+00:00,0.11814504889779505,0.11814504889779505,0.11814504889779505,0.11814504889779505,50352738.046367556
2026-06-02 13:00:00+00:00,0.11833778917137383,0.11833778917137383,0.11833778917137383,0.11833778917137383,47232691.12155201
2026-06-02 14:00:00+00:00,0.1191575999470162,0.1191575999470162,0.1191575999470162,0.1191575999470162,42290766.57819553
2026-06-02 15:00:00+00:00,0.11752921751012653,0.11752921751012653,0.11752921751012653,0.11752921751012653,48997169.514649376
2026-06-02 16:00:00+00:00,0.11583108349012064,0.11583108349012064,0.11583108349012064,0.11583108349012064,50012998.3004453
2026-06-02 17:00:00+00:00,0.1173075426725717,0.1173075426725717,0.1173075426725717,0.1173075426725717,49921853.609006636
2026-06-02 18:00:00+00:00,0.11811169816271914,0.11811169816271914,0.11811169816271914,0.11811169816271914,50648231.97544613
2026-06-02 19:00:00+00:00,0.11596757792805003,0.11596757792805003,0.11596757792805003,0.11596757792805003,50590009.05885117
2026-06-02 20:00:00+00:00,0.11483638462713189,0.11483638462713189,0.11483638462713189,0.11483638462713189,50207188.48832837
2026-06-02 21:00:00+00:00,0.11488854829695458,0.11488854829695458,0.11488854829695458,0.11488854829695458,52612475.15329371
2026-06-02 22:00:00+00:00,0.11459965541102166,0.11459965541102166,0.11459965541102166,0.11459965541102166,51323706.61026749
2026-06-02 23:00:00+00:00,0.11169080614251146,0.11169080614251146,0.11169080614251146,0.11169080614251146,52076828.17482177
2026-06-03 00:00:00+00:00,0.11224895363640089,0.11224895363640089,0.11224895363640089,0.11224895363640089,45908435.92054923
2026-06-03 01:00:00+00:00,0.11178967105999815,0.11178967105999815,0.11178967105999815,0.11178967105999815,45592599.23899604
2026-06-03 02:00:00+00:00,0.11162765664229664,0.11162765664229664,0.11162765664229664,0.11162765664229664,53799711.34541931
2026-06-03 03:00:00+00:00,0.11156038426815439,0.11156038426815439,0.11156038426815439,0.11156038426815439,51314928.63749443
2026-06-03 04:00:00+00:00,0.10970985782282672,0.10970985782282672,0.10970985782282672,0.10970985782282672,54462228.59313582
2026-06-03 05:00:00+00:00,0.11149041381012825,0.11149041381012825,0.11149041381012825,0.11149041381012825,54351155.62785523
2026-06-03 06:00:00+00:00,0.11291652827548707,0.11291652827548707,0.11291652827548707,0.11291652827548707,56667611.36987961
2026-06-03 07:00:00+00:00,0.11315615414555244,0.11315615414555244,0.11315615414555244,0.11315615414555244,50329302.813401304
2026-06-03 08:00:00+00:00,0.11340603221661075,0.11340603221661075,0.11340603221661075,0.11340603221661075,51461324.21714219
2026-06-03 09:00:00+00:00,0.11305152619326181,0.11305152619326181,0.11305152619326181,0.11305152619326181,52360629.32551393
2026-06-03 10:00:00+00:00,0.11212057974955043,0.11212057974955043,0.11212057974955043,0.11212057974955043,51670268.12103777
2026-06-03 11:00:00+00:00,0.11269342670394338,0.11269342670394338,0.11269342670394338,0.11269342670394338,52497905.815570466
2026-06-03 12:00:00+00:00,0.11130326391810201,0.11130326391810201,0.11130326391810201,0.11130326391810201,52778424.44232218
2026-06-03 13:00:00+00:00,0.11148309431313445,0.11148309431313445,0.11148309431313445,0.11148309431313445,51985975.165053554
2026-06-03 14:00:00+00:00,0.11124334479154414,0.11124334479154414,0.11124334479154414,0.11124334479154414,51427248.888248056
2026-06-03 15:00:00+00:00,0.11134325912256414,0.11134325912256414,0.11134325912256414,0.11134325912256414,47890788.36062539
2026-06-03 16:00:00+00:00,0.1093100080020819,0.1093100080020819,0.1093100080020819,0.1093100080020819,41528270.527716234
2026-06-03 17:00:00+00:00,0.10831889360126207,0.10831889360126207,0.10831889360126207,0.10831889360126207,47076141.376459435
2026-06-03 18:00:00+00:00,0.10885035337242945,0.10885035337242945,0.10885035337242945,0.10885035337242945,47303974.878240645
2026-06-03 19:00:00+00:00,0.10884552788258531,0.10884552788258531,0.10884552788258531,0.10884552788258531,48056867.658936284
2026-06-03 20:00:00+00:00,0.1069429303034045,0.1069429303034045,0.1069429303034045,0.1069429303034045,38370797.25714688
2026-06-03 21:00:00+00:00,0.105531723828359,0.105531723828359,0.105531723828359,0.105531723828359,47382880.00547729
2026-06-03 22:00:00+00:00,0.10825928986200702,0.10825928986200702,0.10825928986200702,0.10825928986200702,48955205.02932103
2026-06-03 23:00:00+00:00,0.1071780057440344,0.1071780057440344,0.1071780057440344,0.1071780057440344,39559511.53302943
2026-06-04 00:00:00+00:00,0.10645538173110403,0.10645538173110403,0.10645538173110403,0.10645538173110403,39030155.13000104
2026-06-04 01:00:00+00:00,0.10571423785269474,0.10571423785269474,0.10571423785269474,0.10571423785269474,49191176.51265532
2026-06-04 02:00:00+00:00,0.10332119085338999,0.10332119085338999,0.10332119085338999,0.10332119085338999,51278855.250191264
2026-06-04 03:00:00+00:00,0.10461119241235572,0.10461119241235572,0.10461119241235572,0.10461119241235572,57549215.8371341
2026-06-04 04:00:00+00:00,0.10618988685718231,0.10618988685718231,0.10618988685718231,0.10618988685718231,57543916.831863575
2026-06-04 05:00:00+00:00,0.10551704540614311,0.10551704540614311,0.10551704540614311,0.10551704540614311,57312690.5545373
2026-06-04 06:00:00+00:00,0.10408153269237169,0.10408153269237169,0.10408153269237169,0.10408153269237169,44784982.756447874
2026-06-04 07:00:00+00:00,0.10501000520820924,0.10501000520820924,0.10501000520820924,0.10501000520820924,57100966.81357722
2026-06-04 08:00:00+00:00,0.10349448613879189,0.10349448613879189,0.10349448613879189,0.10349448613879189,56952683.80404286
2026-06-04 09:00:00+00:00,0.10301696774229403,0.10301696774229403,0.10301696774229403,0.10301696774229403,56739944.64902223
2026-06-04 10:00:00+00:00,0.1014726216696004,0.1014726216696004,0.1014726216696004,0.1014726216696004,45894834.41703888
2026-06-04 11:00:00+00:00,0.10052665402092696,0.10052665402092696,0.10052665402092696,0.10052665402092696,46264312.11002035
2026-06-04 12:00:00+00:00,0.10116325039729977,0.10116325039729977,0.10116325039729977,0.10116325039729977,58886777.6627471
2026-06-04 13:00:00+00:00,0.10265031865839057,0.10265031865839057,0.10265031865839057,0.10265031865839057,60374970.15805571
2026-06-04 14:00:00+00:00,0.10579788414967604,0.10579788414967604,0.10579788414967604,0.10579788414967604,65736640.823586084
2026-06-04 15:00:00+00:00,0.10409400389488706,0.10409400389488706,0.10409400389488706,0.10409400389488706,65314062.007816866
2026-06-04 16:00:00+00:00,0.1048615984313314,0.1048615984313314,0.1048615984313314,0.1048615984313314,66127577.28382229
2026-06-04 17:00:00+00:00,0.10398137570562625,0.10398137570562625,0.10398137570562625,0.10398137570562625,63987754.90812865
2026-06-04 18:00:00+00:00,0.10288441184711838,0.10288441184711838,0.10288441184711838,0.10288441184711838,49954908.84926867
2026-06-04 19:00:00+00:00,0.1027456781396809,0.1027456781396809,0.1027456781396809,0.1027456781396809,50069156.84861017
2026-06-04 20:00:00+00:00,0.10283434935580645,0.10283434935580645,0.10283434935580645,0.10283434935580645,62014114.381271765
2026-06-04 21:00:00+00:00,0.1016096422559563,0.1016096422559563,0.1016096422559563,0.1016096422559563,59735944.594278544
2026-06-04 22:00:00+00:00,0.09976575903616813,0.09976575903616813,0.09976575903616813,0.09976575903616813,57684009.20965497
2026-06-04 23:00:00+00:00,0.10038965711570541,0.10038965711570541,0.10038965711570541,0.10038965711570541,57367219.58862899
2026-06-05 00:00:00+00:00,0.10042180619152079,0.10042180619152079,0.10042180619152079,0.10042180619152079,58052314.19981556
2026-06-05 01:00:00+00:00,0.10044532181512941,0.10044532181512941,0.10044532181512941,0.10044532181512941,56076614.198495165
2026-06-05 02:00:00+00:00,0.1004423577961893,0.1004423577961893,0.1004423577961893,0.1004423577961893,54425171.43276127
2026-06-05 03:00:00+00:00,0.09780081161701835,0.09780081161701835,0.09780081161701835,0.09780081161701835,48241076.86775546
2026-06-05 04:00:00+00:00,0.09699729791034438,0.09699729791034438,0.09699729791034438,0.09699729791034438,47717945.237501614
2026-06-05 05:00:00+00:00,0.09953033090850755,0.09953033090850755,0.09953033090850755,0.09953033090850755,40723303.932334475
2026-06-05 06:00:00+00:00,0.09704036124186959,0.09704036124186959,0.09704036124186959,0.09704036124186959,39721885.99385075
2026-06-05 07:00:00+00:00,0.09441827779471017,0.09441827779471017,0.09441827779471017,0.09441827779471017,43003844.07387173
2026-06-05 08:00:00+00:00,0.09552159779979703,0.09552159779979703,0.09552159779979703,0.09552159779979703,53264211.42961625
2026-06-05 09:00:00+00:00,0.09373447557159185,0.09373447557159185,0.09373447557159185,0.09373447557159185,44150107.42415579
2026-06-05 10:00:00+00:00,0.09418037456045322,0.09418037456045322,0.09418037456045322,0.09418037456045322,43601772.269223526
2026-06-05 11:00:00+00:00,0.09350169303704552,0.09350169303704552,0.09350169303704552,0.09350169303704552,43541749.03280881
2026-06-05 12:00:00+00:00,0.09239562136008048,0.09239562136008048,0.09239562136008048,0.09239562136008048,51092154.86130038
2026-06-05 13:00:00+00:00,0.0919875243594523,0.0919875243594523,0.0919875243594523,0.0919875243594523,43291879.825509675
2026-06-05 14:00:00+00:00,0.09004952441710615,0.09004952441710615,0.09004952441710615,0.09004952441710615,45755589.86724873
2026-06-05 15:00:00+00:00,0.0917385341539104,0.0917385341539104,0.0917385341539104,0.0917385341539104,51829710.63744914
2026-06-05 16:00:00+00:00,0.09008167953595034,0.09008167953595034,0.09008167953595034,0.09008167953595034,53028481.83117164
2026-06-05 17:00:00+00:00,0.0923914230289133,0.0923914230289133,0.0923914230289133,0.0923914230289133,48555044.83901181
2026-06-05 18:00:00+00:00,0.0926550911080198,0.0926550911080198,0.0926550911080198,0.0926550911080198,60453989.6937914
2026-06-05 19:00:00+00:00,0.08982904974299181,0.08982904974299181,0.08982904974299181,0.08982904974299181,63520675.66304539
2026-06-05 20:00:00+00:00,0.09150444939983952,0.09150444939983952,0.09150444939983952,0.09150444939983952,64648401.23236941
2026-06-05 21:00:00+00:00,0.09437128054787292,0.09437128054787292,0.09437128054787292,0.09437128054787292,68615689.66584525
2026-06-05 22:00:00+00:00,0.0950124849697795,0.0950124849697795,0.0950124849697795,0.0950124849697795,68814161.95165752
2026-06-05 23:00:00+00:00,0.09394051322510459,0.09394051322510459,0.09394051322510459,0.09394051322510459,66980484.91821098
2026-06-06 00:00:00+00:00,0.09317613054349512,0.09317613054349512,0.09317613054349512,0.09317613054349512,68568141.36367299
2026-06-06 01:00:00+00:00,0.09484342300434939,0.09484342300434939,0.09484342300434939,0.09484342300434939,69179104.44442965
2026-06-06 02:00:00+00:00,0.09340956056141464,0.09340956056141464,0.09340956056141464,0.09340956056141464,69165938.37597269
2026-06-06 03:00:00+00:00,0.0926620462500332,0.0926620462500332,0.0926620462500332,0.0926620462500332,65809306.97223444
2026-06-06 04:00:00+00:00,0.09209951517076387,0.09209951517076387,0.09209951517076387,0.09209951517076387,66178911.16010345
2026-06-06 05:00:00+00:00,0.08884040187875213,0.08884040187875213,0.08884040187875213,0.08884040187875213,64941480.481576785
2026-06-06 06:00:00+00:00,0.09095642403597055,0.09095642403597055,0.09095642403597055,0.09095642403597055,56125163.863551095
2026-06-06 07:00:00+00:00,0.09127281991402447,0.09127281991402447,0.09127281991402447,0.09127281991402447,53148117.829030596
2026-06-06 08:00:00+00:00,0.09278131355640629,0.09278131355640629,0.09278131355640629,0.09278131355640629,52105054.16516714
2026-06-06 09:00:00+00:00,0.09364664307461602,0.09364664307461602,0.09364664307461602,0.09364664307461602,51469740.95455814
2026-06-06 10:00:00+00:00,0.09251678590693349,0.09251678590693349,0.09251678590693349,0.09251678590693349,49680620.527899966
2026-06-06 11:00:00+00:00,0.09163351936829903,0.09163351936829903,0.09163351936829903,0.09163351936829903,49768903.26219432
2026-06-06 12:00:00+00:00,0.09216133639384673,0.09216133639384673,0.09216133639384673,0.09216133639384673,58117241.688518375
2026-06-06 13:00:00+00:00,0.09334962627380178,0.09334962627380178,0.09334962627380178,0.09334962627380178,57710678.89622748
2026-06-06 14:00:00+00:00,0.0934819960938693,0.0934819960938693,0.0934819960938693,0.0934819960938693,56965299.96893415
2026-06-06 15:00:00+00:00,0.09355031483726062,0.09355031483726062,0.09355031483726062,0.09355031483726062,55039711.826869674
2026-06-06 16:00:00+00:00,0.09332164753552474,0.09332164753552474,0.09332164753552474,0.09332164753552474,52046348.59065184
2026-06-06 17:00:00+00:00,0.0929574946033165,0.0929574946033165,0.0929574946033165,0.0929574946033165,49391838.04988969
2026-06-06 18:00:00+00:00,0.09186394792103855,0.09186394792103855,0.09186394792103855,0.09186394792103855,45371049.29558133
2026-06-06 19:00:00+00:00,0.09213859106890547,0.09213859106890547,0.09213859106890547,0.09213859106890547,42744150.79585524
2026-06-06 20:00:00+00:00,0.09173877771089804,0.09173877771089804,0.09173877771089804,0.09173877771089804,38602686.992694244
2026-06-06 21:00:00+00:00,0.0920395330653048,0.0920395330653048,0.0920395330653048,0.0920395330653048,36910467.565626316
2026-06-06 22:00:00+00:00,0.09224729843004473,0.09224729843004473,0.09224729843004473,0.09224729843004473,36023408.60873644
2026-06-06 23:00:00+00:00,0.09226839857489744,0.09226839857489744,0.09226839857489744,0.09226839857489744,34822319.001610614
2026-06-07 00:00:00+00:00,0.09204154111458293,0.09204154111458293,0.09204154111458293,0.09204154111458293,33397909.361182436
2026-06-07 01:00:00+00:00,0.0921188123136889,0.0921188123136889,0.0921188123136889,0.0921188123136889,32907372.175296873
2026-06-07 02:00:00+00:00,0.09375575996658408,0.09375575996658408,0.09375575996658408,0.09375575996658408,34250370.83245717
2026-06-07 03:00:00+00:00,0.09386988135116762,0.09386988135116762,0.09386988135116762,0.09386988135116762,34154844.075812794
2026-06-07 04:00:00+00:00,0.09388589581883051,0.09388589581883051,0.09388589581883051,0.09388589581883051,33793264.74291355
2026-06-07 05:00:00+00:00,0.0937876642106969,0.0937876642106969,0.0937876642106969,0.0937876642106969,30798619.050215833
2026-06-07 06:00:00+00:00,0.09411645561285889,0.09411645561285889,0.09411645561285889,0.09411645561285889,29509250.63642478
2026-06-07 07:00:00+00:00,0.09536886845416993,0.09536886845416993,0.09536886845416993,0.09536886845416993,30966147.57361116
2026-06-07 08:00:00+00:00,0.0959746847420294,0.0959746847420294,0.0959746847420294,0.0959746847420294,31233323.92066064
2026-06-07 09:00:00+00:00,0.09686227121290612,0.09686227121290612,0.09686227121290612,0.09686227121290612,25471092.972503643
2026-06-07 10:00:00+00:00,0.09534963840698239,0.09534963840698239,0.09534963840698239,0.09534963840698239,31702702.00529222
2026-06-07 11:00:00+00:00,0.09429680467590014,0.09429680467590014,0.09429680467590014,0.09429680467590014,31158191.151474442
2026-06-07 12:00:00+00:00,0.09465855935371227,0.09465855935371227,0.09465855935371227,0.09465855935371227,30445560.15725131
2026-06-07 13:00:00+00:00,0.0934986273137506,0.0934986273137506,0.0934986273137506,0.0934986273137506,31101596.681576844
2026-06-07 14:00:00+00:00,0.09322415259130391,0.09322415259130391,0.09322415259130391,0.09322415259130391,29629237.569212288
2026-06-07 15:00:00+00:00,0.09420231262568556,0.09420231262568556,0.09420231262568556,0.09420231262568556,28660737.136876352
2026-06-07 16:00:00+00:00,0.09336973972957315,0.09336973972957315,0.09336973972957315,0.09336973972957315,28594139.171132836
2026-06-07 17:00:00+00:00,0.09291518284789231,0.09291518284789231,0.09291518284789231,0.09291518284789231,29530017.820008397
2026-06-07 18:00:00+00:00,0.09301368103614266,0.09301368103614266,0.09301368103614266,0.09301368103614266,29140564.90503345
2026-06-07 19:00:00+00:00,0.09271822161074035,0.09271822161074035,0.09271822161074035,0.09271822161074035,28362022.42911589
2026-06-07 20:00:00+00:00,0.09140125166663882,0.09140125166663882,0.09140125166663882,0.09140125166663882,30569845.078963112
2026-06-07 21:00:00+00:00,0.09259759131947935,0.09259759131947935,0.09259759131947935,0.09259759131947935,31656120.589529578
2026-06-07 22:00:00+00:00,0.09244338636546817,0.09244338636546817,0.09244338636546817,0.09244338636546817,31595402.850051396
2026-06-07 23:00:00+00:00,0.09438301944378444,0.09438301944378444,0.09438301944378444,0.09438301944378444,33317955.814926323
2026-06-08 00:00:00+00:00,0.0943349474812055,0.0943349474812055,0.0943349474812055,0.0943349474812055,34456882.113281555
2026-06-08 01:00:00+00:00,0.09516181038732952,0.09516181038732952,0.09516181038732952,0.09516181038732952,34748075.64072769
2026-06-08 02:00:00+00:00,0.09379418306272609,0.09379418306272609,0.09379418306272609,0.09379418306272609,33479464.34969271
2026-06-08 03:00:00+00:00,0.0935016113660413,0.0935016113660413,0.0935016113660413,0.0935016113660413,33867169.830148794
2026-06-08 04:00:00+00:00,0.09317927306263066,0.09317927306263066,0.09317927306263066,0.09317927306263066,33823340.596472435
2026-06-08 05:00:00+00:00,0.09239140977170875,0.09239140977170875,0.09239140977170875,0.09239140977170875,33259533.70871062
2026-06-08 06:00:00+00:00,0.09210082518574034,0.09210082518574034,0.09210082518574034,0.09210082518574034,33456449.91162102
2026-06-08 07:00:00+00:00,0.0928146621203992,0.0928146621203992,0.0928146621203992,0.0928146621203992,33021063.375053525
2026-06-08 08:00:00+00:00,0.09328794956442489,0.09328794956442489,0.09328794956442489,0.09328794956442489,33201142.82753201
2026-06-08 09:00:00+00:00,0.09273178094363482,0.09273178094363482,0.09273178094363482,0.09273178094363482,32243999.09581564
2026-06-08 10:00:00+00:00,0.09366300341115041,0.09366300341115041,0.09366300341115041,0.09366300341115041,32929211.08736658
2026-06-08 11:00:00+00:00,0.09338549935442032,0.09338549935442032,0.09338549935442032,0.09338549935442032,32027560.343157228
2026-06-08 12:00:00+00:00,0.09443072246943483,0.09443072246943483,0.09443072246943483,0.09443072246943483,33890677.10574755
2026-06-08 13:00:00+00:00,0.09482789133098761,0.09482789133098761,0.09482789133098761,0.09482789133098761,33437106.00097697
2026-06-08 14:00:00+00:00,0.09429894891721932,0.09429894891721932,0.09429894891721932,0.09429894891721932,35131430.66534605
2026-06-08 15:00:00+00:00,0.09517466463976314,0.09517466463976314,0.09517466463976314,0.09517466463976314,35701967.94495182
2026-06-08 16:00:00+00:00,0.09359328840811723,0.09359328840811723,0.09359328840811723,0.09359328840811723,34825007.10496032
2026-06-08 17:00:00+00:00,0.09332956675889363,0.09332956675889363,0.09332956675889363,0.09332956675889363,33120220.634983864
2026-06-08 18:00:00+00:00,0.0936593486956813,0.0936593486956813,0.0936593486956813,0.0936593486956813,34162808.43167863
2026-06-08 19:00:00+00:00,0.09306769979261914,0.09306769979261914,0.09306769979261914,0.09306769979261914,34650379.96769866
2026-06-08 20:00:00+00:00,0.09302353455336725,0.09302353455336725,0.09302353455336725,0.09302353455336725,32416129.82764621
2026-06-08 21:00:00+00:00,0.09325541571568856,0.09325541571568856,0.09325541571568856,0.09325541571568856,32686285.932145778
2026-06-08 22:00:00+00:00,0.09373156219759374,0.09373156219759374,0.09373156219759374,0.09373156219759374,33627600.10503716
2026-06-08 23:00:00+00:00,0.0926588078752014,0.0926588078752014,0.0926588078752014,0.0926588078752014,30314103.207166206
2026-06-09 00:00:00+00:00,0.09211302774980386,0.09211302774980386,0.09211302774980386,0.09211302774980386,31371992.356529314
2026-06-09 01:00:00+00:00,0.09090561990862452,0.09090561990862452,0.09090561990862452,0.09090561990862452,32071061.524190873
2026-06-09 02:00:00+00:00,0.0909971835099783,0.0909971835099783,0.0909971835099783,0.0909971835099783,31272609.402859885
2026-06-09 03:00:00+00:00,0.09107527460878576,0.09107527460878576,0.09107527460878576,0.09107527460878576,29970794.14988895
2026-06-09 04:00:00+00:00,0.0912290075031979,0.0912290075031979,0.0912290075031979,0.0912290075031979,32184043.058163334
2026-06-09 05:00:00+00:00,0.09282022098954448,0.09282022098954448,0.09282022098954448,0.09282022098954448,33976710.73850149
2026-06-09 06:00:00+00:00,0.09291006609571056,0.09291006609571056,0.09291006609571056,0.09291006609571056,34013334.19091938
2026-06-09 07:00:00+00:00,0.09233648617380127,0.09233648617380127,0.09233648617380127,0.09233648617380127,32717888.833699357
2026-06-09 08:00:00+00:00,0.09269237086628611,0.09269237086628611,0.09269237086628611,0.09269237086628611,33732775.65024845
2026-06-09 09:00:00+00:00,0.09206760118582938,0.09206760118582938,0.09206760118582938,0.09206760118582938,33317304.187541332
2026-06-09 10:00:00+00:00,0.09141321363645032,0.09141321363645032,0.09141321363645032,0.09141321363645032,32839200.54189114
2026-06-09 11:00:00+00:00,0.0917217851559814,0.0917217851559814,0.0917217851559814,0.0917217851559814,33531441.608862136
2026-06-09 12:00:00+00:00,0.09195225170988697,0.09195225170988697,0.09195225170988697,0.09195225170988697,33575586.107848205
2026-06-09 13:00:00+00:00,0.09240807912157342,0.09240807912157342,0.09240807912157342,0.09240807912157342,32985933.452725798
2026-06-09 14:00:00+00:00,0.09191090067189801,0.09191090067189801,0.09191090067189801,0.09191090067189801,32619577.789245505
2026-06-09 15:00:00+00:00,0.09000471611608388,0.09000471611608388,0.09000471611608388,0.09000471611608388,34857433.98459286
2026-06-09 16:00:00+00:00,0.08870770405093184,0.08870770405093184,0.08870770405093184,0.08870770405093184,34842261.94677018
2026-06-09 17:00:00+00:00,0.08958157125407082,0.08958157125407082,0.08958157125407082,0.08958157125407082,24365765.403178606
2026-06-09 18:00:00+00:00,0.09045456767312732,0.09045456767312732,0.09045456767312732,0.09045456767312732,35906764.55867248
2026-06-09 19:00:00+00:00,0.09088501650124178,0.09088501650124178,0.09088501650124178,0.09088501650124178,35891058.525919184
2026-06-09 20:00:00+00:00,0.09124768556988147,0.09124768556988147,0.09124768556988147,0.09124768556988147,36440781.68169259
2026-06-09 21:00:00+00:00,0.09167823356628534,0.09167823356628534,0.09167823356628534,0.09167823356628534,36541568.26740947
2026-06-09 22:00:00+00:00,0.09094231985093804,0.09094231985093804,0.09094231985093804,0.09094231985093804,35168363.60401224
2026-06-09 23:00:00+00:00,0.09074670265798178,0.09074670265798178,0.09074670265798178,0.09074670265798178,34681588.320327975
2026-06-10 00:00:00+00:00,0.09105705347823166,0.09105705347823166,0.09105705347823166,0.09105705347823166,34557851.96997087
2026-06-10 01:00:00+00:00,0.09133878509322106,0.09133878509322106,0.09133878509322106,0.09133878509322106,23640848.466422975
2026-06-10 02:00:00+00:00,0.09120002451702984,0.09120002451702984,0.09120002451702984,0.09120002451702984,31986647.463889927
2026-06-10 03:00:00+00:00,0.09050272705097981,0.09050272705097981,0.09050272705097981,0.09050272705097981,31960879.286684893
2026-06-10 04:00:00+00:00,0.09185330970185361,0.09185330970185361,0.09185330970185361,0.09185330970185361,32093845.839043956
2026-06-10 05:00:00+00:00,0.09073639546304733,0.09073639546304733,0.09073639546304733,0.09073639546304733,30664256.41474054
2026-06-10 06:00:00+00:00,0.0905791580659323,0.0905791580659323,0.0905791580659323,0.0905791580659323,29996082.46742985
2026-06-10 07:00:00+00:00,0.09094562839643658,0.09094562839643658,0.09094562839643658,0.09094562839643658,29820939.092371102
2026-06-10 08:00:00+00:00,0.09099540400039995,0.09099540400039995,0.09099540400039995,0.09099540400039995,30565997.391086202
2026-06-10 09:00:00+00:00,0.09015154437163408,0.09015154437163408,0.09015154437163408,0.09015154437163408,29964263.217244342
2026-06-10 10:00:00+00:00,0.08978636527749952,0.08978636527749952,0.08978636527749952,0.08978636527749952,28850335.776547022
2026-06-10 11:00:00+00:00,0.08997910863430922,0.08997910863430922,0.08997910863430922,0.08997910863430922,23866321.095462907
2026-06-10 12:00:00+00:00,0.08936027293918788,0.08936027293918788,0.08936027293918788,0.08936027293918788,29514713.44186958
2026-06-10 13:00:00+00:00,0.09035767519617574,0.09035767519617574,0.09035767519617574,0.09035767519617574,29308293.634220086
2026-06-10 14:00:00+00:00,0.09113972421621631,0.09113972421621631,0.09113972421621631,0.09113972421621631,30418359.752255946
2026-06-10 15:00:00+00:00,0.09025498801820295,0.09025498801820295,0.09025498801820295,0.09025498801820295,27519586.911279585
2026-06-10 16:00:00+00:00,0.08978141249569505,0.08978141249569505,0.08978141249569505,0.08978141249569505,27652580.987090543
2026-06-10 17:00:00+00:00,0.0894781957989074,0.0894781957989074,0.0894781957989074,0.0894781957989074,27063522.145529475
2026-06-10 18:00:00+00:00,0.08993042901732677,0.08993042901732677,0.08993042901732677,0.08993042901732677,27238454.20625695
2026-06-10 19:00:00+00:00,0.08985875661006061,0.08985875661006061,0.08985875661006061,0.08985875661006061,28621381.309465293
2026-06-10 20:00:00+00:00,0.08864847235503731,0.08864847235503731,0.08864847235503731,0.08864847235503731,27596919.944615763
2026-06-10 21:00:00+00:00,0.08813621668863003,0.08813621668863003,0.08813621668863003,0.08813621668863003,28033910.434015132
2026-06-10 22:00:00+00:00,0.0872704328901485,0.0872704328901485,0.0872704328901485,0.0872704328901485,29423418.11705892
2026-06-10 23:00:00+00:00,0.08699725791590343,0.08699725791590343,0.08699725791590343,0.08699725791590343,29506800.13550721
2026-06-11 00:00:00+00:00,0.08665143097734003,0.08665143097734003,0.08665143097734003,0.08665143097734003,30383402.822904225
2026-06-11 01:00:00+00:00,0.08736844545394166,0.08736844545394166,0.08736844545394166,0.08736844545394166,32144339.68618609
2026-06-11 02:00:00+00:00,0.08846717319349988,0.08846717319349988,0.08846717319349988,0.08846717319349988,33478448.774797242
2026-06-11 03:00:00+00:00,0.0879923712620446,0.0879923712620446,0.0879923712620446,0.0879923712620446,34210746.2842264
2026-06-11 04:00:00+00:00,0.08936739449114019,0.08936739449114019,0.08936739449114019,0.08936739449114019,34931891.04611782
2026-06-11 05:00:00+00:00,0.08919679856064515,0.08919679856064515,0.08919679856064515,0.08919679856064515,35783572.13417514
2026-06-11 06:00:00+00:00,0.08878116300757936,0.08878116300757936,0.08878116300757936,0.08878116300757936,34222255.22674472
2026-06-11 07:00:00+00:00,0.08869404914063175,0.08869404914063175,0.08869404914063175,0.08869404914063175,36193114.41636131
2026-06-11 08:00:00+00:00,0.08877684079587397,0.08877684079587397,0.08877684079587397,0.08877684079587397,36056816.233653866
2026-06-11 09:00:00+00:00,0.08962415040191402,0.08962415040191402,0.08962415040191402,0.08962415040191402,36713083.58702003
2026-06-11 10:00:00+00:00,0.08918461732178612,0.08918461732178612,0.08918461732178612,0.08918461732178612,36175836.54370568
2026-06-11 11:00:00+00:00,0.0892102156195046,0.0892102156195046,0.0892102156195046,0.0892102156195046,34978065.66206076
2026-06-11 12:00:00+00:00,0.08952386987203682,0.08952386987203682,0.08952386987203682,0.08952386987203682,28285988.6947017
2026-06-11 13:00:00+00:00,0.08844730388383273,0.08844730388383273,0.08844730388383273,0.08844730388383273,34621514.30649823
2026-06-11 14:00:00+00:00,0.08776820230323548,0.08776820230323548,0.08776820230323548,0.08776820230323548,35588142.19486268
2026-06-11 15:00:00+00:00,0.08773191097157672,0.08773191097157672,0.08773191097157672,0.08773191097157672,35571227.25602421
2026-06-11 16:00:00+00:00,0.0864797755918806,0.0864797755918806,0.0864797755918806,0.0864797755918806,35143181.536474496
2026-06-11 17:00:00+00:00,0.08655231432613945,0.08655231432613945,0.08655231432613945,0.08655231432613945,35136133.29229596
2026-06-11 18:00:00+00:00,0.08902042645185336,0.08902042645185336,0.08902042645185336,0.08902042645185336,39579320.299462155
2026-06-11 19:00:00+00:00,0.08801974960362212,0.08801974960362212,0.08801974960362212,0.08801974960362212,33720731.43867646
2026-06-11 20:00:00+00:00,0.08789257043593132,0.08789257043593132,0.08789257043593132,0.08789257043593132,33282297.570018448
2026-06-11 21:00:00+00:00,0.08712040381830542,0.08712040381830542,0.08712040381830542,0.08712040381830542,40610812.5566854
2026-06-11 22:00:00+00:00,0.08945510967123727,0.08945510967123727,0.08945510967123727,0.08945510967123727,44370213.10389096
2026-06-11 23:00:00+00:00,0.08888427129867439,0.08888427129867439,0.08888427129867439,0.08888427129867439,41844177.05703195
2026-06-12 00:00:00+00:00,0.08857817225644922,0.08857817225644922,0.08857817225644922,0.08857817225644922,43620928.96764835
2026-06-12 01:00:00+00:00,0.08859152306656899,0.08859152306656899,0.08859152306656899,0.08859152306656899,41865111.019223236
2026-06-12 02:00:00+00:00,0.08867392649042274,0.08867392649042274,0.08867392649042274,0.08867392649042274,41711712.13980037
2026-06-12 03:00:00+00:00,0.08893779508900357,0.08893779508900357,0.08893779508900357,0.08893779508900357,40699909.459534146
2026-06-12 04:00:00+00:00,0.08857221091106558,0.08857221091106558,0.08857221091106558,0.08857221091106558,42305973.90969684
2026-06-12 05:00:00+00:00,0.08864129179868728,0.08864129179868728,0.08864129179868728,0.08864129179868728,41679677.25478295
2026-06-12 06:00:00+00:00,0.0881117212986493,0.0881117212986493,0.0881117212986493,0.0881117212986493,32929624.607561514
2026-06-12 07:00:00+00:00,0.08749555079813216,0.08749555079813216,0.08749555079813216,0.08749555079813216,39642037.004539095
2026-06-12 08:00:00+00:00,0.08794127668072652,0.08794127668072652,0.08794127668072652,0.08794127668072652,39947113.89262161
2026-06-12 09:00:00+00:00,0.0888117004559324,0.0888117004559324,0.0888117004559324,0.0888117004559324,41883257.38478097
2026-06-12 10:00:00+00:00,0.08881058298180701,0.08881058298180701,0.08881058298180701,0.08881058298180701,36490327.10674016
2026-06-12 11:00:00+00:00,0.08855401557769799,0.08855401557769799,0.08855401557769799,0.08855401557769799,43528146.87601902
2026-06-12 12:00:00+00:00,0.08861989936048138,0.08861989936048138,0.08861989936048138,0.08861989936048138,44963514.92276436
2026-06-12 13:00:00+00:00,0.08852216839981111,0.08852216839981111,0.08852216839981111,0.08852216839981111,43577182.64584834
2026-06-12 14:00:00+00:00,0.08749439886614137,0.08749439886614137,0.08749439886614137,0.08749439886614137,42218310.926842004
2026-06-12 15:00:00+00:00,0.08893840879400011,0.08893840879400011,0.08893840879400011,0.08893840879400011,44064738.03896438
2026-06-12 16:00:00+00:00,0.08687886935309565,0.08687886935309565,0.08687886935309565,0.08687886935309565,43806273.64615819
2026-06-12 17:00:00+00:00,0.08772828209541358,0.08772828209541358,0.08772828209541358,0.08772828209541358,42526346.549858294
2026-06-12 18:00:00+00:00,0.08741206275358432,0.08741206275358432,0.08741206275358432,0.08741206275358432,41035780.76206757
2026-06-12 19:00:00+00:00,0.08751563226196764,0.08751563226196764,0.08751563226196764,0.08751563226196764,39850897.42323624
2026-06-12 20:00:00+00:00,0.08746481001020362,0.08746481001020362,0.08746481001020362,0.08746481001020362,36455287.78436037
2026-06-12 21:00:00+00:00,0.08715883965424831,0.08715883965424831,0.08715883965424831,0.08715883965424831,36103996.883726664
2026-06-12 22:00:00+00:00,0.08673099710796278,0.08673099710796278,0.08673099710796278,0.08673099710796278,35400642.18121467
2026-06-12 23:00:00+00:00,0.08709207838222631,0.08709207838222631,0.08709207838222631,0.08709207838222631,34470815.35696873
2026-06-13 00:00:00+00:00,0.0871708816846469,0.0871708816846469,0.0871708816846469,0.0871708816846469,33533088.26539752
2026-06-13 01:00:00+00:00,0.08704877150045365,0.08704877150045365,0.08704877150045365,0.08704877150045365,33649076.86963006
2026-06-13 02:00:00+00:00,0.08709843855568952,0.08709843855568952,0.08709843855568952,0.08709843855568952,32757593.01105539
2026-06-13 03:00:00+00:00,0.08678375405491956,0.08678375405491956,0.08678375405491956,0.08678375405491956,33417541.15623647
2026-06-13 04:00:00+00:00,0.08682186849476392,0.08682186849476392,0.08682186849476392,0.08682186849476392,31636862.143757045
2026-06-13 05:00:00+00:00,0.08705811794946577,0.08705811794946577,0.08705811794946577,0.08705811794946577,32555637.843919147
2026-06-13 06:00:00+00:00,0.0869133271448934,0.0869133271448934,0.0869133271448934,0.0869133271448934,31756920.282289
2026-06-13 07:00:00+00:00,0.08845501274347542,0.08845501274347542,0.08845501274347542,0.08845501274347542,33062066.553592492
2026-06-13 08:00:00+00:00,0.08868724054940044,0.08868724054940044,0.08868724054940044,0.08868724054940044,33256280.501177203
2026-06-13 09:00:00+00:00,0.08837785841372933,0.08837785841372933,0.08837785841372933,0.08837785841372933,27375416.96023618
2026-06-13 10:00:00+00:00,0.08873046609224364,0.08873046609224364,0.08873046609224364,0.08873046609224364,23928924.281788126
2026-06-13 11:00:00+00:00,0.088560052358757,0.088560052358757,0.088560052358757,0.088560052358757,31136291.45715225
2026-06-13 12:00:00+00:00,0.08846135733522871,0.08846135733522871,0.08846135733522871,0.08846135733522871,31026594.541627355
2026-06-13 13:00:00+00:00,0.08897616464095573,0.08897616464095573,0.08897616464095573,0.08897616464095573,30804290.14233386
2026-06-13 14:00:00+00:00,0.08839435792527872,0.08839435792527872,0.08839435792527872,0.08839435792527872,26989837.439382732
2026-06-13 15:00:00+00:00,0.08889310012304272,0.08889310012304272,0.08889310012304272,0.08889310012304272,30452330.30080246
2026-06-13 16:00:00+00:00,0.08880780589043549,0.08880780589043549,0.08880780589043549,0.08880780589043549,28214142.80734986
2026-06-13 17:00:00+00:00,0.08785215758156525,0.08785215758156525,0.08785215758156525,0.08785215758156525,29442640.283438746
2026-06-13 18:00:00+00:00,0.08786627816789293,0.08786627816789293,0.08786627816789293,0.08786627816789293,29100911.254809245
2026-06-13 19:00:00+00:00,0.08787730329181817,0.08787730329181817,0.08787730329181817,0.08787730329181817,28275253.47950085
2026-06-13 20:00:00+00:00,0.08825775946493948,0.08825775946493948,0.08825775946493948,0.08825775946493948,27386879.00541594
2026-06-13 21:00:00+00:00,0.08860004186793895,0.08860004186793895,0.08860004186793895,0.08860004186793895,27981922.3589475
2026-06-13 22:00:00+00:00,0.0890193749894504,0.0890193749894504,0.0890193749894504,0.0890193749894504,28335835.565219548
2026-06-13 23:00:00+00:00,0.08887467145556305,0.08887467145556305,0.08887467145556305,0.08887467145556305,22687880.460874952
2026-06-14 00:00:00+00:00,0.08964494744638447,0.08964494744638447,0.08964494744638447,0.08964494744638447,25711619.738912296
2026-06-14 01:00:00+00:00,0.09316994322565468,0.09316994322565468,0.09316994322565468,0.09316994322565468,32972074.606988374
2026-06-14 02:00:00+00:00,0.09217497634043235,0.09217497634043235,0.09217497634043235,0.09217497634043235,32754287.11563642
2026-06-14 03:00:00+00:00,0.0913339603658304,0.0913339603658304,0.0913339603658304,0.0913339603658304,35352481.05699583
2026-06-14 04:00:00+00:00,0.09251625933154826,0.09251625933154826,0.09251625933154826,0.09251625933154826,38439700.227007076
2026-06-14 05:00:00+00:00,0.09189118627782404,0.09189118627782404,0.09189118627782404,0.09189118627782404,40664193.3054446
2026-06-14 06:00:00+00:00,0.09207209527623426,0.09207209527623426,0.09207209527623426,0.09207209527623426,44042564.25155226
2026-06-14 07:00:00+00:00,0.09076741734317992,0.09076741734317992,0.09076741734317992,0.09076741734317992,35093738.575910516
2026-06-14 08:00:00+00:00,0.09167823067324612,0.09167823067324612,0.09167823067324612,0.09167823067324612,36786792.81343936
2026-06-14 09:00:00+00:00,0.09167622351252155,0.09167622351252155,0.09167622351252155,0.09167622351252155,42544435.23750056
2026-06-14 10:00:00+00:00,0.09190294213900888,0.09190294213900888,0.09190294213900888,0.09190294213900888,45882003.97393022
2026-06-14 11:00:00+00:00,0.09115317698757283,0.09115317698757283,0.09115317698757283,0.09115317698757283,45561101.78271598
2026-06-14 12:00:00+00:00,0.09111914449903974,0.09111914449903974,0.09111914449903974,0.09111914449903974,43623662.06944496
2026-06-14 13:00:00+00:00,0.09077255730228576,0.09077255730228576,0.09077255730228576,0.09077255730228576,43611840.687530994
2026-06-14 14:00:00+00:00,0.09047245256727593,0.09047245256727593,0.09047245256727593,0.09047245256727593,43337776.47882709
2026-06-14 15:00:00+00:00,0.09064802533958514,0.09064802533958514,0.09064802533958514,0.09064802533958514,39099128.808640726
2026-06-14 16:00:00+00:00,0.0900221827741983,0.0900221827741983,0.0900221827741983,0.0900221827741983,43181826.853580266
2026-06-14 17:00:00+00:00,0.090466015117646,0.090466015117646,0.090466015117646,0.090466015117646,42733977.2214749
2026-06-14 18:00:00+00:00,0.08952319984140251,0.08952319984140251,0.08952319984140251,0.08952319984140251,44698703.120036915
2026-06-14 19:00:00+00:00,0.08954321018807138,0.08954321018807138,0.08954321018807138,0.08954321018807138,45024678.42418377
2026-06-14 20:00:00+00:00,0.0896889234951135,0.0896889234951135,0.0896889234951135,0.0896889234951135,43351829.59562299
2026-06-14 21:00:00+00:00,0.09042554422316139,0.09042554422316139,0.09042554422316139,0.09042554422316139,37540601.16603557
2026-06-14 22:00:00+00:00,0.09220414689737995,0.09220414689737995,0.09220414689737995,0.09220414689737995,44524815.10820479
2026-06-14 23:00:00+00:00,0.09204124390931709,0.09204124390931709,0.09204124390931709,0.09204124390931709,48353152.681913994
2026-06-15 00:00:00+00:00,0.09251274698980286,0.09251274698980286,0.09251274698980286,0.09251274698980286,51106083.633162074
2026-06-15 01:00:00+00:00,0.09223396919531919,0.09223396919531919,0.09223396919531919,0.09223396919531919,47535808.63013445
2026-06-15 02:00:00+00:00,0.09217195664417255,0.09217195664417255,0.09217195664417255,0.09217195664417255,46067898.829183206
2026-06-15 03:00:00+00:00,0.09187131569199215,0.09187131569199215,0.09187131569199215,0.09187131569199215,42800881.5130577
2026-06-15 04:00:00+00:00,0.09259374438326516,0.09259374438326516,0.09259374438326516,0.09259374438326516,41523939.62387588
2026-06-15 05:00:00+00:00,0.09221755950439246,0.09221755950439246,0.09221755950439246,0.09221755950439246,39999079.90379125
2026-06-15 06:00:00+00:00,0.09325162904304836,0.09325162904304836,0.09325162904304836,0.09325162904304836,37876613.51257208
2026-06-15 07:00:00+00:00,0.09348878105366086,0.09348878105366086,0.09348878105366086,0.09348878105366086,36532864.03349708
2026-06-15 08:00:00+00:00,0.09287561522656557,0.09287561522656557,0.09287561522656557,0.09287561522656557,38368716.45606964
2026-06-15 09:00:00+00:00,0.0952372389256008,0.0952372389256008,0.0952372389256008,0.0952372389256008,39944811.638614744
2026-06-15 10:00:00+00:00,0.09464021732686187,0.09464021732686187,0.09464021732686187,0.09464021732686187,37586078.28980033
2026-06-15 11:00:00+00:00,0.09479932237413781,0.09479932237413781,0.09479932237413781,0.09479932237413781,39398023.60121952
2026-06-15 12:00:00+00:00,0.09550625768007619,0.09550625768007619,0.09550625768007619,0.09550625768007619,43000782.79118579
2026-06-15 13:00:00+00:00,0.09598149138935325,0.09598149138935325,0.09598149138935325,0.09598149138935325,44067374.95163715
2026-06-15 14:00:00+00:00,0.09596744921341333,0.09596744921341333,0.09596744921341333,0.09596744921341333,44863454.37121347
2026-06-15 15:00:00+00:00,0.09563054288814953,0.09563054288814953,0.09563054288814953,0.09563054288814953,45001289.22489796
2026-06-15 16:00:00+00:00,0.09658871330347917,0.09658871330347917,0.09658871330347917,0.09658871330347917,45465092.82175579
2026-06-15 17:00:00+00:00,0.09722659141053325,0.09722659141053325,0.09722659141053325,0.09722659141053325,51353324.22252679
2026-06-15 18:00:00+00:00,0.09705857148512406,0.09705857148512406,0.09705857148512406,0.09705857148512406,49878651.353799894
2026-06-15 19:00:00+00:00,0.09637788208073103,0.09637788208073103,0.09637788208073103,0.09637788208073103,49537960.3692416
2026-06-15 20:00:00+00:00,0.09516076942184871,0.09516076942184871,0.09516076942184871,0.09516076942184871,50126718.51438276
2026-06-15 21:00:00+00:00,0.09612730324462075,0.09612730324462075,0.09612730324462075,0.09612730324462075,52628030.88878743
2026-06-15 22:00:00+00:00,0.0956538778762976,0.0956538778762976,0.0956538778762976,0.0956538778762976,49216948.48840996
2026-06-15 23:00:00+00:00,0.09450381011982821,0.09450381011982821,0.09450381011982821,0.09450381011982821,48905471.14584557
2026-06-16 00:00:00+00:00,0.09501065749321913,0.09501065749321913,0.09501065749321913,0.09501065749321913,48753458.397388764
2026-06-16 01:00:00+00:00,0.09529679280196313,0.09529679280196313,0.09529679280196313,0.09529679280196313,45816275.876369335
2026-06-16 02:00:00+00:00,0.09481973326693423,0.09481973326693423,0.09481973326693423,0.09481973326693423,44970676.50192554
2026-06-16 03:00:00+00:00,0.09417286437904414,0.09417286437904414,0.09417286437904414,0.09417286437904414,38826314.38977244
2026-06-16 04:00:00+00:00,0.09512770137221144,0.09512770137221144,0.09512770137221144,0.09512770137221144,45876718.012285575
2026-06-16 05:00:00+00:00,0.09458590759961018,0.09458590759961018,0.09458590759961018,0.09458590759961018,44508769.12313117
2026-06-16 06:00:00+00:00,0.09473219552974692,0.09473219552974692,0.09473219552974692,0.09473219552974692,46242383.07833366
2026-06-16 07:00:00+00:00,0.09508293240243698,0.09508293240243698,0.09508293240243698,0.09508293240243698,45621259.969706535
2026-06-16 08:00:00+00:00,0.0947541103374422,0.0947541103374422,0.0947541103374422,0.0947541103374422,46087521.95956514
2026-06-16 09:00:00+00:00,0.09597461971861886,0.09597461971861886,0.09597461971861886,0.09597461971861886,45251768.92714883
2026-06-16 10:00:00+00:00,0.09576789033589794,0.09576789033589794,0.09576789033589794,0.09576789033589794,41682408.01852959
2026-06-16 11:00:00+00:00,0.09579370945944579,0.09579370945944579,0.09579370945944579,0.09579370945944579,44907725.06528294
2026-06-16 12:00:00+00:00,0.09599398333186566,0.09599398333186566,0.09599398333186566,0.09599398333186566,42603462.78349935
2026-06-16 13:00:00+00:00,0.09571627141823587,0.09571627141823587,0.09571627141823587,0.09571627141823587,41784576.18652955
2026-06-16 14:00:00+00:00,0.09453053180518037,0.09453053180518037,0.09453053180518037,0.09453053180518037,40231812.37902162
2026-06-16 15:00:00+00:00,0.09303248900383584,0.09303248900383584,0.09303248900383584,0.09303248900383584,39561778.29386568
2026-06-16 16:00:00+00:00,0.09363693827506667,0.09363693827506667,0.09363693827506667,0.09363693827506667,38562005.82712719
2026-06-16 17:00:00+00:00,0.0932137163183318,0.0932137163183318,0.0932137163183318,0.0932137163183318,33904171.03341751
2026-06-16 18:00:00+00:00,0.09417407097419021,0.09417407097419021,0.09417407097419021,0.09417407097419021,31172895.499924716
2026-06-16 19:00:00+00:00,0.09490061040629173,0.09490061040629173,0.09490061040629173,0.09490061040629173,30967387.909372162
2026-06-16 20:00:00+00:00,0.094137350400982,0.094137350400982,0.094137350400982,0.094137350400982,30344268.755889203
2026-06-16 21:00:00+00:00,0.09516445847410157,0.09516445847410157,0.09516445847410157,0.09516445847410157,28390012.626183495
2026-06-16 22:00:00+00:00,0.09472160761002714,0.09472160761002714,0.09472160761002714,0.09472160761002714,28863530.95616854
2026-06-16 23:00:00+00:00,0.09508246715489621,0.09508246715489621,0.09508246715489621,0.09508246715489621,28460102.74517211
2026-06-17 00:00:00+00:00,0.09445629022278015,0.09445629022278015,0.09445629022278015,0.09445629022278015,29041518.389150772
2026-06-17 01:00:00+00:00,0.09471853613821916,0.09471853613821916,0.09471853613821916,0.09471853613821916,28789947.167317875
2026-06-17 02:00:00+00:00,0.09665815224349954,0.09665815224349954,0.09665815224349954,0.09665815224349954,29436152.18246722
2026-06-17 03:00:00+00:00,0.09663925026448977,0.09663925026448977,0.09663925026448977,0.09663925026448977,29506683.895951662
2026-06-17 04:00:00+00:00,0.0962129779069442,0.0962129779069442,0.0962129779069442,0.0962129779069442,29768777.996312086
2026-06-17 05:00:00+00:00,0.09582129526207153,0.09582129526207153,0.09582129526207153,0.09582129526207153,30735289.301627688
2026-06-17 06:00:00+00:00,0.09572508314238913,0.09572508314238913,0.09572508314238913,0.09572508314238913,30756725.32879761
2026-06-17 07:00:00+00:00,0.09658349159617821,0.09658349159617821,0.09658349159617821,0.09658349159617821,36942946.19545843
2026-06-17 08:00:00+00:00,0.0972612014697886,0.0972612014697886,0.0972612014697886,0.0972612014697886,40388643.37159701
2026-06-17 09:00:00+00:00,0.09556200291217946,0.09556200291217946,0.09556200291217946,0.09556200291217946,40483220.86157186
2026-06-17 10:00:00+00:00,0.09619868345176504,0.09619868345176504,0.09619868345176504,0.09619868345176504,37345386.6346242
2026-06-17 11:00:00+00:00,0.09631930620623934,0.09631930620623934,0.09631930620623934,0.09631930620623934,37984898.73866599
2026-06-17 12:00:00+00:00,0.09628975948319425,0.09628975948319425,0.09628975948319425,0.09628975948319425,38437014.91693843
2026-06-17 13:00:00+00:00,0.09661451575515305,0.09661451575515305,0.09661451575515305,0.09661451575515305,38628866.502142295
2026-06-17 14:00:00+00:00,0.0965799353985228,0.0965799353985228,0.0965799353985228,0.0965799353985228,40194229.22618585
2026-06-17 15:00:00+00:00,0.09653838885144848,0.09653838885144848,0.09653838885144848,0.09653838885144848,38125901.33264862
2026-06-17 16:00:00+00:00,0.0991335730574382,0.0991335730574382,0.0991335730574382,0.0991335730574382,40890853.80252468
2026-06-17 17:00:00+00:00,0.0988726880980832,0.0988726880980832,0.0988726880980832,0.0988726880980832,43252457.99515696
2026-06-17 18:00:00+00:00,0.09916650232182601,0.09916650232182601,0.09916650232182601,0.09916650232182601,42209311.82955685
2026-06-17 19:00:00+00:00,0.1000834001069478,0.1000834001069478,0.1000834001069478,0.1000834001069478,43804297.573572114
2026-06-17 20:00:00+00:00,0.09639390001148578,0.09639390001148578,0.09639390001148578,0.09639390001148578,45217599.71831249
2026-06-17 21:00:00+00:00,0.09699902435826623,0.09699902435826623,0.09699902435826623,0.09699902435826623,46752348.21578246
2026-06-17 22:00:00+00:00,0.096081385529987,0.096081385529987,0.096081385529987,0.096081385529987,46631619.902638376
2026-06-17 23:00:00+00:00,0.09734776700295615,0.09734776700295615,0.09734776700295615,0.09734776700295615,46815479.07165766
2026-06-18 00:00:00+00:00,0.09905927453997238,0.09905927453997238,0.09905927453997238,0.09905927453997238,48405648.12834753
2026-06-18 01:00:00+00:00,0.09900454740891884,0.09900454740891884,0.09900454740891884,0.09900454740891884,49111819.651114374
2026-06-18 02:00:00+00:00,0.10018282936234923,0.10018282936234923,0.10018282936234923,0.10018282936234923,49604079.02053513
2026-06-18 03:00:00+00:00,0.10115116433443985,0.10115116433443985,0.10115116433443985,0.10115116433443985,50251766.63958067
2026-06-18 04:00:00+00:00,0.0995028025674502,0.0995028025674502,0.0995028025674502,0.0995028025674502,51129771.310568616
2026-06-18 05:00:00+00:00,0.09733592333901268,0.09733592333901268,0.09733592333901268,0.09733592333901268,49260373.2289726
2026-06-18 06:00:00+00:00,0.09692267678017026,0.09692267678017026,0.09692267678017026,0.09692267678017026,51136922.68398839
2026-06-18 07:00:00+00:00,0.09704930040842333,0.09704930040842333,0.09704930040842333,0.09704930040842333,42674733.44510397
2026-06-18 08:00:00+00:00,0.09785132972122021,0.09785132972122021,0.09785132972122021,0.09785132972122021,42995399.50964954
2026-06-18 09:00:00+00:00,0.09912779295021928,0.09912779295021928,0.09912779295021928,0.09912779295021928,42535516.678551994
2026-06-18 10:00:00+00:00,0.10157338915021054,0.10157338915021054,0.10157338915021054,0.10157338915021054,41681734.937432066
2026-06-18 11:00:00+00:00,0.1005471913053101,0.1005471913053101,0.1005471913053101,0.1005471913053101,44422612.88212842
2026-06-18 12:00:00+00:00,0.10030526504907801,0.10030526504907801,0.10030526504907801,0.10030526504907801,46239387.94511757
2026-06-18 13:00:00+00:00,0.10218920057849537,0.10218920057849537,0.10218920057849537,0.10218920057849537,47567913.080000386
2026-06-18 14:00:00+00:00,0.10007229568242372,0.10007229568242372,0.10007229568242372,0.10007229568242372,49211061.69272965
2026-06-18 15:00:00+00:00,0.10093873338278855,0.10093873338278855,0.10093873338278855,0.10093873338278855,53061288.48713207
2026-06-18 16:00:00+00:00,0.09786563428526154,0.09786563428526154,0.09786563428526154,0.09786563428526154,53052724.96584791
2026-06-18 17:00:00+00:00,0.09941049046360143,0.09941049046360143,0.09941049046360143,0.09941049046360143,53697811.902661614
2026-06-18 18:00:00+00:00,0.09857546500043145,0.09857546500043145,0.09857546500043145,0.09857546500043145,53841073.09195667
2026-06-18 19:00:00+00:00,0.09929159735470373,0.09929159735470373,0.09929159735470373,0.09929159735470373,51958265.20275953
2026-06-18 20:00:00+00:00,0.09995928432572967,0.09995928432572967,0.09995928432572967,0.09995928432572967,51603207.626063325
2026-06-18 21:00:00+00:00,0.09900573151784016,0.09900573151784016,0.09900573151784016,0.09900573151784016,51024414.586873665
2026-06-18 22:00:00+00:00,0.09856979150585574,0.09856979150585574,0.09856979150585574,0.09856979150585574,51299828.490523875
2026-06-18 23:00:00+00:00,0.09799738390647966,0.09799738390647966,0.09799738390647966,0.09799738390647966,51344255.503209725
2026-06-19 00:00:00+00:00,0.09623825072458007,0.09623825072458007,0.09623825072458007,0.09623825072458007,49433729.95155924
2026-06-19 01:00:00+00:00,0.09680298977804686,0.09680298977804686,0.09680298977804686,0.09680298977804686,51025519.01592367
2026-06-19 02:00:00+00:00,0.0969719523225917,0.0969719523225917,0.0969719523225917,0.0969719523225917,50497579.09421863
2026-06-19 03:00:00+00:00,0.09600014698242225,0.09600014698242225,0.09600014698242225,0.09600014698242225,49394673.831792876
2026-06-19 04:00:00+00:00,0.09494896763277856,0.09494896763277856,0.09494896763277856,0.09494896763277856,47929133.081234165
2026-06-19 05:00:00+00:00,0.09350560209947706,0.09350560209947706,0.09350560209947706,0.09350560209947706,48536954.70062876
2026-06-19 06:00:00+00:00,0.09399994007622517,0.09399994007622517,0.09399994007622517,0.09399994007622517,48202473.49064123
2026-06-19 07:00:00+00:00,0.09333841104377533,0.09333841104377533,0.09333841104377533,0.09333841104377533,48199604.481158264
2026-06-19 08:00:00+00:00,0.09254270915866336,0.09254270915866336,0.09254270915866336,0.09254270915866336,47350893.00126131
2026-06-19 09:00:00+00:00,0.09252544494903174,0.09252544494903174,0.09252544494903174,0.09252544494903174,47512819.89320533
2026-06-19 10:00:00+00:00,0.09167853044048083,0.09167853044048083,0.09167853044048083,0.09167853044048083,45717800.787779056
2026-06-19 11:00:00+00:00,0.09147179292587489,0.09147179292587489,0.09147179292587489,0.09147179292587489,44136169.44737832
2026-06-19 12:00:00+00:00,0.09212437903370359,0.09212437903370359,0.09212437903370359,0.09212437903370359,45046145.67223493
2026-06-19 13:00:00+00:00,0.09337405110219908,0.09337405110219908,0.09337405110219908,0.09337405110219908,43258467.98214902
2026-06-19 14:00:00+00:00,0.09487579570523395,0.09487579570523395,0.09487579570523395,0.09487579570523395,40790808.89390391
2026-06-19 15:00:00+00:00,0.09407594756652682,0.09407594756652682,0.09407594756652682,0.09407594756652682,38961720.788805366
2026-06-19 16:00:00+00:00,0.0972071464343512,0.0972071464343512,0.0972071464343512,0.0972071464343512,38751070.27175505
2026-06-19 17:00:00+00:00,0.09595428253754103,0.09595428253754103,0.09595428253754103,0.09595428253754103,38284310.7435744
2026-06-19 18:00:00+00:00,0.09581307985606266,0.09581307985606266,0.09581307985606266,0.09581307985606266,38017398.53211971
2026-06-19 19:00:00+00:00,0.09499122563312476,0.09499122563312476,0.09499122563312476,0.09499122563312476,37085317.65557675
2026-06-19 20:00:00+00:00,0.09486279043746018,0.09486279043746018,0.09486279043746018,0.09486279043746018,36325376.75057498
2026-06-19 21:00:00+00:00,0.09472517779324953,0.09472517779324953,0.09472517779324953,0.09472517779324953,36103069.745245494
2026-06-19 22:00:00+00:00,0.09407743018763935,0.09407743018763935,0.09407743018763935,0.09407743018763935,34861099.4480832
2026-06-19 23:00:00+00:00,0.09470420517063731,0.09470420517063731,0.09470420517063731,0.09470420517063731,35396040.26757581
2026-06-20 00:00:00+00:00,0.09554188734963319,0.09554188734963319,0.09554188734963319,0.09554188734963319,32152483.152603004
2026-06-20 01:00:00+00:00,0.09485668174483886,0.09485668174483886,0.09485668174483886,0.09485668174483886,31968629.92486815
2026-06-20 02:00:00+00:00,0.09482908091201493,0.09482908091201493,0.09482908091201493,0.09482908091201493,34066905.970053166
2026-06-20 03:00:00+00:00,0.0937056686123915,0.0937056686123915,0.0937056686123915,0.0937056686123915,32206832.750508208
2026-06-20 04:00:00+00:00,0.09417270704257255,0.09417270704257255,0.09417270704257255,0.09417270704257255,29533900.478166398
2026-06-20 05:00:00+00:00,0.09462211733884046,0.09462211733884046,0.09462211733884046,0.09462211733884046,31652002.14483712
2026-06-20 06:00:00+00:00,0.09483030882535924,0.09483030882535924,0.09483030882535924,0.09483030882535924,31323858.993490122
2026-06-20 07:00:00+00:00,0.09421537291897569,0.09421537291897569,0.09421537291897569,0.09421537291897569,30990336.13394528
2026-06-20 08:00:00+00:00,0.09414018233327041,0.09414018233327041,0.09414018233327041,0.09414018233327041,30779634.745231323
2026-06-20 09:00:00+00:00,0.0939884662947822,0.0939884662947822,0.0939884662947822,0.0939884662947822,28510657.218620334
2026-06-20 10:00:00+00:00,0.09408823488593203,0.09408823488593203,0.09408823488593203,0.09408823488593203,29406493.45176571
2026-06-20 11:00:00+00:00,0.09381027164305693,0.09381027164305693,0.09381027164305693,0.09381027164305693,28954200.207966913
2026-06-20 12:00:00+00:00,0.09343998116381001,0.09343998116381001,0.09343998116381001,0.09343998116381001,25349727.63581324
2026-06-20 13:00:00+00:00,0.09289297258905684,0.09289297258905684,0.09289297258905684,0.09289297258905684,26948763.28705932
2026-06-20 14:00:00+00:00,0.09268051655246153,0.09268051655246153,0.09268051655246153,0.09268051655246153,26787367.600404263
2026-06-20 15:00:00+00:00,0.09369015287475066,0.09369015287475066,0.09369015287475066,0.09369015287475066,26736846.303976428
2026-06-20 16:00:00+00:00,0.0940191694826426,0.0940191694826426,0.0940191694826426,0.0940191694826426,25695005.297158398
2026-06-20 17:00:00+00:00,0.09333568210599198,0.09333568210599198,0.09333568210599198,0.09333568210599198,22266416.351336118
2026-06-20 18:00:00+00:00,0.09300997965269411,0.09300997965269411,0.09300997965269411,0.09300997965269411,23739995.987190653
2026-06-20 19:00:00+00:00,0.092803098964328,0.092803098964328,0.092803098964328,0.092803098964328,23989759.60971259
2026-06-20 20:00:00+00:00,0.09307443059026825,0.09307443059026825,0.09307443059026825,0.09307443059026825,22235624.48127686
2026-06-20 21:00:00+00:00,0.09276802878315726,0.09276802878315726,0.09276802878315726,0.09276802878315726,20115216.079127114
2026-06-20 22:00:00+00:00,0.09324852615700605,0.09324852615700605,0.09324852615700605,0.09324852615700605,20965280.93640971
2026-06-20 23:00:00+00:00,0.09383574791379214,0.09383574791379214,0.09383574791379214,0.09383574791379214,22129812.669512033
2026-06-21 00:00:00+00:00,0.09366604532672097,0.09366604532672097,0.09366604532672097,0.09366604532672097,22071941.4294507
2026-06-21 01:00:00+00:00,0.09409940576214516,0.09409940576214516,0.09409940576214516,0.09409940576214516,22217840.786857247
2026-06-21 02:00:00+00:00,0.09412322949212662,0.09412322949212662,0.09412322949212662,0.09412322949212662,18697811.577883225
2026-06-21 03:00:00+00:00,0.09421693948879226,0.09421693948879226,0.09421693948879226,0.09421693948879226,21507628.87847423
2026-06-21 04:00:00+00:00,0.09423660054015558,0.09423660054015558,0.09423660054015558,0.09423660054015558,21024376.506204426
2026-06-21 05:00:00+00:00,0.09349722176454793,0.09349722176454793,0.09349722176454793,0.09349722176454793,19319252.455533817
2026-06-21 06:00:00+00:00,0.09317625686731011,0.09317625686731011,0.09317625686731011,0.09317625686731011,18376893.892119814
2026-06-21 07:00:00+00:00,0.09320411530972422,0.09320411530972422,0.09320411530972422,0.09320411530972422,18250095.35102988
2026-06-21 08:00:00+00:00,0.09306958220717794,0.09306958220717794,0.09306958220717794,0.09306958220717794,20277444.462825555
2026-06-21 09:00:00+00:00,0.09272233349880844,0.09272233349880844,0.09272233349880844,0.09272233349880844,21193092.7130614
2026-06-21 10:00:00+00:00,0.09346241750728067,0.09346241750728067,0.09346241750728067,0.09346241750728067,21402946.89080793
2026-06-21 11:00:00+00:00,0.09311181864554526,0.09311181864554526,0.09311181864554526,0.09311181864554526,20976130.71198093
2026-06-21 12:00:00+00:00,0.09217515586703304,0.09217515586703304,0.09217515586703304,0.09217515586703304,16322911.268145895
2026-06-21 13:00:00+00:00,0.09228051396123003,0.09228051396123003,0.09228051396123003,0.09228051396123003,16164491.43447212
2026-06-21 14:00:00+00:00,0.09206927442658917,0.09206927442658917,0.09206927442658917,0.09206927442658917,21228745.9122616
2026-06-21 15:00:00+00:00,0.09185104804552158,0.09185104804552158,0.09185104804552158,0.09185104804552158,19503231.387266137
2026-06-21 16:00:00+00:00,0.09224236081229775,0.09224236081229775,0.09224236081229775,0.09224236081229775,19790804.157613378
2026-06-21 17:00:00+00:00,0.09175303683291018,0.09175303683291018,0.09175303683291018,0.09175303683291018,19803162.372494623
2026-06-21 18:00:00+00:00,0.09178355858850425,0.09178355858850425,0.09178355858850425,0.09178355858850425,20425054.923909236
2026-06-21 19:00:00+00:00,0.09143059695093679,0.09143059695093679,0.09143059695093679,0.09143059695093679,17100069.149760913
2026-06-21 20:00:00+00:00,0.0916647662865105,0.0916647662865105,0.0916647662865105,0.0916647662865105,15492295.036648778
2026-06-21 21:00:00+00:00,0.09089174333973449,0.09089174333973449,0.09089174333973449,0.09089174333973449,17072042.53051455
2026-06-21 22:00:00+00:00,0.0907040531199097,0.0907040531199097,0.0907040531199097,0.0907040531199097,17519794.51502721
2026-06-21 23:00:00+00:00,0.08992896104939772,0.08992896104939772,0.08992896104939772,0.08992896104939772,16221106.130267484
2026-06-22 00:00:00+00:00,0.08942756629050244,0.08942756629050244,0.08942756629050244,0.08942756629050244,22769724.306470156
2026-06-22 01:00:00+00:00,0.09013223945735756,0.09013223945735756,0.09013223945735756,0.09013223945735756,21799603.374851853
2026-06-22 02:00:00+00:00,0.09059802279214216,0.09059802279214216,0.09059802279214216,0.09059802279214216,24342934.99412083
2026-06-22 03:00:00+00:00,0.09032519740818776,0.09032519740818776,0.09032519740818776,0.09032519740818776,24251641.30452595
2026-06-22 04:00:00+00:00,0.08944225552205531,0.08944225552205531,0.08944225552205531,0.08944225552205531,20169237.674559213
2026-06-22 05:00:00+00:00,0.08976993242980583,0.08976993242980583,0.08976993242980583,0.08976993242980583,19762162.295888945
2026-06-22 06:00:00+00:00,0.09016707356992325,0.09016707356992325,0.09016707356992325,0.09016707356992325,26387335.242896963
2026-06-22 07:00:00+00:00,0.0894184214564143,0.0894184214564143,0.0894184214564143,0.0894184214564143,26591047.727745533
2026-06-22 08:00:00+00:00,0.09011853376468543,0.09011853376468543,0.09011853376468543,0.09011853376468543,27235011.82152259
2026-06-22 09:00:00+00:00,0.08956468586959838,0.08956468586959838,0.08956468586959838,0.08956468586959838,26518476.04032275
2026-06-22 10:00:00+00:00,0.08948974727566755,0.08948974727566755,0.08948974727566755,0.08948974727566755,25497402.456307184
2026-06-22 11:00:00+00:00,0.0896186495324963,0.0896186495324963,0.0896186495324963,0.0896186495324963,26297780.653425593
2026-06-22 12:00:00+00:00,0.091566931784511,0.091566931784511,0.091566931784511,0.091566931784511,27984283.27002367
2026-06-22 13:00:00+00:00,0.09150838339560496,0.09150838339560496,0.09150838339560496,0.09150838339560496,21252847.657378867
2026-06-22 14:00:00+00:00,0.09229651310529155,0.09229651310529155,0.09229651310529155,0.09229651310529155,30378384.360772364
2026-06-22 15:00:00+00:00,0.09088961956482704,0.09088961956482704,0.09088961956482704,0.09088961956482704,31153165.42292829
2026-06-22 16:00:00+00:00,0.0903086898983117,0.0903086898983117,0.0903086898983117,0.0903086898983117,31597153.856216386
2026-06-22 17:00:00+00:00,0.09034654120194008,0.09034654120194008,0.09034654120194008,0.09034654120194008,31477954.235513404
2026-06-22 18:00:00+00:00,0.09002098227503502,0.09002098227503502,0.09002098227503502,0.09002098227503502,31387297.84011801
2026-06-22 19:00:00+00:00,0.08961107086199928,0.08961107086199928,0.08961107086199928,0.08961107086199928,29326266.177319385
2026-06-22 20:00:00+00:00,0.09001057778888656,0.09001057778888656,0.09001057778888656,0.09001057778888656,31566194.774299152
2026-06-22 21:00:00+00:00,0.09037966596914135,0.09037966596914135,0.09037966596914135,0.09037966596914135,31525558.268480457
2026-06-22 22:00:00+00:00,0.08990430201849905,0.08990430201849905,0.08990430201849905,0.08990430201849905,30982942.84383059
2026-06-22 23:00:00+00:00,0.08921335035410427,0.08921335035410427,0.08921335035410427,0.08921335035410427,29753024.27001284
2026-06-23 00:00:00+00:00,0.08941830687404156,0.08941830687404156,0.08941830687404156,0.08941830687404156,29367468.499100983
2026-06-23 01:00:00+00:00,0.09006460984803165,0.09006460984803165,0.09006460984803165,0.09006460984803165,26969253.006449938
2026-06-23 02:00:00+00:00,0.09065420303895148,0.09065420303895148,0.09065420303895148,0.09065420303895148,28570659.809683945
2026-06-23 03:00:00+00:00,0.09153535975140221,0.09153535975140221,0.09153535975140221,0.09153535975140221,27776169.99747622
2026-06-23 04:00:00+00:00,0.09267149091287792,0.09267149091287792,0.09267149091287792,0.09267149091287792,30164818.08672537
2026-06-23 05:00:00+00:00,0.0918861505277545,0.0918861505277545,0.0918861505277545,0.0918861505277545,29991451.042611882
2026-06-23 06:00:00+00:00,0.0910295024375743,0.0910295024375743,0.0910295024375743,0.0910295024375743,28315891.825297907
2026-06-23 07:00:00+00:00,0.08962722189701196,0.08962722189701196,0.08962722189701196,0.08962722189701196,30836668.527759258
2026-06-23 08:00:00+00:00,0.0902842363366824,0.0902842363366824,0.0902842363366824,0.0902842363366824,30699748.946592856
2026-06-23 09:00:00+00:00,0.0899646635646445,0.0899646635646445,0.0899646635646445,0.0899646635646445,31438933.374584768
2026-06-23 10:00:00+00:00,0.09039259773252763,0.09039259773252763,0.09039259773252763,0.09039259773252763,32072618.89353248
2026-06-23 11:00:00+00:00,0.08997767126091938,0.08997767126091938,0.08997767126091938,0.08997767126091938,32605302.85989993
2026-06-23 12:00:00+00:00,0.09175880280187595,0.09175880280187595,0.09175880280187595,0.09175880280187595,33489618.6838754
2026-06-23 13:00:00+00:00,0.09471430474562459,0.09471430474562459,0.09471430474562459,0.09471430474562459,41317400.76761814
2026-06-23 14:00:00+00:00,0.095116033491591,0.095116033491591,0.095116033491591,0.095116033491591,39329504.27077652
2026-06-23 15:00:00+00:00,0.09368791351819923,0.09368791351819923,0.09368791351819923,0.09368791351819923,48007751.78019316
2026-06-23 16:00:00+00:00,0.09264434009685824,0.09264434009685824,0.09264434009685824,0.09264434009685824,50246915.52977629
2026-06-23 17:00:00+00:00,0.09278118694537126,0.09278118694537126,0.09278118694537126,0.09278118694537126,51246994.28347597
2026-06-23 18:00:00+00:00,0.09260657707521153,0.09260657707521153,0.09260657707521153,0.09260657707521153,51603313.08514948
2026-06-23 19:00:00+00:00,0.09360567946995385,0.09360567946995385,0.09360567946995385,0.09360567946995385,52140865.47707889
2026-06-23 20:00:00+00:00,0.09383409494461951,0.09383409494461951,0.09383409494461951,0.09383409494461951,52670480.73911767
2026-06-23 21:00:00+00:00,0.09518112018370765,0.09518112018370765,0.09518112018370765,0.09518112018370765,47062318.6312769
2026-06-23 22:00:00+00:00,0.09535188118015113,0.09535188118015113,0.09535188118015113,0.09535188118015113,54805438.819719315
2026-06-23 23:00:00+00:00,0.09498648945618257,0.09498648945618257,0.09498648945618257,0.09498648945618257,54512449.65702032
2026-06-24 00:00:00+00:00,0.09442849103470127,0.09442849103470127,0.09442849103470127,0.09442849103470127,56334231.177346446
2026-06-24 01:00:00+00:00,0.09596315609905323,0.09596315609905323,0.09596315609905323,0.09596315609905323,50148416.242680855
2026-06-24 02:00:00+00:00,0.09569077309086525,0.09569077309086525,0.09569077309086525,0.09569077309086525,59083302.10485586
2026-06-24 03:00:00+00:00,0.0949780360222934,0.0949780360222934,0.0949780360222934,0.0949780360222934,59410684.44069088
2026-06-24 04:00:00+00:00,0.09398306243736555,0.09398306243736555,0.09398306243736555,0.09398306243736555,56423156.167119265
2026-06-24 05:00:00+00:00,0.09295395617472799,0.09295395617472799,0.09295395617472799,0.09295395617472799,56842077.90563406
2026-06-24 06:00:00+00:00,0.09266926149569553,0.09266926149569553,0.09266926149569553,0.09266926149569553,56346813.25313401
2026-06-24 07:00:00+00:00,0.0923213297042133,0.0923213297042133,0.0923213297042133,0.0923213297042133,55290975.76224923
2026-06-24 08:00:00+00:00,0.09154076330182861,0.09154076330182861,0.09154076330182861,0.09154076330182861,52358149.58005907
2026-06-24 09:00:00+00:00,0.0912372187053356,0.0912372187053356,0.0912372187053356,0.0912372187053356,54055374.317632824
2026-06-24 10:00:00+00:00,0.0909971509555202,0.0909971509555202,0.0909971509555202,0.0909971509555202,53072540.82988669
2026-06-24 11:00:00+00:00,0.09076680508167426,0.09076680508167426,0.09076680508167426,0.09076680508167426,53347454.13151518
2026-06-24 12:00:00+00:00,0.09121349021811616,0.09121349021811616,0.09121349021811616,0.09121349021811616,52791918.840450436
2026-06-24 13:00:00+00:00,0.0905119479318595,0.0905119479318595,0.0905119479318595,0.0905119479318595,46016077.747809835
2026-06-24 14:00:00+00:00,0.08880979087440206,0.08880979087440206,0.08880979087440206,0.08880979087440206,42024207.65087048
2026-06-24 15:00:00+00:00,0.08905710655765456,0.08905710655765456,0.08905710655765456,0.08905710655765456,42297305.17290491
2026-06-24 16:00:00+00:00,0.08914915899664627,0.08914915899664627,0.08914915899664627,0.08914915899664627,34463203.988422826
2026-06-24 17:00:00+00:00,0.0869782334572252,0.0869782334572252,0.0869782334572252,0.0869782334572252,38088220.72673529
2026-06-24 18:00:00+00:00,0.08654538707994552,0.08654538707994552,0.08654538707994552,0.08654538707994552,43970212.18650022
2026-06-24 19:00:00+00:00,0.08702183152517039,0.08702183152517039,0.08702183152517039,0.08702183152517039,48340975.24434227
2026-06-24 20:00:00+00:00,0.08712373611136223,0.08712373611136223,0.08712373611136223,0.08712373611136223,45776272.570393935
2026-06-24 21:00:00+00:00,0.08887408870404813,0.08887408870404813,0.08887408870404813,0.08887408870404813,50699102.66660409
2026-06-24 22:00:00+00:00,0.09015849362407645,0.09015849362407645,0.09015849362407645,0.09015849362407645,48084384.68479398
2026-06-24 23:00:00+00:00,0.08950104038677865,0.08950104038677865,0.08950104038677865,0.08950104038677865,45468837.12965221
2026-06-25 00:00:00+00:00,0.08971343007503892,0.08971343007503892,0.08971343007503892,0.08971343007503892,45965650.43432161
2026-06-25 01:00:00+00:00,0.08971010484511201,0.08971010484511201,0.08971010484511201,0.08971010484511201,45849866.430765525
2026-06-25 02:00:00+00:00,0.08958140211197735,0.08958140211197735,0.08958140211197735,0.08958140211197735,40459748.978007905
2026-06-25 03:00:00+00:00,0.08986923621023793,0.08986923621023793,0.08986923621023793,0.08986923621023793,37869460.44127022
2026-06-25 04:00:00+00:00,0.08940263186473393,0.08940263186473393,0.08940263186473393,0.08940263186473393,44224774.48156296
2026-06-25 05:00:00+00:00,0.08966995536005322,0.08966995536005322,0.08966995536005322,0.08966995536005322,43895078.81132229
2026-06-25 06:00:00+00:00,0.0902452255660233,0.0902452255660233,0.0902452255660233,0.0902452255660233,43577784.2535723
2026-06-25 07:00:00+00:00,0.09013252645947739,0.09013252645947739,0.09013252645947739,0.09013252645947739,43378417.114870094
2026-06-25 08:00:00+00:00,0.08962796494812299,0.08962796494812299,0.08962796494812299,0.08962796494812299,38651830.03587568
2026-06-25 09:00:00+00:00,0.08926028590007026,0.08926028590007026,0.08926028590007026,0.08926028590007026,42511339.45631907
2026-06-25 10:00:00+00:00,0.08924877323681481,0.08924877323681481,0.08924877323681481,0.08924877323681481,42287369.7192305
2026-06-25 11:00:00+00:00,0.0888490413476113,0.0888490413476113,0.0888490413476113,0.0888490413476113,41539125.66653145
2026-06-25 12:00:00+00:00,0.08869292338172703,0.08869292338172703,0.08869292338172703,0.08869292338172703,41103937.308139175
2026-06-25 13:00:00+00:00,0.08887668115955949,0.08887668115955949,0.08887668115955949,0.08887668115955949,40626497.02739732
2026-06-25 14:00:00+00:00,0.08430422904259159,0.08430422904259159,0.08430422904259159,0.08430422904259159,41316657.2929332
2026-06-25 15:00:00+00:00,0.08508732098398517,0.08508732098398517,0.08508732098398517,0.08508732098398517,43150265.68215296
2026-06-25 16:00:00+00:00,0.08637244586334117,0.08637244586334117,0.08637244586334117,0.08637244586334117,41392558.98853664
2026-06-25 17:00:00+00:00,0.08498018905834662,0.08498018905834662,0.08498018905834662,0.08498018905834662,38233816.741600245
2026-06-25 18:00:00+00:00,0.0851184509411021,0.0851184509411021,0.0851184509411021,0.0851184509411021,35980617.964503184
2026-06-25 19:00:00+00:00,0.08450670408594628,0.08450670408594628,0.08450670408594628,0.08450670408594628,34252064.76166106
2026-06-25 20:00:00+00:00,0.0841998457140679,0.0841998457140679,0.0841998457140679,0.0841998457140679,32859902.930365082
2026-06-25 21:00:00+00:00,0.08382790245758062,0.08382790245758062,0.08382790245758062,0.08382790245758062,31760860.846483503
2026-06-25 22:00:00+00:00,0.085013388731261,0.085013388731261,0.085013388731261,0.085013388731261,31589431.713714004
2026-06-25 23:00:00+00:00,0.08479965056134549,0.08479965056134549,0.08479965056134549,0.08479965056134549,31790184.95765777
2026-06-26 00:00:00+00:00,0.08489518652607202,0.08489518652607202,0.08489518652607202,0.08489518652607202,31482191.110709097
2026-06-26 01:00:00+00:00,0.084791767492716,0.084791767492716,0.084791767492716,0.084791767492716,28862352.96097984
2026-06-26 02:00:00+00:00,0.08398912884998194,0.08398912884998194,0.08398912884998194,0.08398912884998194,30577466.13623088
2026-06-26 03:00:00+00:00,0.08214264271313611,0.08214264271313611,0.08214264271313611,0.08214264271313611,30869573.876761347
2026-06-26 04:00:00+00:00,0.08342597170465559,0.08342597170465559,0.08342597170465559,0.08342597170465559,32440724.925930135
2026-06-26 05:00:00+00:00,0.08306436554796977,0.08306436554796977,0.08306436554796977,0.08306436554796977,32449817.582310442
2026-06-26 06:00:00+00:00,0.08337102674104131,0.08337102674104131,0.08337102674104131,0.08337102674104131,31786472.905818686
2026-06-26 07:00:00+00:00,0.0841336173731654,0.0841336173731654,0.0841336173731654,0.0841336173731654,31454500.700823326
2026-06-26 08:00:00+00:00,0.08484068995800369,0.08484068995800369,0.08484068995800369,0.08484068995800369,32994581.614219062
2026-06-26 09:00:00+00:00,0.0837478654666027,0.0837478654666027,0.0837478654666027,0.0837478654666027,33914734.63027702
2026-06-26 10:00:00+00:00,0.08292711545867998,0.08292711545867998,0.08292711545867998,0.08292711545867998,33572221.93163702
2026-06-26 11:00:00+00:00,0.08249115703550386,0.08249115703550386,0.08249115703550386,0.08249115703550386,33315484.304282133
2026-06-26 12:00:00+00:00,0.08250774668666873,0.08250774668666873,0.08250774668666873,0.08250774668666873,33027101.36626424
2026-06-26 13:00:00+00:00,0.08177625746201013,0.08177625746201013,0.08177625746201013,0.08177625746201013,30308535.12782017
2026-06-26 14:00:00+00:00,0.0829003728559424,0.0829003728559424,0.0829003728559424,0.0829003728559424,34691859.179856345
2026-06-26 15:00:00+00:00,0.08287661962414089,0.08287661962414089,0.08287661962414089,0.08287661962414089,31129444.1852921
2026-06-26 16:00:00+00:00,0.08384190648269345,0.08384190648269345,0.08384190648269345,0.08384190648269345,33468602.33973937
2026-06-26 17:00:00+00:00,0.08416105022360694,0.08416105022360694,0.08416105022360694,0.08416105022360694,32715276.33087829
2026-06-26 18:00:00+00:00,0.08396920003157847,0.08396920003157847,0.08396920003157847,0.08396920003157847,32906529.024950113
2026-06-26 19:00:00+00:00,0.08345172849303314,0.08345172849303314,0.08345172849303314,0.08345172849303314,30601869.421486016
2026-06-26 20:00:00+00:00,0.08325114896206778,0.08325114896206778,0.08325114896206778,0.08325114896206778,32816048.638373572
2026-06-26 21:00:00+00:00,0.08271915636398866,0.08271915636398866,0.08271915636398866,0.08271915636398866,32579091.43688991
2026-06-26 22:00:00+00:00,0.08272818525525434,0.08272818525525434,0.08272818525525434,0.08272818525525434,32807268.24458228
2026-06-26 23:00:00+00:00,0.08264661285357172,0.08264661285357172,0.08264661285357172,0.08264661285357172,34811760.557777084
2026-06-27 00:00:00+00:00,0.08299333002091366,0.08299333002091366,0.08299333002091366,0.08299333002091366,35358337.39084614
2026-06-27 01:00:00+00:00,0.0833857685567776,0.0833857685567776,0.0833857685567776,0.0833857685567776,33333345.212093912
2026-06-27 02:00:00+00:00,0.08445257916447613,0.08445257916447613,0.08445257916447613,0.08445257916447613,34346531.12235076
2026-06-27 03:00:00+00:00,0.08456724968419384,0.08456724968419384,0.08456724968419384,0.08456724968419384,33195512.761592105
2026-06-27 04:00:00+00:00,0.08532397542675703,0.08532397542675703,0.08532397542675703,0.08532397542675703,33085962.097271375
2026-06-27 05:00:00+00:00,0.08584960436673422,0.08584960436673422,0.08584960436673422,0.08584960436673422,34101740.162951745
2026-06-27 06:00:00+00:00,0.08547888156114589,0.08547888156114589,0.08547888156114589,0.08547888156114589,33564141.745019116
2026-06-27 07:00:00+00:00,0.086437374959417,0.086437374959417,0.086437374959417,0.086437374959417,34125822.201359004
2026-06-27 08:00:00+00:00,0.08615365965170792,0.08615365965170792,0.08615365965170792,0.08615365965170792,34366854.50050248
2026-06-27 09:00:00+00:00,0.08553545348996988,0.08553545348996988,0.08553545348996988,0.08553545348996988,34142025.83889108
2026-06-27 10:00:00+00:00,0.08551385601831317,0.08551385601831317,0.08551385601831317,0.08551385601831317,33682770.647086784
2026-06-27 11:00:00+00:00,0.08570824344687704,0.08570824344687704,0.08570824344687704,0.08570824344687704,33558602.339539126
2026-06-27 12:00:00+00:00,0.08727962021739585,0.08727962021739585,0.08727962021739585,0.08727962021739585,34737565.766626425
2026-06-27 13:00:00+00:00,0.08685065216267279,0.08685065216267279,0.08685065216267279,0.08685065216267279,36307382.69603628
2026-06-27 14:00:00+00:00,0.08640406991562022,0.08640406991562022,0.08640406991562022,0.08640406991562022,32602342.17348586
2026-06-27 15:00:00+00:00,0.0863405775900014,0.0863405775900014,0.0863405775900014,0.0863405775900014,29046696.914065883
2026-06-27 16:00:00+00:00,0.08678493024109718,0.08678493024109718,0.08678493024109718,0.08678493024109718,29975226.107727654
2026-06-27 17:00:00+00:00,0.08626720139279484,0.08626720139279484,0.08626720139279484,0.08626720139279484,28594743.233227532
2026-06-27 18:00:00+00:00,0.08543202117453877,0.08543202117453877,0.08543202117453877,0.08543202117453877,27523911.942938942
2026-06-27 19:00:00+00:00,0.0856677461485047,0.0856677461485047,0.0856677461485047,0.0856677461485047,26851151.899233382
2026-06-27 20:00:00+00:00,0.08513264273231173,0.08513264273231173,0.08513264273231173,0.08513264273231173,27516302.014033876
2026-06-27 21:00:00+00:00,0.0872581403890562,0.0872581403890562,0.0872581403890562,0.0872581403890562,29189555.447487805
2026-06-27 22:00:00+00:00,0.08542340816065475,0.08542340816065475,0.08542340816065475,0.08542340816065475,31156306.6860296
2026-06-27 23:00:00+00:00,0.0856845564242307,0.0856845564242307,0.0856845564242307,0.0856845564242307,31411500.173987158
2026-06-28 00:00:00+00:00,0.08602986821551427,0.08602986821551427,0.08602986821551427,0.08602986821551427,31800325.9197583
2026-06-28 01:00:00+00:00,0.08664525521077752,0.08664525521077752,0.08664525521077752,0.08664525521077752,30424234.918250963
2026-06-28 02:00:00+00:00,0.0870425543092188,0.0870425543092188,0.0870425543092188,0.0870425543092188,30501809.187072095
2026-06-28 03:00:00+00:00,0.08760529614280892,0.08760529614280892,0.08760529614280892,0.08760529614280892,29949232.114238936
2026-06-28 04:00:00+00:00,0.08878765495282123,0.08878765495282123,0.08878765495282123,0.08878765495282123,31977051.865957115
2026-06-28 05:00:00+00:00,0.08796087594477812,0.08796087594477812,0.08796087594477812,0.08796087594477812,30500449.343283344
2026-06-28 06:00:00+00:00,0.0872839100983453,0.0872839100983453,0.0872839100983453,0.0872839100983453,30749731.463004842
2026-06-28 07:00:00+00:00,0.08833590637767942,0.08833590637767942,0.08833590637767942,0.08833590637767942,31298304.80260408
2026-06-28 08:00:00+00:00,0.08795388066742693,0.08795388066742693,0.08795388066742693,0.08795388066742693,30813458.46108508
2026-06-28 09:00:00+00:00,0.08804417054109809,0.08804417054109809,0.08804417054109809,0.08804417054109809,30337146.900783904
2026-06-28 10:00:00+00:00,0.08692618047628586,0.08692618047628586,0.08692618047628586,0.08692618047628586,30009815.644767854
2026-06-28 11:00:00+00:00,0.08663788244396323,0.08663788244396323,0.08663788244396323,0.08663788244396323,30024398.82372649
2026-06-28 12:00:00+00:00,0.08644126471371147,0.08644126471371147,0.08644126471371147,0.08644126471371147,29198108.23228075
2026-06-28 13:00:00+00:00,0.08661729981192039,0.08661729981192039,0.08661729981192039,0.08661729981192039,29140529.314124525
2026-06-28 14:00:00+00:00,0.08605062770551969,0.08605062770551969,0.08605062770551969,0.08605062770551969,27978373.544644017
2026-06-28 15:00:00+00:00,0.08602950469396223,0.08602950469396223,0.08602950469396223,0.08602950469396223,25262654.411770873
2026-06-28 16:00:00+00:00,0.08607964057367695,0.08607964057367695,0.08607964057367695,0.08607964057367695,27043705.789775625
2026-06-28 17:00:00+00:00,0.08618416181899878,0.08618416181899878,0.08618416181899878,0.08618416181899878,27134738.778168533
2026-06-28 18:00:00+00:00,0.08657689456891272,0.08657689456891272,0.08657689456891272,0.08657689456891272,27356076.55417729
2026-06-28 19:00:00+00:00,0.08666403371945071,0.08666403371945071,0.08666403371945071,0.08666403371945071,28518751.226331837
2026-06-28 20:00:00+00:00,0.08638374998746809,0.08638374998746809,0.08638374998746809,0.08638374998746809,27842840.18502231
2026-06-28 21:00:00+00:00,0.08746150961540035,0.08746150961540035,0.08746150961540035,0.08746150961540035,26924167.54271961
2026-06-28 22:00:00+00:00,0.0870540170817909,0.0870540170817909,0.0870540170817909,0.0870540170817909,24665304.57254338
2026-06-28 23:00:00+00:00,0.08650236022520005,0.08650236022520005,0.08650236022520005,0.08650236022520005,25096006.34877542
2026-06-29 00:00:00+00:00,0.08750077865764792,0.08750077865764792,0.08750077865764792,0.08750077865764792,27199905.67749114
2026-06-29 01:00:00+00:00,0.08844938926172663,0.08844938926172663,0.08844938926172663,0.08844938926172663,27725097.901929766
2026-06-29 02:00:00+00:00,0.088474674699094,0.088474674699094,0.088474674699094,0.088474674699094,28192905.80430731
2026-06-29 03:00:00+00:00,0.08876465265589453,0.08876465265589453,0.08876465265589453,0.08876465265589453,28324334.79183056
2026-06-29 04:00:00+00:00,0.08954314127931771,0.08954314127931771,0.08954314127931771,0.08954314127931771,28585210.6153793
2026-06-29 05:00:00+00:00,0.08875467941194691,0.08875467941194691,0.08875467941194691,0.08875467941194691,27442794.849907734
2026-06-29 06:00:00+00:00,0.08785173563742844,0.08785173563742844,0.08785173563742844,0.08785173563742844,27052453.12995282
2026-06-29 07:00:00+00:00,0.08769724377082025,0.08769724377082025,0.08769724377082025,0.08769724377082025,25968646.71912355
2026-06-29 08:00:00+00:00,0.08651190210130968,0.08651190210130968,0.08651190210130968,0.08651190210130968,27114388.654553887
2026-06-29 09:00:00+00:00,0.08670502940979348,0.08670502940979348,0.08670502940979348,0.08670502940979348,27634870.23926126
2026-06-29 10:00:00+00:00,0.08734109763482238,0.08734109763482238,0.08734109763482238,0.08734109763482238,27600186.327542387
2026-06-29 11:00:00+00:00,0.08737633887564572,0.08737633887564572,0.08737633887564572,0.08737633887564572,27339718.76340477
2026-06-29 12:00:00+00:00,0.08723715216065382,0.08723715216065382,0.08723715216065382,0.08723715216065382,27598782.80968769
2026-06-29 13:00:00+00:00,0.08736734511298337,0.08736734511298337,0.08736734511298337,0.08736734511298337,28453964.980663594
2026-06-29 14:00:00+00:00,0.08671466959882636,0.08671466959882636,0.08671466959882636,0.08671466959882636,28770330.883258335
2026-06-29 15:00:00+00:00,0.08692261299830495,0.08692261299830495,0.08692261299830495,0.08692261299830495,30308551.141511697
2026-06-29 16:00:00+00:00,0.08569890501856085,0.08569890501856085,0.08569890501856085,0.08569890501856085,31523597.61487161
2026-06-29 17:00:00+00:00,0.08489912988024445,0.08489912988024445,0.08489912988024445,0.08489912988024445,31918095.05405337
2026-06-29 18:00:00+00:00,0.08592232803476056,0.08592232803476056,0.08592232803476056,0.08592232803476056,33816833.710875355
2026-06-29 19:00:00+00:00,0.08645809417417138,0.08645809417417138,0.08645809417417138,0.08645809417417138,34905618.29385202
2026-06-29 20:00:00+00:00,0.08657501597601558,0.08657501597601558,0.08657501597601558,0.08657501597601558,35132108.857076265
2026-06-29 21:00:00+00:00,0.08603451799692433,0.08603451799692433,0.08603451799692433,0.08603451799692433,35241373.492649764
2026-06-29 22:00:00+00:00,0.08627542456009131,0.08627542456009131,0.08627542456009131,0.08627542456009131,34302027.991436996
2026-06-29 23:00:00+00:00,0.08590059850051707,0.08590059850051707,0.08590059850051707,0.08590059850051707,33362712.795330193
2026-06-30 00:00:00+00:00,0.08561800039425245,0.08561800039425245,0.08561800039425245,0.08561800039425245,33104547.0720766
2026-06-30 01:00:00+00:00,0.08550086928361558,0.08550086928361558,0.08550086928361558,0.08550086928361558,33079476.54977787
2026-06-30 02:00:00+00:00,0.08531377699868518,0.08531377699868518,0.08531377699868518,0.08531377699868518,32602837.386129543
2026-06-30 03:00:00+00:00,0.08537551443877038,0.08537551443877038,0.08537551443877038,0.08537551443877038,32677039.497014888
2026-06-30 04:00:00+00:00,0.08518648119344416,0.08518648119344416,0.08518648119344416,0.08518648119344416,32270118.12185794
2026-06-30 05:00:00+00:00,0.08585235439146312,0.08585235439146312,0.08585235439146312,0.08585235439146312,33135695.54792226
2026-06-30 06:00:00+00:00,0.08633370981125188,0.08633370981125188,0.08633370981125188,0.08633370981125188,33681956.78885092
2026-06-30 07:00:00+00:00,0.08638962625019508,0.08638962625019508,0.08638962625019508,0.08638962625019508,34015895.42438404
2026-06-30 08:00:00+00:00,0.08639572933100127,0.08639572933100127,0.08639572933100127,0.08639572933100127,33026294.342646066
2026-06-30 09:00:00+00:00,0.0854679016443169,0.0854679016443169,0.0854679016443169,0.0854679016443169,32682734.494584657
2026-06-30 10:00:00+00:00,0.08497685928288207,0.08497685928288207,0.08497685928288207,0.08497685928288207,32423365.62339556
2026-06-30 11:00:00+00:00,0.08506963368405777,0.08506963368405777,0.08506963368405777,0.08506963368405777,32719895.203901373
2026-06-30 12:00:00+00:00,0.08417377618083141,0.08417377618083141,0.08417377618083141,0.08417377618083141,32684734.342045084
2026-06-30 13:00:00+00:00,0.0833636587580318,0.0833636587580318,0.0833636587580318,0.0833636587580318,33161973.26089321
2026-06-30 14:00:00+00:00,0.08382186736885522,0.08382186736885522,0.08382186736885522,0.08382186736885522,33792071.176688574
2026-06-30 15:00:00+00:00,0.08303288149829809,0.08303288149829809,0.08303288149829809,0.08303288149829809,33087272.423553817
2026-06-30 16:00:00+00:00,0.08238311747759855,0.08238311747759855,0.08238311747759855,0.08238311747759855,32114302.528793786
2026-06-30 17:00:00+00:00,0.08261247308766462,0.08261247308766462,0.08261247308766462,0.08261247308766462,32370690.91607965
2026-06-30 18:00:00+00:00,0.08220886699947018,0.08220886699947018,0.08220886699947018,0.08220886699947018,30909283.895285856
2026-06-30 19:00:00+00:00,0.08267593926949397,0.08267593926949397,0.08267593926949397,0.08267593926949397,29902726.68176296
2026-06-30 20:00:00+00:00,0.08225985976530065,0.08225985976530065,0.08225985976530065,0.08225985976530065,29556987.624461297
2026-06-30 21:00:00+00:00,0.08174554592254964,0.08174554592254964,0.08174554592254964,0.08174554592254964,29222159.432324085
2026-06-30 22:00:00+00:00,0.08323499839568038,0.08323499839568038,0.08323499839568038,0.08323499839568038,31216703.857660204
2026-06-30 23:00:00+00:00,0.08239770415344064,0.08239770415344064,0.08239770415344064,0.08239770415344064,31776486.460053366
2026-07-01 00:00:00+00:00,0.08286920817788394,0.08286920817788394,0.08286920817788394,0.08286920817788394,32498167.40453681
2026-07-01 01:00:00+00:00,0.0824996724145659,0.0824996724145659,0.0824996724145659,0.0824996724145659,32232493.98187103
2026-07-01 02:00:00+00:00,0.08290097931871428,0.08290097931871428,0.08290097931871428,0.08290097931871428,33777786.10022216
2026-07-01 03:00:00+00:00,0.08284154766633017,0.08284154766633017,0.08284154766633017,0.08284154766633017,34059238.9456174
2026-07-01 04:00:00+00:00,0.08341067363085028,0.08341067363085028,0.08341067363085028,0.08341067363085028,35161817.44918716
2026-07-01 05:00:00+00:00,0.08355374933999118,0.08355374933999118,0.08355374933999118,0.08355374933999118,34862451.107834615
2026-07-01 06:00:00+00:00,0.08311227832718188,0.08311227832718188,0.08311227832718188,0.08311227832718188,34406602.18835197
2026-07-01 07:00:00+00:00,0.08261799685201147,0.08261799685201147,0.08261799685201147,0.08261799685201147,33964795.11187561
2026-07-01 08:00:00+00:00,0.08273919091727718,0.08273919091727718,0.08273919091727718,0.08273919091727718,33310450.882884163
2026-07-01 09:00:00+00:00,0.08324176246672396,0.08324176246672396,0.08324176246672396,0.08324176246672396,32710660.236912943
2026-07-01 10:00:00+00:00,0.08389229035572895,0.08389229035572895,0.08389229035572895,0.08389229035572895,34103309.7627933
2026-07-01 11:00:00+00:00,0.08341355617915669,0.08341355617915669,0.08341355617915669,0.08341355617915669,33762113.28589288
2026-07-01 12:00:00+00:00,0.08321235769726164,0.08321235769726164,0.08321235769726164,0.08321235769726164,33018028.19814621
2026-07-01 13:00:00+00:00,0.08329029987038306,0.08329029987038306,0.08329029987038306,0.08329029987038306,31924910.843125563
2026-07-01 14:00:00+00:00,0.08396179853114186,0.08396179853114186,0.08396179853114186,0.08396179853114186,31937530.265514422
2026-07-01 15:00:00+00:00,0.08518077138474248,0.08518077138474248,0.08518077138474248,0.08518077138474248,31860489.791420635
2026-07-01 16:00:00+00:00,0.08499859501506807,0.08499859501506807,0.08499859501506807,0.08499859501506807,31564105.505719785
2026-07-01 17:00:00+00:00,0.0844430159487992,0.0844430159487992,0.0844430159487992,0.0844430159487992,30590438.141794354
2026-07-01 18:00:00+00:00,0.0856231237464065,0.0856231237464065,0.0856231237464065,0.0856231237464065,31045129.13634996
2026-07-01 19:00:00+00:00,0.08535619359144758,0.08535619359144758,0.08535619359144758,0.08535619359144758,31605585.048140194
2026-07-01 20:00:00+00:00,0.08552891561773902,0.08552891561773902,0.08552891561773902,0.08552891561773902,31570121.84289048
2026-07-01 21:00:00+00:00,0.08558083833724064,0.08558083833724064,0.08558083833724064,0.08558083833724064,32244729.61851831
2026-07-01 22:00:00+00:00,0.08679737090126159,0.08679737090126159,0.08679737090126159,0.08679737090126159,31471715.919107243
2026-07-01 23:00:00+00:00,0.08595133500288984,0.08595133500288984,0.08595133500288984,0.08595133500288984,31129018.94900825
2026-07-02 00:00:00+00:00,0.08433605353971006,0.08433605353971006,0.08433605353971006,0.08433605353971006,30144439.856704466
2026-07-02 01:00:00+00:00,0.08459430443737666,0.08459430443737666,0.08459430443737666,0.08459430443737666,29743490.909653306
2026-07-02 02:00:00+00:00,0.08517947112469819,0.08517947112469819,0.08517947112469819,0.08517947112469819,28576991.330912437
2026-07-02 03:00:00+00:00,0.08541362390129108,0.08541362390129108,0.08541362390129108,0.08541362390129108,28176437.02989475
2026-07-02 04:00:00+00:00,0.08589705016578077,0.08589705016578077,0.08589705016578077,0.08589705016578077,27395394.550522808
2026-07-02 05:00:00+00:00,0.08571932595105651,0.08571932595105651,0.08571932595105651,0.08571932595105651,26871657.942073613
2026-07-02 06:00:00+00:00,0.08559799622282589,0.08559799622282589,0.08559799622282589,0.08559799622282589,26581674.611370116
2026-07-02 07:00:00+00:00,0.0849457748097643,0.0849457748097643,0.0849457748097643,0.0849457748097643,27416172.432376787
2026-07-02 08:00:00+00:00,0.0855546341469528,0.0855546341469528,0.0855546341469528,0.0855546341469528,28113220.694883224
2026-07-02 09:00:00+00:00,0.08563133909917237,0.08563133909917237,0.08563133909917237,0.08563133909917237,28888234.216547158
2026-07-02 10:00:00+00:00,0.08615468669330717,0.08615468669330717,0.08615468669330717,0.08615468669330717,29039610.381893598
2026-07-02 11:00:00+00:00,0.08618250120992223,0.08618250120992223,0.08618250120992223,0.08618250120992223,29182965.721932087
2026-07-02 12:00:00+00:00,0.0865845198189099,0.0865845198189099,0.0865845198189099,0.0865845198189099,30485344.01247708
2026-07-02 13:00:00+00:00,0.08658366276361042,0.08658366276361042,0.08658366276361042,0.08658366276361042,28587290.532574303
2026-07-02 14:00:00+00:00,0.0874229485268965,0.0874229485268965,0.0874229485268965,0.0874229485268965,30159964.220350627
2026-07-02 15:00:00+00:00,0.08630303743551562,0.08630303743551562,0.08630303743551562,0.08630303743551562,30389255.278805286
2026-07-02 16:00:00+00:00,0.08608585428601279,0.08608585428601279,0.08608585428601279,0.08608585428601279,30082241.949688997
2026-07-02 17:00:00+00:00,0.0864549880470038,0.0864549880470038,0.0864549880470038,0.0864549880470038,31336239.192870174
2026-07-02 18:00:00+00:00,0.08657892612364747,0.08657892612364747,0.08657892612364747,0.08657892612364747,30798519.877459552
2026-07-02 19:00:00+00:00,0.08651804902942266,0.08651804902942266,0.08651804902942266,0.08651804902942266,25033650.794227898
2026-07-02 20:00:00+00:00,0.08561410953314963,0.08561410953314963,0.08561410953314963,0.08561410953314963,24907074.966779232
2026-07-02 21:00:00+00:00,0.08575230690720956,0.08575230690720956,0.08575230690720956,0.08575230690720956,26614807.94601119
2026-07-02 22:00:00+00:00,0.08612291396527662,0.08612291396527662,0.08612291396527662,0.08612291396527662,28809498.439775813
2026-07-02 23:00:00+00:00,0.08623367024587948,0.08623367024587948,0.08623367024587948,0.08623367024587948,26425977.45602385
2026-07-03 00:00:00+00:00,0.0865335082779687,0.0865335082779687,0.0865335082779687,0.0865335082779687,25778735.054907214
2026-07-03 01:00:00+00:00,0.08724626589991441,0.08724626589991441,0.08724626589991441,0.08724626589991441,28210868.77634563
2026-07-03 02:00:00+00:00,0.08840398110361326,0.08840398110361326,0.08840398110361326,0.08840398110361326,28736541.384174224
2026-07-03 03:00:00+00:00,0.08734161510906065,0.08734161510906065,0.08734161510906065,0.08734161510906065,31943091.833393145
2026-07-03 04:00:00+00:00,0.08699980528403028,0.08699980528403028,0.08699980528403028,0.08699980528403028,29596279.47700032
2026-07-03 05:00:00+00:00,0.08678931945872652,0.08678931945872652,0.08678931945872652,0.08678931945872652,29892035.273408372
2026-07-03 06:00:00+00:00,0.086950934526325,0.086950934526325,0.086950934526325,0.086950934526325,29059610.341811746
2026-07-03 07:00:00+00:00,0.08749458284753864,0.08749458284753864,0.08749458284753864,0.08749458284753864,28929404.423407163
2026-07-03 08:00:00+00:00,0.08762901448652334,0.08762901448652334,0.08762901448652334,0.08762901448652334,30646756.774299834
2026-07-03 09:00:00+00:00,0.08773095184486368,0.08773095184486368,0.08773095184486368,0.08773095184486368,30189078.36113699
2026-07-03 10:00:00+00:00,0.08763867953222075,0.08763867953222075,0.08763867953222075,0.08763867953222075,26837664.67697659
2026-07-03 11:00:00+00:00,0.08795414983276142,0.08795414983276142,0.08795414983276142,0.08795414983276142,29110384.799945902
2026-07-03 12:00:00+00:00,0.0879861350993419,0.0879861350993419,0.0879861350993419,0.0879861350993419,28545948.47191549
2026-07-03 13:00:00+00:00,0.08814466468320795,0.08814466468320795,0.08814466468320795,0.08814466468320795,27835235.878843587
2026-07-03 14:00:00+00:00,0.08856977528338024,0.08856977528338024,0.08856977528338024,0.08856977528338024,22523778.720011055
2026-07-03 15:00:00+00:00,0.08827189345598699,0.08827189345598699,0.08827189345598699,0.08827189345598699,24263024.367214303
2026-07-03 16:00:00+00:00,0.08831559095522479,0.08831559095522479,0.08831559095522479,0.08831559095522479,25550965.61376592
2026-07-03 17:00:00+00:00,0.08911342580473175,0.08911342580473175,0.08911342580473175,0.08911342580473175,25777120.983611528
2026-07-03 18:00:00+00:00,0.08918250350339724,0.08918250350339724,0.08918250350339724,0.08918250350339724,25785776.93260968
2026-07-03 19:00:00+00:00,0.08913600286271461,0.08913600286271461,0.08913600286271461,0.08913600286271461,25030852.501609568
2026-07-03 20:00:00+00:00,0.08998965502146371,0.08998965502146371,0.08998965502146371,0.08998965502146371,26869570.03645817
2026-07-03 21:00:00+00:00,0.09013364520870994,0.09013364520870994,0.09013364520870994,0.09013364520870994,25507167.285379574
2026-07-03 22:00:00+00:00,0.09002871665988399,0.09002871665988399,0.09002871665988399,0.09002871665988399,21315375.892036606
2026-07-03 23:00:00+00:00,0.08950020669563623,0.08950020669563623,0.08950020669563623,0.08950020669563623,27528173.300161485
2026-07-04 00:00:00+00:00,0.0892618710727462,0.0892618710727462,0.0892618710727462,0.0892618710727462,25693589.347042523
2026-07-04 01:00:00+00:00,0.08967386114504597,0.08967386114504597,0.08967386114504597,0.08967386114504597,25699758.89349234
2026-07-04 02:00:00+00:00,0.08964086499589717,0.08964086499589717,0.08964086499589717,0.08964086499589717,25927775.715944435
2026-07-04 03:00:00+00:00,0.08983701821472145,0.08983701821472145,0.08983701821472145,0.08983701821472145,26671277.346501306
2026-07-04 04:00:00+00:00,0.08951283293941896,0.08951283293941896,0.08951283293941896,0.08951283293941896,26525401.928894937
2026-07-04 05:00:00+00:00,0.0894433036281625,0.0894433036281625,0.0894433036281625,0.0894433036281625,27743773.410680566
2026-07-04 06:00:00+00:00,0.08891978207004146,0.08891978207004146,0.08891978207004146,0.08891978207004146,26759381.528296083
2026-07-04 07:00:00+00:00,0.08895341232610028,0.08895341232610028,0.08895341232610028,0.08895341232610028,26729005.873174593
2026-07-04 08:00:00+00:00,0.0884364598417413,0.0884364598417413,0.0884364598417413,0.0884364598417413,26346104.09709513
2026-07-04 09:00:00+00:00,0.08920321620859785,0.08920321620859785,0.08920321620859785,0.08920321620859785,26554155.515732106
2026-07-04 10:00:00+00:00,0.0887100948067444,0.0887100948067444,0.0887100948067444,0.0887100948067444,27421791.965156134
2026-07-04 11:00:00+00:00,0.08923016026098987,0.08923016026098987,0.08923016026098987,0.08923016026098987,26346673.27670325
2026-07-04 12:00:00+00:00,0.08923958229429732,0.08923958229429732,0.08923958229429732,0.08923958229429732,26266665.6868166
2026-07-04 13:00:00+00:00,0.08961472511672676,0.08961472511672676,0.08961472511672676,0.08961472511672676,19708761.859026983
2026-07-04 14:00:00+00:00,0.08923880423519287,0.08923880423519287,0.08923880423519287,0.08923880423519287,21464702.402242668
2026-07-04 15:00:00+00:00,0.08981211112505322,0.08981211112505322,0.08981211112505322,0.08981211112505322,25618590.10762309
2026-07-04 16:00:00+00:00,0.0908094105406637,0.0908094105406637,0.0908094105406637,0.0908094105406637,24472948.8316332
2026-07-04 17:00:00+00:00,0.0908178021875111,0.0908178021875111,0.0908178021875111,0.0908178021875111,23750981.808642626
2026-07-04 18:00:00+00:00,0.09186662767313714,0.09186662767313714,0.09186662767313714,0.09186662767313714,25065348.04708356
2026-07-04 19:00:00+00:00,0.09129898176092456,0.09129898176092456,0.09129898176092456,0.09129898176092456,25247813.62686667
2026-07-04 20:00:00+00:00,0.09102193447511311,0.09102193447511311,0.09102193447511311,0.09102193447511311,24071839.50535703
2026-07-04 21:00:00+00:00,0.09121482675944348,0.09121482675944348,0.09121482675944348,0.09121482675944348,23491101.668603048
2026-07-04 22:00:00+00:00,0.09119428478933862,0.09119428478933862,0.09119428478933862,0.09119428478933862,22875846.89423096
2026-07-04 23:00:00+00:00,0.09066812872856639,0.09066812872856639,0.09066812872856639,0.09066812872856639,24285130.074574824
2026-07-05 00:00:00+00:00,0.09057057475594366,0.09057057475594366,0.09057057475594366,0.09057057475594366,24553467.322404876
2026-07-05 01:00:00+00:00,0.09040139298910749,0.09040139298910749,0.09040139298910749,0.09040139298910749,23338464.03530626
2026-07-05 02:00:00+00:00,0.08989616475025752,0.08989616475025752,0.08989616475025752,0.08989616475025752,25351488.981715824
2026-07-05 03:00:00+00:00,0.08959212936959982,0.08959212936959982,0.08959212936959982,0.08959212936959982,23081725.976544216
2026-07-05 04:00:00+00:00,0.090136606485217,0.090136606485217,0.090136606485217,0.090136606485217,22068507.885248657
2026-07-05 05:00:00+00:00,0.08922791347521668,0.08922791347521668,0.08922791347521668,0.08922791347521668,24943276.296592742
2026-07-05 06:00:00+00:00,0.08922924548658802,0.08922924548658802,0.08922924548658802,0.08922924548658802,24837564.619012736
2026-07-05 07:00:00+00:00,0.08941745056226529,0.08941745056226529,0.08941745056226529,0.08941745056226529,23128615.578365482
2026-07-05 08:00:00+00:00,0.08971264633265226,0.08971264633265226,0.08971264633265226,0.08971264633265226,24551874.7397856
2026-07-05 09:00:00+00:00,0.08989150975938939,0.08989150975938939,0.08989150975938939,0.08989150975938939,20535399.220554344
2026-07-05 10:00:00+00:00,0.08940603961289352,0.08940603961289352,0.08940603961289352,0.08940603961289352,23199010.80079957
2026-07-05 11:00:00+00:00,0.08945733782569616,0.08945733782569616,0.08945733782569616,0.08945733782569616,23955594.91466324
2026-07-05 12:00:00+00:00,0.08936505423702837,0.08936505423702837,0.08936505423702837,0.08936505423702837,21508468.698653128
2026-07-05 13:00:00+00:00,0.08974367142948256,0.08974367142948256,0.08974367142948256,0.08974367142948256,23330106.643243086
2026-07-05 14:00:00+00:00,0.08983545145959025,0.08983545145959025,0.08983545145959025,0.08983545145959025,22876583.935549527
2026-07-05 15:00:00+00:00,0.09003928407556863,0.09003928407556863,0.09003928407556863,0.09003928407556863,21815260.55650946
2026-07-05 16:00:00+00:00,0.08982406763275322,0.08982406763275322,0.08982406763275322,0.08982406763275322,21866972.390672997
2026-07-05 17:00:00+00:00,0.08983622079160368,0.08983622079160368,0.08983622079160368,0.08983622079160368,20176822.41843367
2026-07-05 18:00:00+00:00,0.09144007050659736,0.09144007050659736,0.09144007050659736,0.09144007050659736,20982889.098856356
2026-07-05 19:00:00+00:00,0.09071440350793893,0.09071440350793893,0.09071440350793893,0.09071440350793893,20230956.623300187
2026-07-05 20:00:00+00:00,0.09070731389393717,0.09070731389393717,0.09070731389393717,0.09070731389393717,20435284.34772452
2026-07-05 21:00:00+00:00,0.09034838135774748,0.09034838135774748,0.09034838135774748,0.09034838135774748,20416920.216230676
2026-07-05 22:00:00+00:00,0.09072783852007602,0.09072783852007602,0.09072783852007602,0.09072783852007602,20642082.54316942
2026-07-05 23:00:00+00:00,0.09096510986150402,0.09096510986150402,0.09096510986150402,0.09096510986150402,20694114.544634346
2026-07-06 00:00:00+00:00,0.09094614130363782,0.09094614130363782,0.09094614130363782,0.09094614130363782,20735476.28461298
2026-07-06 01:00:00+00:00,0.09063203463870621,0.09063203463870621,0.09063203463870621,0.09063203463870621,20264269.33034116
2026-07-06 02:00:00+00:00,0.09027813867560341,0.09027813867560341,0.09027813867560341,0.09027813867560341,17631191.902073268
2026-07-06 03:00:00+00:00,0.09003685719303049,0.09003685719303049,0.09003685719303049,0.09003685719303049,16335362.775752997
2026-07-06 04:00:00+00:00,0.08951093762627148,0.08951093762627148,0.08951093762627148,0.08951093762627148,15441736.97424377
2026-07-06 05:00:00+00:00,0.08842792595110185,0.08842792595110185,0.08842792595110185,0.08842792595110185,15724781.295802724
2026-07-06 06:00:00+00:00,0.08802544347463079,0.08802544347463079,0.08802544347463079,0.08802544347463079,16490789.120751275
2026-07-06 07:00:00+00:00,0.08779908716777915,0.08779908716777915,0.08779908716777915,0.08779908716777915,16560648.925209431
2026-07-06 08:00:00+00:00,0.08820141299214876,0.08820141299214876,0.08820141299214876,0.08820141299214876,16560172.982145127
2026-07-06 09:00:00+00:00,0.08800321203415876,0.08800321203415876,0.08800321203415876,0.08800321203415876,17908259.74017038
2026-07-06 10:00:00+00:00,0.08800206881945452,0.08800206881945452,0.08800206881945452,0.08800206881945452,17775277.886638958
2026-07-06 11:00:00+00:00,0.08827946466244452,0.08827946466244452,0.08827946466244452,0.08827946466244452,17623016.552315436
2026-07-06 12:00:00+00:00,0.08767340915100512,0.08767340915100512,0.08767340915100512,0.08767340915100512,18014762.574174635
2026-07-06 13:00:00+00:00,0.08687275931162895,0.08687275931162895,0.08687275931162895,0.08687275931162895,18796721.16441576
2026-07-06 14:00:00+00:00,0.08730729001468414,0.08730729001468414,0.08730729001468414,0.08730729001468414,19654291.49358611
2026-07-06 15:00:00+00:00,0.08692931149267409,0.08692931149267409,0.08692931149267409,0.08692931149267409,18502326.636330586
2026-07-06 16:00:00+00:00,0.08834065075369335,0.08834065075369335,0.08834065075369335,0.08834065075369335,20950825.207673397
2026-07-06 17:00:00+00:00,0.08897391986372187,0.08897391986372187,0.08897391986372187,0.08897391986372187,21734967.05171293
2026-07-06 18:00:00+00:00,0.08878545598044162,0.08878545598044162,0.08878545598044162,0.08878545598044162,22132584.370817613
2026-07-06 19:00:00+00:00,0.08881285231727189,0.08881285231727189,0.08881285231727189,0.08881285231727189,21587150.377617482
2026-07-06 20:00:00+00:00,0.08871039468359569,0.08871039468359569,0.08871039468359569,0.08871039468359569,22037855.800853267
2026-07-06 21:00:00+00:00,0.08846865336958155,0.08846865336958155,0.08846865336958155,0.08846865336958155,21319234.226362985
2026-07-06 22:00:00+00:00,0.08949978280371412,0.08949978280371412,0.08949978280371412,0.08949978280371412,23199709.85417008
2026-07-06 23:00:00+00:00,0.08878131214841334,0.08878131214841334,0.08878131214841334,0.08878131214841334,22719499.370788213
2026-07-07 00:00:00+00:00,0.08841356237296705,0.08841356237296705,0.08841356237296705,0.08841356237296705,22685514.24888586
2026-07-07 01:00:00+00:00,0.08822175940864256,0.08822175940864256,0.08822175940864256,0.08822175940864256,22493681.371782113
2026-07-07 02:00:00+00:00,0.08748294695612399,0.08748294695612399,0.08748294695612399,0.08748294695612399,23013246.44945551
2026-07-07 03:00:00+00:00,0.08663792202585756,0.08663792202585756,0.08663792202585756,0.08663792202585756,23133806.547978047
2026-07-07 04:00:00+00:00,0.08614865189163658,0.08614865189163658,0.08614865189163658,0.08614865189163658,23400901.814623334
2026-07-07 05:00:00+00:00,0.08608756803828636,0.08608756803828636,0.08608756803828636,0.08608756803828636,22953068.826673057
2026-07-07 06:00:00+00:00,0.08629479496114797,0.08629479496114797,0.08629479496114797,0.08629479496114797,22745390.841205757
2026-07-07 07:00:00+00:00,0.08670451325429808,0.08670451325429808,0.08670451325429808,0.08670451325429808,23201008.106969215
2026-07-07 08:00:00+00:00,0.08649509526794266,0.08649509526794266,0.08649509526794266,0.08649509526794266,23611521.270586733
2026-07-07 09:00:00+00:00,0.08644267550028402,0.08644267550028402,0.08644267550028402,0.08644267550028402,22892853.20109309
2026-07-07 10:00:00+00:00,0.08675489931753581,0.08675489931753581,0.08675489931753581,0.08675489931753581,22997312.67531675
2026-07-07 11:00:00+00:00,0.08681190055905064,0.08681190055905064,0.08681190055905064,0.08681190055905064,23127132.239883497
2026-07-07 12:00:00+00:00,0.08738018296125502,0.08738018296125502,0.08738018296125502,0.08738018296125502,24253587.17680691
2026-07-07 13:00:00+00:00,0.0869775157976418,0.0869775157976418,0.0869775157976418,0.0869775157976418,22924001.139657095
2026-07-07 14:00:00+00:00,0.08639050249136922,0.08639050249136922,0.08639050249136922,0.08639050249136922,22599146.09039957
2026-07-07 15:00:00+00:00,0.0871081153491235,0.0871081153491235,0.0871081153491235,0.0871081153491235,21612600.869212437
2026-07-07 16:00:00+00:00,0.08688888069957208,0.08688888069957208,0.08688888069957208,0.08688888069957208,23882089.35439576
2026-07-07 17:00:00+00:00,0.08700440967214247,0.08700440967214247,0.08700440967214247,0.08700440967214247,22158481.092653364
2026-07-07 18:00:00+00:00,0.08707237239200746,0.08707237239200746,0.08707237239200746,0.08707237239200746,22966284.649968855
2026-07-07 19:00:00+00:00,0.08653777711522363,0.08653777711522363,0.08653777711522363,0.08653777711522363,22799041.43643613
2026-07-07 20:00:00+00:00,0.086583275551505,0.086583275551505,0.086583275551505,0.086583275551505,23213121.306644376
2026-07-07 21:00:00+00:00,0.08622182689716938,0.08622182689716938,0.08622182689716938,0.08622182689716938,18002358.537793294
2026-07-07 22:00:00+00:00,0.08603099351920297,0.08603099351920297,0.08603099351920297,0.08603099351920297,19935895.72009636
2026-07-07 23:00:00+00:00,0.08621481023882636,0.08621481023882636,0.08621481023882636,0.08621481023882636,21988340.149827227
2026-07-08 00:00:00+00:00,0.08608304073041939,0.08608304073041939,0.08608304073041939,0.08608304073041939,22474434.2421812
2026-07-08 01:00:00+00:00,0.08687802689579693,0.08687802689579693,0.08687802689579693,0.08687802689579693,17122922.242035165
2026-07-08 02:00:00+00:00,0.08569825216197047,0.08569825216197047,0.08569825216197047,0.08569825216197047,22266791.92222081
2026-07-08 03:00:00+00:00,0.08541456460089956,0.08541456460089956,0.08541456460089956,0.08541456460089956,22737428.73072596
2026-07-08 04:00:00+00:00,0.08515960942253922,0.08515960942253922,0.08515960942253922,0.08515960942253922,16798741.656119693
2026-07-08 05:00:00+00:00,0.0853688149679464,0.0853688149679464,0.0853688149679464,0.0853688149679464,20394843.099385105
2026-07-08 06:00:00+00:00,0.08562756927599031,0.08562756927599031,0.08562756927599031,0.08562756927599031,22878354.506733786
2026-07-08 07:00:00+00:00,0.08509126677629869,0.08509126677629869,0.08509126677629869,0.08509126677629869,21204796.58197475
2026-07-08 08:00:00+00:00,0.08495975387641991,0.08495975387641991,0.08495975387641991,0.08495975387641991,22122063.180167083
2026-07-08 09:00:00+00:00,0.0841208253740869,0.0841208253740869,0.0841208253740869,0.0841208253740869,22934565.157347646
2026-07-08 10:00:00+00:00,0.08387148258312575,0.08387148258312575,0.08387148258312575,0.08387148258312575,24547681.7643157
2026-07-08 11:00:00+00:00,0.08430877670174318,0.08430877670174318,0.08430877670174318,0.08430877670174318,24071405.13824386
2026-07-08 12:00:00+00:00,0.08466906132965903,0.08466906132965903,0.08466906132965903,0.08466906132965903,25056356.767920814
2026-07-08 13:00:00+00:00,0.08427209430589555,0.08427209430589555,0.08427209430589555,0.08427209430589555,25232119.23352805
2026-07-08 14:00:00+00:00,0.08465684542134698,0.08465684542134698,0.08465684542134698,0.08465684542134698,24038136.55822047
2026-07-08 15:00:00+00:00,0.08432969766990274,0.08432969766990274,0.08432969766990274,0.08432969766990274,24102289.034936238
2026-07-08 16:00:00+00:00,0.08426778931066065,0.08426778931066065,0.08426778931066065,0.08426778931066065,25433391.80229204
2026-07-08 17:00:00+00:00,0.08450729952951144,0.08450729952951144,0.08450729952951144,0.08450729952951144,25847855.083530433
2026-07-08 18:00:00+00:00,0.08444547600776339,0.08444547600776339,0.08444547600776339,0.08444547600776339,25897738.34107852
2026-07-08 19:00:00+00:00,0.08444913433579668,0.08444913433579668,0.08444913433579668,0.08444913433579668,25707056.16808327
2026-07-08 20:00:00+00:00,0.08484650690044805,0.08484650690044805,0.08484650690044805,0.08484650690044805,25025097.36971409
2026-07-08 21:00:00+00:00,0.08448925069190637,0.08448925069190637,0.08448925069190637,0.08448925069190637,25229835.674500126
2026-07-08 22:00:00+00:00,0.08453198444442547,0.08453198444442547,0.08453198444442547,0.08453198444442547,24718699.79038137
2026-07-08 23:00:00+00:00,0.08461144003775782,0.08461144003775782,0.08461144003775782,0.08461144003775782,24002885.08578716
2026-07-09 00:00:00+00:00,0.08470335920738276,0.08470335920738276,0.08470335920738276,0.08470335920738276,23580276.478072666
2026-07-09 01:00:00+00:00,0.08449392288629762,0.08449392288629762,0.08449392288629762,0.08449392288629762,24192487.91189007
2026-07-09 02:00:00+00:00,0.0852331327384046,0.0852331327384046,0.0852331327384046,0.0852331327384046,26623657.4134681
2026-07-09 03:00:00+00:00,0.08521777635467712,0.08521777635467712,0.08521777635467712,0.08521777635467712,25372001.215953287
2026-07-09 04:00:00+00:00,0.08512332609381319,0.08512332609381319,0.08512332609381319,0.08512332609381319,25342001.61228247
2026-07-09 05:00:00+00:00,0.0855646679017131,0.0855646679017131,0.0855646679017131,0.0855646679017131,27380769.18916889
2026-07-09 06:00:00+00:00,0.08586267460399816,0.08586267460399816,0.08586267460399816,0.08586267460399816,25976823.11997199
2026-07-09 07:00:00+00:00,0.08589208265155292,0.08589208265155292,0.08589208265155292,0.08589208265155292,26468127.974947434
2026-07-09 08:00:00+00:00,0.08560329865466008,0.08560329865466008,0.08560329865466008,0.08560329865466008,24635393.10246505
2026-07-09 09:00:00+00:00,0.08550090995152919,0.08550090995152919,0.08550090995152919,0.08550090995152919,22406010.262755897
2026-07-09 10:00:00+00:00,0.08537947802261152,0.08537947802261152,0.08537947802261152,0.08537947802261152,71373.32504031925
2026-07-09 11:00:00+00:00,0.08487752934160749,0.08487752934160749,0.08487752934160749,0.08487752934160749,17321919.839329455
2026-07-09 12:00:00+00:00,0.08503295378638184,0.08503295378638184,0.08503295378638184,0.08503295378638184,19825459.22157562
2026-07-09 13:00:00+00:00,0.08500735536068091,0.08500735536068091,0.08500735536068091,0.08500735536068091,21215050.881483626
2026-07-09 14:00:00+00:00,0.08592581024398023,0.08592581024398023,0.08592581024398023,0.08592581024398023,21539741.154274188
2026-07-09 15:00:00+00:00,0.08583708017873652,0.08583708017873652,0.08583708017873652,0.08583708017873652,21657078.684503697
2026-07-09 16:00:00+00:00,0.08533785638583034,0.08533785638583034,0.08533785638583034,0.08533785638583034,20263448.364681922
2026-07-09 17:00:00+00:00,0.08501732300907974,0.08501732300907974,0.08501732300907974,0.08501732300907974,19540257.48850324
2026-07-09 18:00:00+00:00,0.085706261082403,0.085706261082403,0.085706261082403,0.085706261082403,20636948.827274404
2026-07-09 19:00:00+00:00,0.0857143911721458,0.0857143911721458,0.0857143911721458,0.0857143911721458,20403472.259763263
2026-07-09 20:00:00+00:00,0.08539340939511689,0.08539340939511689,0.08539340939511689,0.08539340939511689,21295158.495582294
2026-07-09 21:00:00+00:00,0.08510543567895588,0.08510543567895588,0.08510543567895588,0.08510543567895588,21633835.49162206
2026-07-09 22:00:00+00:00,0.0850193505351929,0.0850193505351929,0.0850193505351929,0.0850193505351929,21879578.117397808
2026-07-09 23:00:00+00:00,0.08494270596339909,0.08494270596339909,0.08494270596339909,0.08494270596339909,21977251.76979435
2026-07-10 00:00:00+00:00,0.08470800863892726,0.08470800863892726,0.08470800863892726,0.08470800863892726,22841477.249041248
2026-07-10 01:00:00+00:00,0.08389691451817885,0.08389691451817885,0.08389691451817885,0.08389691451817885,23705331.895537443
2026-07-10 02:00:00+00:00,0.08497491409635231,0.08497491409635231,0.08497491409635231,0.08497491409635231,22632795.806255106
2026-07-10 03:00:00+00:00,0.08513936505216005,0.08513936505216005,0.08513936505216005,0.08513936505216005,24239290.350265697
2026-07-10 04:00:00+00:00,0.08468170536309667,0.08468170536309667,0.08468170536309667,0.08468170536309667,24173399.347830635
2026-07-10 05:00:00+00:00,0.08526177431559605,0.08526177431559605,0.08526177431559605,0.08526177431559605,23313731.25722564
2026-07-10 06:00:00+00:00,0.08546180458064753,0.08546180458064753,0.08546180458064753,0.08546180458064753,23170508.16510529
2026-07-10 07:00:00+00:00,0.0853102772808472,0.0853102772808472,0.0853102772808472,0.0853102772808472,23812781.40655635
2026-07-10 08:00:00+00:00,0.08563448334914729,0.08563448334914729,0.08563448334914729,0.08563448334914729,24017606.719633896
2026-07-10 09:00:00+00:00,0.08632287614577702,0.08632287614577702,0.08632287614577702,0.08632287614577702,23826406.849937137
2026-07-10 10:00:00+00:00,0.08653306085389022,0.08653306085389022,0.08653306085389022,0.08653306085389022,24443484.850020487
2026-07-10 11:00:00+00:00,0.08667441841513412,0.08667441841513412,0.08667441841513412,0.08667441841513412,25070718.287357423
2026-07-10 12:00:00+00:00,0.08706788864540622,0.08706788864540622,0.08706788864540622,0.08706788864540622,24589085.483309902
2026-07-10 13:00:00+00:00,0.08623279614639258,0.08623279614639258,0.08623279614639258,0.08623279614639258,25373177.553145517
2026-07-10 14:00:00+00:00,0.08666101049190539,0.08666101049190539,0.08666101049190539,0.08666101049190539,26321222.505487077
2026-07-10 15:00:00+00:00,0.08561305651721143,0.08561305651721143,0.08561305651721143,0.08561305651721143,27125889.237882692
2026-07-10 16:00:00+00:00,0.08584126501331836,0.08584126501331836,0.08584126501331836,0.08584126501331836,25937140.700084336
2026-07-10 17:00:00+00:00,0.085935770622961,0.085935770622961,0.085935770622961,0.085935770622961,26212386.499912526
2026-07-10 18:00:00+00:00,0.08553600763419474,0.08553600763419474,0.08553600763419474,0.08553600763419474,26730497.900975693
2026-07-10 19:00:00+00:00,0.08528360924167518,0.08528360924167518,0.08528360924167518,0.08528360924167518,25297172.958806567
2026-07-10 20:00:00+00:00,0.0860084136995334,0.0860084136995334,0.0860084136995334,0.0860084136995334,25155005.51847044
2026-07-10 21:00:00+00:00,0.0857348466824316,0.0857348466824316,0.0857348466824316,0.0857348466824316,25738971.351884834
2026-07-10 22:00:00+00:00,0.085948062406911,0.085948062406911,0.085948062406911,0.085948062406911,24667718.18992322
2026-07-10 23:00:00+00:00,0.08600008880610724,0.08600008880610724,0.08600008880610724,0.08600008880610724,23492636.18903071
2026-07-11 00:00:00+00:00,0.08558249876393656,0.08558249876393656,0.08558249876393656,0.08558249876393656,24254118.144737653
2026-07-11 01:00:00+00:00,0.08592955473234298,0.08592955473234298,0.08592955473234298,0.08592955473234298,21877704.17520037
2026-07-11 02:00:00+00:00,0.08599177851288413,0.08599177851288413,0.08599177851288413,0.08599177851288413,20263398.241501775
2026-07-11 03:00:00+00:00,0.08624571563042803,0.08624571563042803,0.08624571563042803,0.08624571563042803,19730906.744037874
2026-07-11 04:00:00+00:00,0.08596576891666473,0.08596576891666473,0.08596576891666473,0.08596576891666473,20689378.962611265
2026-07-11 05:00:00+00:00,0.08601920753468317,0.08601920753468317,0.08601920753468317,0.08601920753468317,19746683.5945062
2026-07-11 06:00:00+00:00,0.08621322874739261,0.08621322874739261,0.08621322874739261,0.08621322874739261,19346448.721739605
2026-07-11 07:00:00+00:00,0.08619619501801465,0.08619619501801465,0.08619619501801465,0.08619619501801465,19768188.7247347
2026-07-11 08:00:00+00:00,0.0859618662436837,0.0859618662436837,0.0859618662436837,0.0859618662436837,18749797.203395806
2026-07-11 09:00:00+00:00,0.08597548088405872,0.08597548088405872,0.08597548088405872,0.08597548088405872,20341819.618145466
2026-07-11 10:00:00+00:00,0.08590131383553463,0.08590131383553463,0.08590131383553463,0.08590131383553463,19830317.574885793
2026-07-11 11:00:00+00:00,0.08571846468518719,0.08571846468518719,0.08571846468518719,0.08571846468518719,19617526.858174976
2026-07-11 12:00:00+00:00,0.08642636025729675,0.08642636025729675,0.08642636025729675,0.08642636025729675,19344275.72096206
2026-07-11 13:00:00+00:00,0.08647748248513346,0.08647748248513346,0.08647748248513346,0.08647748248513346,19084677.965175297
2026-07-11 14:00:00+00:00,0.0865478343969401,0.0865478343969401,0.0865478343969401,0.0865478343969401,17649101.316384826
2026-07-11 15:00:00+00:00,0.0870240062519678,0.0870240062519678,0.0870240062519678,0.0870240062519678,16750828.369015351
2026-07-11 16:00:00+00:00,0.08676011584967518,0.08676011584967518,0.08676011584967518,0.08676011584967518,16984961.763385415
2026-07-11 17:00:00+00:00,0.08695206760732777,0.08695206760732777,0.08695206760732777,0.08695206760732777,16618399.213908527
2026-07-11 18:00:00+00:00,0.08695884595354887,0.08695884595354887,0.08695884595354887,0.08695884595354887,16393910.691426806
2026-07-11 19:00:00+00:00,0.08679682689370645,0.08679682689370645,0.08679682689370645,0.08679682689370645,16388309.505585184
2026-07-11 20:00:00+00:00,0.08615885921574573,0.08615885921574573,0.08615885921574573,0.08615885921574573,16789417.939755425
2026-07-11 21:00:00+00:00,0.08663957293776602,0.08663957293776602,0.08663957293776602,0.08663957293776602,15632933.347630186
2026-07-11 22:00:00+00:00,0.08574135489900978,0.08574135489900978,0.08574135489900978,0.08574135489900978,15343717.74421127
2026-07-11 23:00:00+00:00,0.08539872102328379,0.08539872102328379,0.08539872102328379,0.08539872102328379,16772770.031150568
2026-07-12 00:00:00+00:00,0.08424905597034327,0.08424905597034327,0.08424905597034327,0.08424905597034327,17436663.1146925
2026-07-12 01:00:00+00:00,0.08396788103585064,0.08396788103585064,0.08396788103585064,0.08396788103585064,15257495.797755726
2026-07-12 02:00:00+00:00,0.0844021063568602,0.0844021063568602,0.0844021063568602,0.0844021063568602,15172881.991940672
2026-07-12 03:00:00+00:00,0.08415423083358162,0.08415423083358162,0.08415423083358162,0.08415423083358162,17279719.607193913
2026-07-12 04:00:00+00:00,0.08429562611067008,0.08429562611067008,0.08429562611067008,0.08429562611067008,16051480.895911073
2026-07-12 05:00:00+00:00,0.08400777305778226,0.08400777305778226,0.08400777305778226,0.08400777305778226,18120682.028320283
2026-07-12 06:00:00+00:00,0.08421914273036638,0.08421914273036638,0.08421914273036638,0.08421914273036638,18230632.080787152
2026-07-12 07:00:00+00:00,0.08367344825694269,0.08367344825694269,0.08367344825694269,0.08367344825694269,14989238.784301227
2026-07-12 08:00:00+00:00,0.0837644540132942,0.0837644540132942,0.0837644540132942,0.0837644540132942,14982421.160068395
2026-07-12 09:00:00+00:00,0.08398087549202977,0.08398087549202977,0.08398087549202977,0.08398087549202977,16116089.268628431
2026-07-12 10:00:00+00:00,0.08413078566673853,0.08413078566673853,0.08413078566673853,0.08413078566673853,17966702.321185086
2026-07-12 11:00:00+00:00,0.08391202546903431,0.08391202546903431,0.08391202546903431,0.08391202546903431,17877337.44168488
2026-07-12 12:00:00+00:00,0.08400583701073618,0.08400583701073618,0.08400583701073618,0.08400583701073618,18221093.635868467
2026-07-12 13:00:00+00:00,0.08417364429262278,0.08417364429262278,0.08417364429262278,0.08417364429262278,18319278.28059385
2026-07-12 14:00:00+00:00,0.08378268972476563,0.08378268972476563,0.08378268972476563,0.08378268972476563,18156493.420557413
2026-07-12 15:00:00+00:00,0.08395558421653944,0.08395558421653944,0.08395558421653944,0.08395558421653944,18051077.23737818
2026-07-12 16:00:00+00:00,0.08387246027840609,0.08387246027840609,0.08387246027840609,0.08387246027840609,17653491.994991004
2026-07-12 17:00:00+00:00,0.08391485934800752,0.08391485934800752,0.08391485934800752,0.08391485934800752,17353935.603865907
2026-07-12 18:00:00+00:00,0.08382117586757193,0.08382117586757193,0.08382117586757193,0.08382117586757193,16993252.667504717
2026-07-12 19:00:00+00:00,0.08401944618095854,0.08401944618095854,0.08401944618095854,0.08401944618095854,15113094.931625647
2026-07-12 20:00:00+00:00,0.08414529587529104,0.08414529587529104,0.08414529587529104,0.08414529587529104,16047328.751928963
2026-07-12 21:00:00+00:00,0.08422142368566472,0.08422142368566472,0.08422142368566472,0.08422142368566472,16088940.531865358
2026-07-12 22:00:00+00:00,0.0838533723802204,0.0838533723802204,0.0838533723802204,0.0838533723802204,14285432.150420781
2026-07-12 23:00:00+00:00,0.08329355455192154,0.08329355455192154,0.08329355455192154,0.08329355455192154,16293275.84211242
2026-07-13 00:00:00+00:00,0.08346196142723408,0.08346196142723408,0.08346196142723408,0.08346196142723408,15328385.306173202
2026-07-13 01:00:00+00:00,0.08380485794959416,0.08380485794959416,0.08380485794959416,0.08380485794959416,15425420.677998455
2026-07-13 02:00:00+00:00,0.08313379983231531,0.08313379983231531,0.08313379983231531,0.08313379983231531,13379015.287051188
2026-07-13 03:00:00+00:00,0.08274153888369278,0.08274153888369278,0.08274153888369278,0.08274153888369278,16705572.013988264
2026-07-13 04:00:00+00:00,0.08239911991185628,0.08239911991185628,0.08239911991185628,0.08239911991185628,16820371.017547637
2026-07-13 05:00:00+00:00,0.08227700199935221,0.08227700199935221,0.08227700199935221,0.08227700199935221,16646764.101180477
2026-07-13 06:00:00+00:00,0.08264633624535532,0.08264633624535532,0.08264633624535532,0.08264633624535532,14650760.735631352
2026-07-13 07:00:00+00:00,0.08270554389149924,0.08270554389149924,0.08270554389149924,0.08270554389149924,16845794.585347973
2026-07-13 08:00:00+00:00,0.08293343269452715,0.08293343269452715,0.08293343269452715,0.08293343269452715,17467280.707318373
2026-07-13 09:00:00+00:00,0.08297141509656289,0.08297141509656289,0.08297141509656289,0.08297141509656289,17705013.247748736
2026-07-13 10:00:00+00:00,0.0830204917138922,0.0830204917138922,0.0830204917138922,0.0830204917138922,16592174.490986938
2026-07-13 11:00:00+00:00,0.08302808572934578,0.08302808572934578,0.08302808572934578,0.08302808572934578,17418749.141920462
2026-07-13 12:00:00+00:00,0.08306067893493728,0.08306067893493728,0.08306067893493728,0.08306067893493728,17493521.08349468
2026-07-13 13:00:00+00:00,0.08301059334674471,0.08301059334674471,0.08301059334674471,0.08301059334674471,17575096.667455133
2026-07-13 14:00:00+00:00,0.08300046030508425,0.08300046030508425,0.08300046030508425,0.08300046030508425,18336701.77325814
2026-07-13 15:00:00+00:00,0.08437649817415728,0.08437649817415728,0.08437649817415728,0.08437649817415728,19547896.241976567
2026-07-13 16:00:00+00:00,0.08352259219364441,0.08352259219364441,0.08352259219364441,0.08352259219364441,19812263.155964818
2026-07-13 17:00:00+00:00,0.08395513332453221,0.08395513332453221,0.08395513332453221,0.08395513332453221,19582305.915716026
2026-07-13 18:00:00+00:00,0.08286172484717345,0.08286172484717345,0.08286172484717345,0.08286172484717345,20565482.015416764
2026-07-13 19:00:00+00:00,0.08321124232778679,0.08321124232778679,0.08321124232778679,0.08321124232778679,21119674.94284593
2026-07-13 20:00:00+00:00,0.08340807428056755,0.08340807428056755,0.08340807428056755,0.08340807428056755,20885220.7911052
2026-07-13 21:00:00+00:00,0.0830779312974287,0.0830779312974287,0.0830779312974287,0.0830779312974287,21445332.585168563
2026-07-13 22:00:00+00:00,0.08300580381045453,0.08300580381045453,0.08300580381045453,0.08300580381045453,21444193.5590552
2026-07-13 23:00:00+00:00,0.08302460500156235,0.08302460500156235,0.08302460500156235,0.08302460500156235,20779836.28043946
2026-07-14 00:00:00+00:00,0.08354398521844902,0.08354398521844902,0.08354398521844902,0.08354398521844902,20317881.63862896
2026-07-14 01:00:00+00:00,0.08373153929686901,0.08373153929686901,0.08373153929686901,0.08373153929686901,17704169.260218766
2026-07-14 02:00:00+00:00,0.08346064938016544,0.08346064938016544,0.08346064938016544,0.08346064938016544,20084186.556097258
2026-07-14 03:00:00+00:00,0.08343717868025981,0.08343717868025981,0.08343717868025981,0.08343717868025981,19451864.616698094
2026-07-14 04:00:00+00:00,0.08350202408426832,0.08350202408426832,0.08350202408426832,0.08350202408426832,19251460.251627754
2026-07-14 05:00:00+00:00,0.08369661538658558,0.08369661538658558,0.08369661538658558,0.08369661538658558,19063165.60915275
2026-07-14 06:00:00+00:00,0.08369070712738433,0.08369070712738433,0.08369070712738433,0.08369070712738433,18580242.81746825
2026-07-14 07:00:00+00:00,0.08387107468885528,0.08387107468885528,0.08387107468885528,0.08387107468885528,18642318.090399917
2026-07-14 08:00:00+00:00,0.08381985296506957,0.08381985296506957,0.08381985296506957,0.08381985296506957,18189738.38463744
2026-07-14 09:00:00+00:00,0.08379660026497242,0.08379660026497242,0.08379660026497242,0.08379660026497242,18590370.818555955
2026-07-14 10:00:00+00:00,0.08383268240207276,0.08383268240207276,0.08383268240207276,0.08383268240207276,18472139.422050927
2026-07-14 11:00:00+00:00,0.08426259943340474,0.08426259943340474,0.08426259943340474,0.08426259943340474,17764957.68862288
2026-07-14 12:00:00+00:00,0.08413177315438415,0.08413177315438415,0.08413177315438415,0.08413177315438415,17856197.76308072
2026-07-14 13:00:00+00:00,0.08501474897241558,0.08501474897241558,0.08501474897241558,0.08501474897241558,19023820.942161143
2026-07-14 14:00:00+00:00,0.08513635187902144,0.08513635187902144,0.08513635187902144,0.08513635187902144,20094875.8505372
2026-07-14 15:00:00+00:00,0.08494173737245025,0.08494173737245025,0.08494173737245025,0.08494173737245025,19024468.3061524
2026-07-14 16:00:00+00:00,0.08487276994582099,0.08487276994582099,0.08487276994582099,0.08487276994582099,19713679.293771055
2026-07-14 17:00:00+00:00,0.08480178765598444,0.08480178765598444,0.08480178765598444,0.08480178765598444,19766093.165893987
2026-07-14 18:00:00+00:00,0.08493151474979994,0.08493151474979994,0.08493151474979994,0.08493151474979994,17219833.700392433
2026-07-14 19:00:00+00:00,0.08455888625928425,0.08455888625928425,0.08455888625928425,0.08455888625928425,16354486.561905034
2026-07-14 20:00:00+00:00,0.08449255353393964,0.08449255353393964,0.08449255353393964,0.08449255353393964,18846155.990940947
2026-07-14 21:00:00+00:00,0.08452966578160082,0.08452966578160082,0.08452966578160082,0.08452966578160082,18366985.924387768
2026-07-14 22:00:00+00:00,0.08436563043733554,0.08436563043733554,0.08436563043733554,0.08436563043733554,19314739.881652135
2026-07-14 23:00:00+00:00,0.08437046793039674,0.08437046793039674,0.08437046793039674,0.08437046793039674,19558534.15658395
2026-07-15 00:00:00+00:00,0.08468950407958223,0.08468950407958223,0.08468950407958223,0.08468950407958223,18751192.50392682
2026-07-15 01:00:00+00:00,0.08478862548955557,0.08478862548955557,0.08478862548955557,0.08478862548955557,18441866.83787505
2026-07-15 02:00:00+00:00,0.08442028299498103,0.08442028299498103,0.08442028299498103,0.08442028299498103,17784812.656011056
2026-07-15 03:00:00+00:00,0.08428628290444305,0.08428628290444305,0.08428628290444305,0.08428628290444305,18001227.67266908
2026-07-15 04:00:00+00:00,0.08462420348836751,0.08462420348836751,0.08462420348836751,0.08462420348836751,15580050.388432542
2026-07-15 05:00:00+00:00,0.0847722316212767,0.0847722316212767,0.0847722316212767,0.0847722316212767,17404102.29135424
2026-07-15 06:00:00+00:00,0.08506342847876401,0.08506342847876401,0.08506342847876401,0.08506342847876401,17967949.65644341
2026-07-15 07:00:00+00:00,0.08505358540321055,0.08505358540321055,0.08505358540321055,0.08505358540321055,17770871.706687994
2026-07-15 08:00:00+00:00,0.08464072667126547,0.08464072667126547,0.08464072667126547,0.08464072667126547,17592851.893879462
2026-07-15 09:00:00+00:00,0.08469021139764524,0.08469021139764524,0.08469021139764524,0.08469021139764524,18070581.51560402
2026-07-15 10:00:00+00:00,0.08466551411573267,0.08466551411573267,0.08466551411573267,0.08466551411573267,17997156.426476084
2026-07-15 11:00:00+00:00,0.08478941822392712,0.08478941822392712,0.08478941822392712,0.08478941822392712,17959457.80858722
2026-07-15 12:00:00+00:00,0.08523414364059448,0.08523414364059448,0.08523414364059448,0.08523414364059448,18014490.38256989
2026-07-15 13:00:00+00:00,0.08564754379016155,0.08564754379016155,0.08564754379016155,0.08564754379016155,18613038.14426948
2026-07-15 14:00:00+00:00,0.08541036104154832,0.08541036104154832,0.08541036104154832,0.08541036104154832,17923876.58313058
2026-07-15 15:00:00+00:00,0.08532230889272467,0.08532230889272467,0.08532230889272467,0.08532230889272467,17143224.959017873
2026-07-15 16:00:00+00:00,0.08552516916101627,0.08552516916101627,0.08552516916101627,0.08552516916101627,16631598.549935486
2026-07-15 17:00:00+00:00,0.08483173638214458,0.08483173638214458,0.08483173638214458,0.08483173638214458,14637199.998038145
2026-07-15 18:00:00+00:00,0.08491172636327335,0.08491172636327335,0.08491172636327335,0.08491172636327335,17124915.493382785
2026-07-15 19:00:00+00:00,0.08426080357963901,0.08426080357963901,0.08426080357963901,0.08426080357963901,14261047.415978724
2026-07-15 20:00:00+00:00,0.0840682612410811,0.0840682612410811,0.0840682612410811,0.0840682612410811,17337545.26247999
2026-07-15 21:00:00+00:00,0.08435520468518794,0.08435520468518794,0.08435520468518794,0.08435520468518794,18457398.74209019
2026-07-15 22:00:00+00:00,0.08440689208353788,0.08440689208353788,0.08440689208353788,0.08440689208353788,18128239.10900001
2026-07-15 23:00:00+00:00,0.08470521955209785,0.08470521955209785,0.08470521955209785,0.08470521955209785,18221253.25269119
2026-07-16 00:00:00+00:00,0.08502720137153608,0.08502720137153608,0.08502720137153608,0.08502720137153608,18517923.9294215
2026-07-16 01:00:00+00:00,0.08520107438178537,0.08520107438178537,0.08520107438178537,0.08520107438178537,17429254.728479635
2026-07-16 02:00:00+00:00,0.08520210492123224,0.08520210492123224,0.08520210492123224,0.08520210492123224,19894667.96698948
2026-07-16 03:00:00+00:00,0.08454264616622001,0.08454264616622001,0.08454264616622001,0.08454264616622001,21320449.990674783
2026-07-16 04:00:00+00:00,0.08421917497195609,0.08421917497195609,0.08421917497195609,0.08421917497195609,21245103.194909535
2026-07-16 05:00:00+00:00,0.08436507817973332,0.08436507817973332,0.08436507817973332,0.08436507817973332,21311946.38432251
2026-07-16 06:00:00+00:00,0.08424977135719125,0.08424977135719125,0.08424977135719125,0.08424977135719125,21600084.35141931
2026-07-16 07:00:00+00:00,0.08389229918104424,0.08389229918104424,0.08389229918104424,0.08389229918104424,21833807.88962047
2026-07-16 08:00:00+00:00,0.08328301120952661,0.08328301120952661,0.08328301120952661,0.08328301120952661,23173309.26414652
2026-07-16 09:00:00+00:00,0.08303150290787324,0.08303150290787324,0.08303150290787324,0.08303150290787324,23522811.988468707
2026-07-16 10:00:00+00:00,0.08304850430293893,0.08304850430293893,0.08304850430293893,0.08304850430293893,22613566.836954568
2026-07-16 11:00:00+00:00,0.08328942006379655,0.08328942006379655,0.08328942006379655,0.08328942006379655,23660110.583706215
2026-07-16 12:00:00+00:00,0.08322440218516643,0.08322440218516643,0.08322440218516643,0.08322440218516643,22990532.38138093
2026-07-16 13:00:00+00:00,0.08324240849456832,0.08324240849456832,0.08324240849456832,0.08324240849456832,22615230.742377568
2026-07-16 14:00:00+00:00,0.08388395922683133,0.08388395922683133,0.08388395922683133,0.08388395922683133,23541227.193783622
2026-07-16 15:00:00+00:00,0.0842193062540483,0.0842193062540483,0.0842193062540483,0.0842193062540483,24296624.05630672
2026-07-16 16:00:00+00:00,0.08352712495411344,0.08352712495411344,0.08352712495411344,0.08352712495411344,23759495.231000554
2026-07-16 17:00:00+00:00,0.08312906886123222,0.08312906886123222,0.08312906886123222,0.08312906886123222,22370846.750998538
2026-07-16 18:00:00+00:00,0.08301578529803477,0.08301578529803477,0.08301578529803477,0.08301578529803477,25155183.333744667
2026-07-16 19:00:00+00:00,0.08313622433546235,0.08313622433546235,0.08313622433546235,0.08313622433546235,24320454.95312332
2026-07-16 20:00:00+00:00,0.08287880354304449,0.08287880354304449,0.08287880354304449,0.08287880354304449,24440356.78267829
2026-07-16 21:00:00+00:00,0.08296451697396413,0.08296451697396413,0.08296451697396413,0.08296451697396413,24286371.42575802
2026-07-16 22:00:00+00:00,0.08295521726082329,0.08295521726082329,0.08295521726082329,0.08295521726082329,24151210.3378185
2026-07-16 23:00:00+00:00,0.08272244613062223,0.08272244613062223,0.08272244613062223,0.08272244613062223,21534562.570057422
2026-07-17 00:00:00+00:00,0.08223700583774621,0.08223700583774621,0.08223700583774621,0.08223700583774621,21116138.8684164
2026-07-17 01:00:00+00:00,0.08244982868336635,0.08244982868336635,0.08244982868336635,0.08244982868336635,18629325.453095667
2026-07-17 02:00:00+00:00,0.08195289878259465,0.08195289878259465,0.08195289878259465,0.08195289878259465,23480107.973280188
2026-07-17 03:00:00+00:00,0.08208191584480423,0.08208191584480423,0.08208191584480423,0.08208191584480423,23617743.940173615
2026-07-17 04:00:00+00:00,0.08254280843490928,0.08254280843490928,0.08254280843490928,0.08254280843490928,22981321.68338627
2026-07-17 05:00:00+00:00,0.08238430577299051,0.08238430577299051,0.08238430577299051,0.08238430577299051,23049152.61156872
2026-07-17 06:00:00+00:00,0.08230459987576466,0.08230459987576466,0.08230459987576466,0.08230459987576466,23542023.584942445
2026-07-17 07:00:00+00:00,0.08261463814721008,0.08261463814721008,0.08261463814721008,0.08261463814721008,23686408.740032677
2026-07-17 08:00:00+00:00,0.08245247686651924,0.08245247686651924,0.08245247686651924,0.08245247686651924,23765244.828142785
2026-07-17 09:00:00+00:00,0.08255764407296964,0.08255764407296964,0.08255764407296964,0.08255764407296964,20807188.789645214
2026-07-17 10:00:00+00:00,0.08251617317952699,0.08251617317952699,0.08251617317952699,0.08251617317952699,24034010.403728362
2026-07-17 11:00:00+00:00,0.0827774780942907,0.0827774780942907,0.0827774780942907,0.0827774780942907,22267877.964950774
2026-07-17 12:00:00+00:00,0.08319780309902493,0.08319780309902493,0.08319780309902493,0.08319780309902493,24081075.18313919
2026-07-17 13:00:00+00:00,0.08279770112400817,0.08279770112400817,0.08279770112400817,0.08279770112400817,20743279.206452757
2026-07-17 14:00:00+00:00,0.08235453968645945,0.08235453968645945,0.08235453968645945,0.08235453968645945,23858338.20614452
2026-07-17 15:00:00+00:00,0.08219173687587801,0.08219173687587801,0.08219173687587801,0.08219173687587801,22924309.907146327
2026-07-17 16:00:00+00:00,0.08258544083370263,0.08258544083370263,0.08258544083370263,0.08258544083370263,23394271.867167044
2026-07-17 17:00:00+00:00,0.08296374048338252,0.08296374048338252,0.08296374048338252,0.08296374048338252,22141643.55556317
2026-07-17 18:00:00+00:00,0.08280659152597347,0.08280659152597347,0.08280659152597347,0.08280659152597347,21366796.613384724
2026-07-17 19:00:00+00:00,0.0829275192818744,0.0829275192818744,0.0829275192818744,0.0829275192818744,20899803.473985128
2026-07-17 20:00:00+00:00,0.0825915992365004,0.0825915992365004,0.0825915992365004,0.0825915992365004,21247007.97469828
2026-07-17 21:00:00+00:00,0.08278792010284258,0.08278792010284258,0.08278792010284258,0.08278792010284258,19861320.147644844
2026-07-17 22:00:00+00:00,0.08263823833894506,0.08263823833894506,0.08263823833894506,0.08263823833894506,20952375.280430675
2026-07-17 23:00:00+00:00,0.08268439064043645,0.08268439064043645,0.08268439064043645,0.08268439064043645,19769894.678720273
2026-07-18 00:00:00+00:00,0.08270036076181278,0.08270036076181278,0.08270036076181278,0.08270036076181278,20743616.1078396
2026-07-18 01:00:00+00:00,0.08343103844206763,0.08343103844206763,0.08343103844206763,0.08343103844206763,19372837.352465637
2026-07-18 02:00:00+00:00,0.08324840145855363,0.08324840145855363,0.08324840145855363,0.08324840145855363,21611457.65310264
2026-07-18 03:00:00+00:00,0.0830101900140265,0.0830101900140265,0.0830101900140265,0.0830101900140265,20802150.94639649
2026-07-18 04:00:00+00:00,0.08269225481572151,0.08269225481572151,0.08269225481572151,0.08269225481572151,18043810.257266626
2026-07-18 05:00:00+00:00,0.08263327199894299,0.08263327199894299,0.08263327199894299,0.08263327199894299,20405549.044114463
2026-07-18 06:00:00+00:00,0.08229636946405162,0.08229636946405162,0.08229636946405162,0.08229636946405162,19272426.030953135
2026-07-18 07:00:00+00:00,0.08230656710233326,0.08230656710233326,0.08230656710233326,0.08230656710233326,18862966.79134912
2026-07-18 08:00:00+00:00,0.08221179425473427,0.08221179425473427,0.08221179425473427,0.08221179425473427,18400239.984020285
2026-07-18 09:00:00+00:00,0.08218072351175151,0.08218072351175151,0.08218072351175151,0.08218072351175151,18071581.868828826
2026-07-18 10:00:00+00:00,0.0821901100712828,0.0821901100712828,0.0821901100712828,0.0821901100712828,16748462.487460792
2026-07-18 11:00:00+00:00,0.08229994337082978,0.08229994337082978,0.08229994337082978,0.08229994337082978,16647858.191933805
2026-07-18 12:00:00+00:00,0.08217091533932475,0.08217091533932475,0.08217091533932475,0.08217091533932475,16910671.46391954
2026-07-18 13:00:00+00:00,0.08198981164504576,0.08198981164504576,0.08198981164504576,0.08198981164504576,16877963.51559584
2026-07-18 14:00:00+00:00,0.08189368062389793,0.08189368062389793,0.08189368062389793,0.08189368062389793,15847422.494452072
2026-07-18 15:00:00+00:00,0.08197542259965103,0.08197542259965103,0.08197542259965103,0.08197542259965103,14561611.546222858
2026-07-18 16:00:00+00:00,0.0820258450798614,0.0820258450798614,0.0820258450798614,0.0820258450798614,14076017.699982397
2026-07-18 17:00:00+00:00,0.08209747601446413,0.08209747601446413,0.08209747601446413,0.08209747601446413,14571291.674595503
2026-07-18 18:00:00+00:00,0.08235611780046838,0.08235611780046838,0.08235611780046838,0.08235611780046838,14522067.159267241
2026-07-18 19:00:00+00:00,0.08227742850389222,0.08227742850389222,0.08227742850389222,0.08227742850389222,14393804.176195253
2026-07-18 20:00:00+00:00,0.0825523607045546,0.0825523607045546,0.0825523607045546,0.0825523607045546,14505085.625677887
2026-07-18 21:00:00+00:00,0.08255387602411196,0.08255387602411196,0.08255387602411196,0.08255387602411196,14314200.706376696
2026-07-18 22:00:00+00:00,0.08317409924258401,0.08317409924258401,0.08317409924258401,0.08317409924258401,14824290.8320336
2026-07-18 23:00:00+00:00,0.08313906023955812,0.08313906023955812,0.08313906023955812,0.08313906023955812,16906449.575849183
2026-07-19 00:00:00+00:00,0.083127211090442,0.083127211090442,0.083127211090442,0.083127211090442,15591127.178277142
2026-07-19 01:00:00+00:00,0.08282511034723178,0.08282511034723178,0.08282511034723178,0.08282511034723178,13319613.835510803
2026-07-19 02:00:00+00:00,0.08270329216680822,0.08270329216680822,0.08270329216680822,0.08270329216680822,14799801.923367132
2026-07-19 03:00:00+00:00,0.08271945373897721,0.08271945373897721,0.08271945373897721,0.08271945373897721,15319578.977056442
2026-07-19 04:00:00+00:00,0.0826833001952387,0.0826833001952387,0.0826833001952387,0.0826833001952387,15592215.81598308
2026-07-19 05:00:00+00:00,0.08280089910450594,0.08280089910450594,0.08280089910450594,0.08280089910450594,15640423.137646323
2026-07-19 06:00:00+00:00,0.08287624779744332,0.08287624779744332,0.08287624779744332,0.08287624779744332,15414382.355161645
2026-07-19 07:00:00+00:00,0.08277927426839554,0.08277927426839554,0.08277927426839554,0.08277927426839554,15409703.4679312
2026-07-19 08:00:00+00:00,0.08239591694255216,0.08239591694255216,0.08239591694255216,0.08239591694255216,16348615.579326978
2026-07-19 09:00:00+00:00,0.08235055445912966,0.08235055445912966,0.08235055445912966,0.08235055445912966,16227880.371135918
2026-07-19 10:00:00+00:00,0.08238035328482868,0.08238035328482868,0.08238035328482868,0.08238035328482868,16409489.950974446
2026-07-19 11:00:00+00:00,0.08233632505475677,0.08233632505475677,0.08233632505475677,0.08233632505475677,16604526.586243102
2026-07-19 12:00:00+00:00,0.08203509452516099,0.08203509452516099,0.08203509452516099,0.08203509452516099,16193606.078567835
2026-07-19 13:00:00+00:00,0.08188551836314188,0.08188551836314188,0.08188551836314188,0.08188551836314188,14814460.6943474
2026-07-19 14:00:00+00:00,0.08209632197291708,0.08209632197291708,0.08209632197291708,0.08209632197291708,16494043.641194684
2026-07-19 15:00:00+00:00,0.08224774714484756,0.08224774714484756,0.08224774714484756,0.08224774714484756,17457176.410068445
2026-07-19 16:00:00+00:00,0.08221924811567204,0.08221924811567204,0.08221924811567204,0.08221924811567204,16710690.446770355
2026-07-19 17:00:00+00:00,0.08193747194165932,0.08193747194165932,0.08193747194165932,0.08193747194165932,16675334.716569891
2026-07-19 18:00:00+00:00,0.08217931603562086,0.08217931603562086,0.08217931603562086,0.08217931603562086,16612566.531878192
2026-07-19 19:00:00+00:00,0.08231020185485412,0.08231020185485412,0.08231020185485412,0.08231020185485412,15136606.176986342
2026-07-19 20:00:00+00:00,0.08250232776773231,0.08250232776773231,0.08250232776773231,0.08250232776773231,15726761.918399064
2026-07-19 21:00:00+00:00,0.08256942721209877,0.08256942721209877,0.08256942721209877,0.08256942721209877,16028902.496779835
2026-07-19 22:00:00+00:00,0.08243896635742752,0.08243896635742752,0.08243896635742752,0.08243896635742752,15701743.485894013
2026-07-19 23:00:00+00:00,0.08287334947069303,0.08287334947069303,0.08287334947069303,0.08287334947069303,12882025.032252725
2026-07-20 00:00:00+00:00,0.08278045715499924,0.08278045715499924,0.08278045715499924,0.08278045715499924,12721082.198578626
2026-07-20 01:00:00+00:00,0.0826692359335138,0.0826692359335138,0.0826692359335138,0.0826692359335138,13039650.60271958
2026-07-20 02:00:00+00:00,0.0822384245377377,0.0822384245377377,0.0822384245377377,0.0822384245377377,13196839.043543883
2026-07-20 03:00:00+00:00,0.08235426504815206,0.08235426504815206,0.08235426504815206,0.08235426504815206,14918248.500060247
2026-07-20 04:00:00+00:00,0.08240293281781387,0.08240293281781387,0.08240293281781387,0.08240293281781387,14833536.733368231
2026-07-20 05:00:00+00:00,0.08200243284386666,0.08200243284386666,0.08200243284386666,0.08200243284386666,13517004.433672324
2026-07-20 06:00:00+00:00,0.0818112462725027,0.0818112462725027,0.0818112462725027,0.0818112462725027,15943276.419469748
2026-07-20 07:00:00+00:00,0.08180564523210886,0.08180564523210886,0.08180564523210886,0.08180564523210886,15779145.63282932
2026-07-20 08:00:00+00:00,0.08195705921261652,0.08195705921261652,0.08195705921261652,0.08195705921261652,16479521.059789639
2026-07-20 09:00:00+00:00,0.08199515823926933,0.08199515823926933,0.08199515823926933,0.08199515823926933,16977460.9092405
2026-07-20 10:00:00+00:00,0.08241297623563242,0.08241297623563242,0.08241297623563242,0.08241297623563242,15952123.877645526
2026-07-20 11:00:00+00:00,0.08254711577246396,0.08254711577246396,0.08254711577246396,0.08254711577246396,15804112.584389176
2026-07-20 12:00:00+00:00,0.08258613857668438,0.08258613857668438,0.08258613857668438,0.08258613857668438,16868315.738304894
2026-07-20 13:00:00+00:00,0.08206312814502568,0.08206312814502568,0.08206312814502568,0.08206312814502568,16588110.078153957
2026-07-20 14:00:00+00:00,0.0819346964475011,0.0819346964475011,0.0819346964475011,0.0819346964475011,16627148.129238537
2026-07-20 15:00:00+00:00,0.08179173201350791,0.08179173201350791,0.08179173201350791,0.08179173201350791,15816172.443387136
2026-07-20 16:00:00+00:00,0.0828365976032876,0.0828365976032876,0.0828365976032876,0.0828365976032876,17666769.141124465
2026-07-20 17:00:00+00:00,0.08308357118035778,0.08308357118035778,0.08308357118035778,0.08308357118035778,18860004.97716441
2026-07-20 18:00:00+00:00,0.08288286764628522,0.08288286764628522,0.08288286764628522,0.08288286764628522,17328066.63944136
2026-07-20 19:00:00+00:00,0.08292476477899438,0.08292476477899438,0.08292476477899438,0.08292476477899438,19302030.064919725
2026-07-20 20:00:00+00:00,0.08281063425684788,0.08281063425684788,0.08281063425684788,0.08281063425684788,16561135.746443987
2026-07-20 21:00:00+00:00,0.08318857037188315,0.08318857037188315,0.08318857037188315,0.08318857037188315,16280910.125735708
2026-07-20 22:00:00+00:00,0.08323597617108579,0.08323597617108579,0.08323597617108579,0.08323597617108579,19148943.929277673
2026-07-20 23:00:00+00:00,0.08312397845941083,0.08312397845941083,0.08312397845941083,0.08312397845941083,16779128.24167529
2026-07-21 00:00:00+00:00,0.08322010897562421,0.08322010897562421,0.08322010897562421,0.08322010897562421,20165035.325272676
2026-07-21 01:00:00+00:00,0.08340926439231744,0.08340926439231744,0.08340926439231744,0.08340926439231744,16935790.098936092
2026-07-21 02:00:00+00:00,0.08309406543461903,0.08309406543461903,0.08309406543461903,0.08309406543461903,18723469.86008989
2026-07-21 03:00:00+00:00,0.08319530768571871,0.08319530768571871,0.08319530768571871,0.08319530768571871,14340092.052745061
2026-07-21 04:00:00+00:00,0.08370472426503708,0.08370472426503708,0.08370472426503708,0.08370472426503708,19568900.167265963
2026-07-21 05:00:00+00:00,0.08360965835580081,0.08360965835580081,0.08360965835580081,0.08360965835580081,18906380.03823389
2026-07-21 06:00:00+00:00,0.08410354200395209,0.08410354200395209,0.08410354200395209,0.08410354200395209,20833053.390865624
2026-07-21 07:00:00+00:00,0.08428991674275144,0.08428991674275144,0.08428991674275144,0.08428991674275144,21433818.29229318
2026-07-21 08:00:00+00:00,0.08460309519053309,0.08460309519053309,0.08460309519053309,0.08460309519053309,22471444.61914666
2026-07-21 09:00:00+00:00,0.08483289243946934,0.08483289243946934,0.08483289243946934,0.08483289243946934,22590753.588707425
2026-07-21 10:00:00+00:00,0.08506932988297558,0.08506932988297558,0.08506932988297558,0.08506932988297558,23315131.28152778
2026-07-21 11:00:00+00:00,0.08463211946349859,0.08463211946349859,0.08463211946349859,0.08463211946349859,23776047.457699504
2026-07-21 12:00:00+00:00,0.08468879761424354,0.08468879761424354,0.08468879761424354,0.08468879761424354,23789320.822382662
2026-07-21 13:00:00+00:00,0.08459690684375006,0.08459690684375006,0.08459690684375006,0.08459690684375006,23805834.593440194
2026-07-21 14:00:00+00:00,0.08503027928761413,0.08503027928761413,0.08503027928761413,0.08503027928761413,25025886.524702042
2026-07-21 15:00:00+00:00,0.0845691767353296,0.0845691767353296,0.0845691767353296,0.0845691767353296,23720653.25803231
2026-07-21 16:00:00+00:00,0.08461368977536289,0.08461368977536289,0.08461368977536289,0.08461368977536289,22911368.852043103
2026-07-21 17:00:00+00:00,0.08449200814614781,0.08449200814614781,0.08449200814614781,0.08449200814614781,22693799.596102335
2026-07-21 18:00:00+00:00,0.08413957370193009,0.08413957370193009,0.08413957370193009,0.08413957370193009,22826985.129208103
2026-07-21 19:00:00+00:00,0.0843690783106456,0.0843690783106456,0.0843690783106456,0.0843690783106456,22440882.53122042
2026-07-21 20:00:00+00:00,0.08424029979179952,0.08424029979179952,0.08424029979179952,0.08424029979179952,22405192.387834292
2026-07-21 21:00:00+00:00,0.08441437633499554,0.08441437633499554,0.08441437633499554,0.08441437633499554,20295456.3860057
2026-07-21 22:00:00+00:00,0.08451724209319876,0.08451724209319876,0.08451724209319876,0.08451724209319876,22048719.399012703
2026-07-21 23:00:00+00:00,0.08436654031853412,0.08436654031853412,0.08436654031853412,0.08436654031853412,22100327.736883566
2026-07-22 00:00:00+00:00,0.08454601396091332,0.08454601396091332,0.08454601396091332,0.08454601396091332,21912751.793172907
2026-07-22 01:00:00+00:00,0.084556154148328,0.084556154148328,0.084556154148328,0.084556154148328,21708728.25737668
2026-07-22 02:00:00+00:00,0.0841517703959378,0.0841517703959378,0.0841517703959378,0.0841517703959378,21419769.293045033
2026-07-22 03:00:00+00:00,0.08418077284099953,0.08418077284099953,0.08418077284099953,0.08418077284099953,21724617.144706246
2026-07-22 04:00:00+00:00,0.08409865212014338,0.08409865212014338,0.08409865212014338,0.08409865212014338,21766992.921077766
2026-07-22 05:00:00+00:00,0.08419229011086413,0.08419229011086413,0.08419229011086413,0.08419229011086413,21057899.38432484
2026-07-22 06:00:00+00:00,0.0837172019036417,0.0837172019036417,0.0837172019036417,0.0837172019036417,21440800.178959858
2026-07-22 07:00:00+00:00,0.0833513326795862,0.0833513326795862,0.0833513326795862,0.0833513326795862,18913879.60739575
2026-07-22 08:00:00+00:00,0.08334793155980387,0.08334793155980387,0.08334793155980387,0.08334793155980387,18010785.660806257
2026-07-22 09:00:00+00:00,0.0835396862504373,0.0835396862504373,0.0835396862504373,0.0835396862504373,18535112.44942606
2026-07-22 10:00:00+00:00,0.08349882172810798,0.08349882172810798,0.08349882172810798,0.08349882172810798,16860303.414641988
2026-07-22 11:00:00+00:00,0.08356122141270086,0.08356122141270086,0.08356122141270086,0.08356122141270086,17605891.122421876
2026-07-22 12:00:00+00:00,0.0835638018313807,0.0835638018313807,0.0835638018313807,0.0835638018313807,16608449.003346233
2026-07-22 13:00:00+00:00,0.08321481778386454,0.08321481778386454,0.08321481778386454,0.08321481778386454,16656447.767586412
2026-07-22 14:00:00+00:00,0.08362092103644674,0.08362092103644674,0.08362092103644674,0.08362092103644674,16556022.649708234
2026-07-22 15:00:00+00:00,0.08339375562869374,0.08339375562869374,0.08339375562869374,0.08339375562869374,14339158.108098492
2026-07-22 16:00:00+00:00,0.08413740818982086,0.08413740818982086,0.08413740818982086,0.08413740818982086,13969749.72181414
2026-07-22 17:00:00+00:00,0.08443331064737539,0.08443331064737539,0.08443331064737539,0.08443331064737539,17140257.03365656
2026-07-22 18:00:00+00:00,0.08407579322104326,0.08407579322104326,0.08407579322104326,0.08407579322104326,17572502.080799416
2026-07-22 19:00:00+00:00,0.08360233288885904,0.08360233288885904,0.08360233288885904,0.08360233288885904,17778785.724532887
2026-07-22 20:00:00+00:00,0.08355756120204481,0.08355756120204481,0.08355756120204481,0.08355756120204481,17892670.362725325
2026-07-22 21:00:00+00:00,0.08378879909412135,0.08378879909412135,0.08378879909412135,0.08378879909412135,17650547.436388317
2026-07-22 22:00:00+00:00,0.08427867563374594,0.08427867563374594,0.08427867563374594,0.08427867563374594,16368303.975948013
2026-07-22 23:00:00+00:00,0.0841452200352259,0.0841452200352259,0.0841452200352259,0.0841452200352259,18109065.204094
2026-07-23 00:00:00+00:00,0.08444212279022079,0.08444212279022079,0.08444212279022079,0.08444212279022079,18211811.795187872
2026-07-23 01:00:00+00:00,0.08428903975472439,0.08428903975472439,0.08428903975472439,0.08428903975472439,16407167.938751547
2026-07-23 02:00:00+00:00,0.08440487509593712,0.08440487509593712,0.08440487509593712,0.08440487509593712,15951722.381296264
2026-07-23 03:00:00+00:00,0.08468615353452644,0.08468615353452644,0.08468615353452644,0.08468615353452644,18982232.54801493
2026-07-23 04:00:00+00:00,0.08426063472876852,0.08426063472876852,0.08426063472876852,0.08426063472876852,16870240.302535146
2026-07-23 05:00:00+00:00,0.0844684961638666,0.0844684961638666,0.0844684961638666,0.0844684961638666,17563823.400046617
2026-07-23 06:00:00+00:00,0.08441859349921692,0.08441859349921692,0.08441859349921692,0.08441859349921692,19002472.777766243
2026-07-23 07:00:00+00:00,0.08438067614632959,0.08438067614632959,0.08438067614632959,0.08438067614632959,18034389.71812847
2026-07-23 08:00:00+00:00,0.08374543676634934,0.08374543676634934,0.08374543676634934,0.08374543676634934,18861974.964001555
2026-07-23 09:00:00+00:00,0.0836864173069546,0.0836864173069546,0.0836864173069546,0.0836864173069546,17984223.938206434
2026-07-23 10:00:00+00:00,0.08328276575754043,0.08328276575754043,0.08328276575754043,0.08328276575754043,18936819.854403738
2026-07-23 11:00:00+00:00,0.08301235734334675,0.08301235734334675,0.08301235734334675,0.08301235734334675,17775527.129421175
2026-07-23 12:00:00+00:00,0.08284063679286138,0.08284063679286138,0.08284063679286138,0.08284063679286138,18550585.309996873
2026-07-23 13:00:00+00:00,0.08261561061614635,0.08261561061614635,0.08261561061614635,0.08261561061614635,18060078.381485302
2026-07-23 14:00:00+00:00,0.08206957071495108,0.08206957071495108,0.08206957071495108,0.08206957071495108,18948957.930281572
2026-07-23 15:00:00+00:00,0.08190242077181846,0.08190242077181846,0.08190242077181846,0.08190242077181846,18137386.90191318
2026-07-23 16:00:00+00:00,0.08288796026629607,0.08288796026629607,0.08288796026629607,0.08288796026629607,20525624.337680627
2026-07-23 17:00:00+00:00,0.08249396921180259,0.08249396921180259,0.08249396921180259,0.08249396921180259,19738959.939927
2026-07-23 18:00:00+00:00,0.08194312016206233,0.08194312016206233,0.08194312016206233,0.08194312016206233,19104549.921699658
2026-07-23 19:00:00+00:00,0.08224749637761478,0.08224749637761478,0.08224749637761478,0.08224749637761478,19284577.998233575
2026-07-23 20:00:00+00:00,0.08245066854097398,0.08245066854097398,0.08245066854097398,0.08245066854097398,19079365.955409307
2026-07-23 21:00:00+00:00,0.08277894027047734,0.08277894027047734,0.08277894027047734,0.08277894027047734,18078290.102004156
2026-07-23 22:00:00+00:00,0.08305928095055763,0.08305928095055763,0.08305928095055763,0.08305928095055763,19443680.46050148
2026-07-23 23:00:00+00:00,0.08349113959490095,0.08349113959490095,0.08349113959490095,0.08349113959490095,19587438.81277441
2026-07-24 00:00:00+00:00,0.08315761268671093,0.08315761268671093,0.08315761268671093,0.08315761268671093,18488834.452858403
2026-07-24 01:00:00+00:00,0.08277453990817421,0.08277453990817421,0.08277453990817421,0.08277453990817421,19867236.80223273
2026-07-24 02:00:00+00:00,0.08271259292397638,0.08271259292397638,0.08271259292397638,0.08271259292397638,18455048.53785671
2026-07-24 03:00:00+00:00,0.08256383909289873,0.08256383909289873,0.08256383909289873,0.08256383909289873,18842153.889523435
2026-07-24 04:00:00+00:00,0.08286975637787639,0.08286975637787639,0.08286975637787639,0.08286975637787639,19703453.341259055
2026-07-24 05:00:00+00:00,0.08279181784370068,0.08279181784370068,0.08279181784370068,0.08279181784370068,18131862.823332764
2026-07-24 06:00:00+00:00,0.0829184134640687,0.0829184134640687,0.0829184134640687,0.0829184134640687,16165813.900239293
2026-07-24 07:00:00+00:00,0.08315010922989392,0.08315010922989392,0.08315010922989392,0.08315010922989392,18016310.426946867
2026-07-24 08:00:00+00:00,0.08329805038487607,0.08329805038487607,0.08329805038487607,0.08329805038487607,17599285.507186156
2026-07-24 09:00:00+00:00,0.08330288142157467,0.08330288142157467,0.08330288142157467,0.08330288142157467,16755931.68208429
2026-07-24 10:00:00+00:00,0.08287039096242127,0.08287039096242127,0.08287039096242127,0.08287039096242127,18521122.37149172
2026-07-24 11:00:00+00:00,0.08264052591798289,0.08264052591798289,0.08264052591798289,0.08264052591798289,18313916.40963177
2026-07-24 12:00:00+00:00,0.08247439011012943,0.08247439011012943,0.08247439011012943,0.08247439011012943,17929681.142329253
2026-07-24 13:00:00+00:00,0.08199004669806077,0.08199004669806077,0.08199004669806077,0.08199004669806077,17581669.17278497
2026-07-24 14:00:00+00:00,0.08192059628211175,0.08192059628211175,0.08192059628211175,0.08192059628211175,18066720.135417715
2026-07-24 15:00:00+00:00,0.08199024709032399,0.08199024709032399,0.08199024709032399,0.08199024709032399,16832080.129786007
2026-07-24 16:00:00+00:00,0.08360078067236928,0.08360078067236928,0.08360078067236928,0.08360078067236928,19486456.026372697
2026-07-24 17:00:00+00:00,0.0831555904555912,0.0831555904555912,0.0831555904555912,0.0831555904555912,20104762.108235057
2026-07-24 18:00:00+00:00,0.08351677790992454,0.08351677790992454,0.08351677790992454,0.08351677790992454,19973486.544546753
2026-07-24 19:00:00+00:00,0.08384048335012259,0.08384048335012259,0.08384048335012259,0.08384048335012259,19957576.863158155
2026-07-24 20:00:00+00:00,0.0846760497679282,0.0846760497679282,0.0846760497679282,0.0846760497679282,20594715.100288477
2026-07-24 21:00:00+00:00,0.08713169730320194,0.08713169730320194,0.08713169730320194,0.08713169730320194,21894061.830657523
2026-07-24 22:00:00+00:00,0.08579612634385889,0.08579612634385889,0.08579612634385889,0.08579612634385889,24218956.566833388
2026-07-24 23:00:00+00:00,0.0866496665661072,0.0866496665661072,0.0866496665661072,0.0866496665661072,25994629.31930459
2026-07-25 00:00:00+00:00,0.08598811398866411,0.08598811398866411,0.08598811398866411,0.08598811398866411,27458333.14224341
2026-07-25 01:00:00+00:00,0.08810670990749493,0.08810670990749493,0.08810670990749493,0.08810670990749493,30937274.481039643
2026-07-25 02:00:00+00:00,0.08568709094590574,0.08568709094590574,0.08568709094590574,0.08568709094590574,31012725.551422887
2026-07-25 03:00:00+00:00,0.08510733704680315,0.08510733704680315,0.08510733704680315,0.08510733704680315,33147754.45779408
2026-07-25 04:00:00+00:00,0.08482929622529073,0.08482929622529073,0.08482929622529073,0.08482929622529073,31766497.662436638
2026-07-25 05:00:00+00:00,0.08490171346250423,0.08490171346250423,0.08490171346250423,0.08490171346250423,33494003.077715084
2026-07-25 06:00:00+00:00,0.08414289031809266,0.08414289031809266,0.08414289031809266,0.08414289031809266,33197042.14063894
2026-07-25 07:00:00+00:00,0.08416647806416296,0.08416647806416296,0.08416647806416296,0.08416647806416296,33959453.399059884
2026-07-25 08:00:00+00:00,0.08382194654259287,0.08382194654259287,0.08382194654259287,0.08382194654259287,33845215.72762215
2026-07-25 09:00:00+00:00,0.08408484125351989,0.08408484125351989,0.08408484125351989,0.08408484125351989,32443194.91009105
2026-07-25 10:00:00+00:00,0.08447415152280374,0.08447415152280374,0.08447415152280374,0.08447415152280374,33897440.22768078
2026-07-25 11:00:00+00:00,0.08460750275495607,0.08460750275495607,0.08460750275495607,0.08460750275495607,33774137.399632625
2026-07-25 12:00:00+00:00,0.08436838560498941,0.08436838560498941,0.08436838560498941,0.08436838560498941,33741473.06265163
2026-07-25 13:00:00+00:00,0.08398074390535765,0.08398074390535765,0.08398074390535765,0.08398074390535765,33716785.98530943
2026-07-25 14:00:00+00:00,0.08381995245064018,0.08381995245064018,0.08381995245064018,0.08381995245064018,33284178.029302843
2026-07-25 15:00:00+00:00,0.08400174873952788,0.08400174873952788,0.08400174873952788,0.08400174873952788,32476086.557598114
2026-07-25 16:00:00+00:00,0.0839979298443133,0.0839979298443133,0.0839979298443133,0.0839979298443133,29342722.296375677
2026-07-25 17:00:00+00:00,0.0843515402413979,0.0843515402413979,0.0843515402413979,0.0843515402413979,28697076.90854218
2026-07-25 18:00:00+00:00,0.08450445081203135,0.08450445081203135,0.08450445081203135,0.08450445081203135,29731857.051679242
2026-07-25 19:00:00+00:00,0.08437372863248051,0.08437372863248051,0.08437372863248051,0.08437372863248051,29256445.75185055
2026-07-25 20:00:00+00:00,0.08436807703685426,0.08436807703685426,0.08436807703685426,0.08436807703685426,28347326.2672514
2026-07-25 21:00:00+00:00,0.08403391700323855,0.08403391700323855,0.08403391700323855,0.08403391700323855,26609382.49790364
2026-07-25 22:00:00+00:00,0.0844308833661395,0.0844308833661395,0.0844308833661395,0.0844308833661395,24922681.502131365
2026-07-25 23:00:00+00:00,0.08431716849455494,0.08431716849455494,0.08431716849455494,0.08431716849455494,22545119.155149326
2026-07-26 00:00:00+00:00,0.08411073138555912,0.08411073138555912,0.08411073138555912,0.08411073138555912,21320275.497924995
2026-07-26 01:00:00+00:00,0.08407800893887636,0.08407800893887636,0.08407800893887636,0.08407800893887636,16833764.822436363
2026-07-26 02:00:00+00:00,0.08416130790240164,0.08416130790240164,0.08416130790240164,0.08416130790240164,15268664.026259873
2026-07-26 03:00:00+00:00,0.08457194605727629,0.08457194605727629,0.08457194605727629,0.08457194605727629,15581700.308822036
2026-07-26 04:00:00+00:00,0.08489511906739963,0.08489511906739963,0.08489511906739963,0.08489511906739963,15491960.459248543
2026-07-26 05:00:00+00:00,0.08482540907687494,0.08482540907687494,0.08482540907687494,0.08482540907687494,14953988.59254418
2026-07-26 06:00:00+00:00,0.08489257809781665,0.08489257809781665,0.08489257809781665,0.08489257809781665,15161343.157018317
2026-07-26 07:00:00+00:00,0.08497668077586071,0.08497668077586071,0.08497668077586071,0.08497668077586071,14785565.062783163
2026-07-26 08:00:00+00:00,0.08472917582043493,0.08472917582043493,0.08472917582043493,0.08472917582043493,14789927.115759715
2026-07-26 09:00:00+00:00,0.08480559747282577,0.08480559747282577,0.08480559747282577,0.08480559747282577,14778250.174924258
2026-07-26 10:00:00+00:00,0.08476147772349797,0.08476147772349797,0.08476147772349797,0.08476147772349797,14681725.532776864
2026-07-26 11:00:00+00:00,0.08492364957352788,0.08492364957352788,0.08492364957352788,0.08492364957352788,14863352.94738771
2026-07-26 12:00:00+00:00,0.0851107673809665,0.0851107673809665,0.0851107673809665,0.0851107673809665,15026130.174063876
2026-07-26 13:00:00+00:00,0.08469572180890395,0.08469572180890395,0.08469572180890395,0.08469572180890395,14650918.99911822
2026-07-26 14:00:00+00:00,0.0841180961363237,0.0841180961363237,0.0841180961363237,0.0841180961363237,14017374.358108446
2026-07-26 15:00:00+00:00,0.0840927596572008,0.0840927596572008,0.0840927596572008,0.0840927596572008,14075926.105961999
2026-07-26 16:00:00+00:00,0.08434906837155631,0.08434906837155631,0.08434906837155631,0.08434906837155631,13926263.381259592
2026-07-26 17:00:00+00:00,0.08410678539632509,0.08410678539632509,0.08410678539632509,0.08410678539632509,13935668.770951435
2026-07-26 18:00:00+00:00,0.08412306145763136,0.08412306145763136,0.08412306145763136,0.08412306145763136,13770462.039275967
2026-07-26 19:00:00+00:00,0.08391259267560029,0.08391259267560029,0.08391259267560029,0.08391259267560029,13571372.92290923
2026-07-26 20:00:00+00:00,0.08405623816253638,0.08405623816253638,0.08405623816253638,0.08405623816253638,13690968.322669279
2026-07-26 21:00:00+00:00,0.08389328807121389,0.08389328807121389,0.08389328807121389,0.08389328807121389,13627696.006441792
2026-07-26 22:00:00+00:00,0.08429689309222195,0.08429689309222195,0.08429689309222195,0.08429689309222195,13315238.962564465
2026-07-26 23:00:00+00:00,0.0848334670335859,0.0848334670335859,0.0848334670335859,0.0848334670335859,13560142.673314238
2026-07-27 00:00:00+00:00,0.08477970137319524,0.08477970137319524,0.08477970137319524,0.08477970137319524,14085816.79217079
2026-07-27 01:00:00+00:00,0.08435170127227934,0.08435170127227934,0.08435170127227934,0.08435170127227934,14171649.753854716
2026-07-27 02:00:00+00:00,0.08430936693004921,0.08430936693004921,0.08430936693004921,0.08430936693004921,14100880.242121283
2026-07-27 03:00:00+00:00,0.08439647528734814,0.08439647528734814,0.08439647528734814,0.08439647528734814,14198566.121997679
2026-07-27 04:00:00+00:00,0.08399814345860272,0.08399814345860272,0.08399814345860272,0.08399814345860272,13643483.14017244
2026-07-27 05:00:00+00:00,0.08388692708210634,0.08388692708210634,0.08388692708210634,0.08388692708210634,13947110.211181605
2026-07-27 06:00:00+00:00,0.08383021323770806,0.08383021323770806,0.08383021323770806,0.08383021323770806,14518469.167587563
2026-07-27 07:00:00+00:00,0.08402454234858546,0.08402454234858546,0.08402454234858546,0.08402454234858546,14103031.883556707
2026-07-27 08:00:00+00:00,0.08391330104624722,0.08391330104624722,0.08391330104624722,0.08391330104624722,13756114.167424997
2026-07-27 09:00:00+00:00,0.08349855086986546,0.08349855086986546,0.08349855086986546,0.08349855086986546,14572141.983653806
2026-07-27 10:00:00+00:00,0.0831012918284913,0.0831012918284913,0.0831012918284913,0.0831012918284913,13916743.931317013
2026-07-27 11:00:00+00:00,0.08307486388797852,0.08307486388797852,0.08307486388797852,0.08307486388797852,13667106.2908744
2026-07-27 12:00:00+00:00,0.08308768739127438,0.08308768739127438,0.08308768739127438,0.08308768739127438,13762952.31118385
2026-07-27 13:00:00+00:00,0.08274193673340902,0.08274193673340902,0.08274193673340902,0.08274193673340902,14773499.70456324
2026-07-27 14:00:00+00:00,0.08273176919653939,0.08273176919653939,0.08273176919653939,0.08273176919653939,15284426.964518316
2026-07-27 15:00:00+00:00,0.0812557387763618,0.0812557387763618,0.0812557387763618,0.0812557387763618,17191565.2099596
2026-07-27 16:00:00+00:00,0.08182742439800969,0.08182742439800969,0.08182742439800969,0.08182742439800969,18429206.15107466
2026-07-27 17:00:00+00:00,0.08198242725365758,0.08198242725365758,0.08198242725365758,0.08198242725365758,18731735.873629216
2026-07-27 18:00:00+00:00,0.0814765540535856,0.0814765540535856,0.0814765540535856,0.0814765540535856,17160792.790362015
2026-07-27 19:00:00+00:00,0.08142560722329381,0.08142560722329381,0.08142560722329381,0.08142560722329381,19391470.705773998
2026-07-27 20:00:00+00:00,0.08181591434453651,0.08181591434453651,0.08181591434453651,0.08181591434453651,19640332.234630197
2026-07-27 21:00:00+00:00,0.08179102597506055,0.08179102597506055,0.08179102597506055,0.08179102597506055,19776613.350501027
2026-07-27 22:00:00+00:00,0.08160650244032783,0.08160650244032783,0.08160650244032783,0.08160650244032783,19643776.09466255
2026-07-27 23:00:00+00:00,0.08018415122853582,0.08018415122853582,0.08018415122853582,0.08018415122853582,18257266.489733506
2026-07-28 00:00:00+00:00,0.08001648627127497,0.08001648627127497,0.08001648627127497,0.08001648627127497,17816066.403228566
2026-07-28 01:00:00+00:00,0.07991475296668392,0.07991475296668392,0.07991475296668392,0.07991475296668392,20434832.10253379
2026-07-28 02:00:00+00:00,0.07865452077542648,0.07865452077542648,0.07865452077542648,0.07865452077542648,22656768.92467034
2026-07-28 03:00:00+00:00,0.07959091877372135,0.07959091877372135,0.07959091877372135,0.07959091877372135,24249635.402085107
2026-07-28 04:00:00+00:00,0.08002880177481811,0.08002880177481811,0.08002880177481811,0.08002880177481811,24597831.79609248
2026-07-28 05:00:00+00:00,0.07989452702940764,0.07989452702940764,0.07989452702940764,0.07989452702940764,23083855.320817932
2026-07-28 06:00:00+00:00,0.07983429938850115,0.07983429938850115,0.07983429938850115,0.07983429938850115,23416731.03627819
2026-07-28 07:00:00+00:00,0.08008580237721516,0.08008580237721516,0.08008580237721516,0.08008580237721516,22943863.42903531
2026-07-28 08:00:00+00:00,0.07988096510613016,0.07988096510613016,0.07988096510613016,0.07988096510613016,24514985.489619408
2026-07-28 09:00:00+00:00,0.07983514930116477,0.07983514930116477,0.07983514930116477,0.07983514930116477,25079103.94364728
2026-07-28 10:00:00+00:00,0.08093349072641806,0.08093349072641806,0.08093349072641806,0.08093349072641806,26907278.358788837
2026-07-28 11:00:00+00:00,0.08110091528643115,0.08110091528643115,0.08110091528643115,0.08110091528643115,28894303.628609028
2026-07-28 12:00:00+00:00,0.08048530228421226,0.08048530228421226,0.08048530228421226,0.08048530228421226,29110256.17286162
2026-07-28 13:00:00+00:00,0.08070057237595828,0.08070057237595828,0.08070057237595828,0.08070057237595828,29129408.371352237
2026-07-28 14:00:00+00:00,0.07965244594013021,0.07965244594013021,0.07965244594013021,0.07965244594013021,29204239.126948938
2026-07-28 15:00:00+00:00,0.07998170897630628,0.07998170897630628,0.07998170897630628,0.07998170897630628,28373842.487574603
2026-07-28 16:00:00+00:00,0.08036192680765644,0.08036192680765644,0.08036192680765644,0.08036192680765644,27422432.357248828
2026-07-28 17:00:00+00:00,0.08017442394227822,0.08017442394227822,0.08017442394227822,0.08017442394227822,27193996.35984658
2026-07-28 18:00:00+00:00,0.07978818932681676,0.07978818932681676,0.07978818932681676,0.07978818932681676,27099051.79503983
2026-07-28 19:00:00+00:00,0.07970076574497671,0.07970076574497671,0.07970076574497671,0.07970076574497671,25880834.053393144
2026-07-28 20:00:00+00:00,0.07948185505475153,0.07948185505475153,0.07948185505475153,0.07948185505475153,26902014.34313661
2026-07-28 21:00:00+00:00,0.07960997331908946,0.07960997331908946,0.07960997331908946,0.07960997331908946,26909341.291964967
2026-07-28 22:00:00+00:00,0.07980877816856612,0.07980877816856612,0.07980877816856612,0.07980877816856612,25829956.52017232
2026-07-28 23:00:00+00:00,0.07963960937649901,0.07963960937649901,0.07963960937649901,0.07963960937649901,24352822.339122202
2026-07-29 00:00:00+00:00,0.08003371899441875,0.08003371899441875,0.08003371899441875,0.08003371899441875,24452853.05513662
2026-07-29 01:00:00+00:00,0.08036251465807152,0.08036251465807152,0.08036251465807152,0.08036251465807152,24091245.302970704
2026-07-29 02:00:00+00:00,0.0797764301657312,0.0797764301657312,0.0797764301657312,0.0797764301657312,20557985.559441376
2026-07-29 03:00:00+00:00,0.07954515305911711,0.07954515305911711,0.07954515305911711,0.07954515305911711,20999278.843279663
2026-07-29 04:00:00+00:00,0.0784772710089081,0.0784772710089081,0.0784772710089081,0.0784772710089081,21156948.38972625
2026-07-29 05:00:00+00:00,0.07878838697380895,0.07878838697380895,0.07878838697380895,0.07878838697380895,21653420.49078544
2026-07-29 06:00:00+00:00,0.07887033287079238,0.07887033287079238,0.07887033287079238,0.07887033287079238,20729220.09414389
2026-07-29 07:00:00+00:00,0.07923832749062178,0.07923832749062178,0.07923832749062178,0.07923832749062178,20888304.01105121
2026-07-29 08:00:00+00:00,0.07967529165266202,0.07967529165266202,0.07967529165266202,0.07967529165266202,21124856.130223252
2026-07-29 09:00:00+00:00,0.07951446059318544,0.07951446059318544,0.07951446059318544,0.07951446059318544,21041260.313559506
2026-07-29 10:00:00+00:00,0.07973161795992169,0.07973161795992169,0.07973161795992169,0.07973161795992169,19286437.282000855
2026-07-29 11:00:00+00:00,0.07928291755495681,0.07928291755495681,0.07928291755495681,0.07928291755495681,17810034.809112035
2026-07-29 12:00:00+00:00,0.07928703925898553,0.07928703925898553,0.07928703925898553,0.07928703925898553,17246018.62317683
2026-07-29 13:00:00+00:00,0.07905725981180496,0.07905725981180496,0.07905725981180496,0.07905725981180496,17977792.306762226
2026-07-29 14:00:00+00:00,0.07908371889499555,0.07908371889499555,0.07908371889499555,0.07908371889499555,16177889.102842007
2026-07-29 15:00:00+00:00,0.07840472813548253,0.07840472813548253,0.07840472813548253,0.07840472813548253,14343141.129476419
2026-07-29 16:00:00+00:00,0.07797576994168619,0.07797576994168619,0.07797576994168619,0.07797576994168619,15734946.801593924
2026-07-29 17:00:00+00:00,0.07703594825979308,0.07703594825979308,0.07703594825979308,0.07703594825979308,16356256.766609345
2026-07-29 18:00:00+00:00,0.07743782343192059,0.07743782343192059,0.07743782343192059,0.07743782343192059,17925916.73805107
2026-07-29 19:00:00+00:00,0.07735639251999013,0.07735639251999013,0.07735639251999013,0.07735639251999013,18670557.191411454
2026-07-29 20:00:00+00:00,0.07580099408417224,0.07580099408417224,0.07580099408417224,0.07580099408417224,19247990.88963704
2026-07-29 21:00:00+00:00,0.07621070225321405,0.07621070225321405,0.07621070225321405,0.07621070225321405,19390356.996475838
2026-07-29 22:00:00+00:00,0.07677867727141134,0.07677867727141134,0.07677867727141134,0.07677867727141134,20911377.72736209
2026-07-29 23:00:00+00:00,0.07710172110296336,0.07710172110296336,0.07710172110296336,0.07710172110296336,20921014.20132286
2026-07-30 00:00:00+00:00,0.0773336599622082,0.0773336599622082,0.0773336599622082,0.0773336599622082,20050608.5358554
2026-07-30 01:00:00+00:00,0.07716564602520935,0.07716564602520935,0.07716564602520935,0.07716564602520935,21229743.36715333
2026-07-30 02:00:00+00:00,0.07777301624607341,0.07777301624607341,0.07777301624607341,0.07777301624607341,21615380.919470314
2026-07-30 03:00:00+00:00,0.07793968168780034,0.07793968168780034,0.07793968168780034,0.07793968168780034,20459057.688810095
2026-07-30 04:00:00+00:00,0.0780624469832676,0.0780624469832676,0.0780624469832676,0.0780624469832676,19929765.00525845
2026-07-30 05:00:00+00:00,0.07769959656528429,0.07769959656528429,0.07769959656528429,0.07769959656528429,20012835.01903345
2026-07-30 06:00:00+00:00,0.07735728218189977,0.07735728218189977,0.07735728218189977,0.07735728218189977,19360560.81240517
2026-07-30 07:00:00+00:00,0.07748526216737096,0.07748526216737096,0.07748526216737096,0.07748526216737096,19073003.67763719
2026-07-30 08:00:00+00:00,0.07730556467848737,0.07730556467848737,0.07730556467848737,0.07730556467848737,18881062.56026403
2026-07-30 09:00:00+00:00,0.07744445333665814,0.07744445333665814,0.07744445333665814,0.07744445333665814,19031381.63431668
2026-07-30 10:00:00+00:00,0.07737557998417952,0.07737557998417952,0.07737557998417952,0.07737557998417952,20440761.39724452
2026-07-30 11:00:00+00:00,0.0774267557727648,0.0774267557727648,0.0774267557727648,0.0774267557727648,20431492.329173338
2026-07-30 12:00:00+00:00,0.07776786705467219,0.07776786705467219,0.07776786705467219,0.07776786705467219,19835252.09351568
2026-07-30 13:00:00+00:00,0.07788446242158158,0.07788446242158158,0.07788446242158158,0.07788446242158158,20612466.865180545
2026-07-30 14:00:00+00:00,0.07891040354566632,0.07891040354566632,0.07891040354566632,0.07891040354566632,21833954.1844117
2026-07-30 15:00:00+00:00,0.07856172002676952,0.07856172002676952,0.07856172002676952,0.07856172002676952,20778050.631573044
2026-07-30 16:00:00+00:00,0.07855798946815945,0.07855798946815945,0.07855798946815945,0.07855798946815945,20928929.094136696
2026-07-30 17:00:00+00:00,0.07861047402025413,0.07861047402025413,0.07861047402025413,0.07861047402025413,20322281.97927212
2026-07-30 18:00:00+00:00,0.07927281402299875,0.07927281402299875,0.07927281402299875,0.07927281402299875,18792530.605513502
2026-07-30 19:00:00+00:00,0.07921351317629623,0.07921351317629623,0.07921351317629623,0.07921351317629623,18110740.200729176
2026-07-30 20:00:00+00:00,0.07967025711435553,0.07967025711435553,0.07967025711435553,0.07967025711435553,16884071.01293787
2026-07-30 21:00:00+00:00,0.07936304715683312,0.07936304715683312,0.07936304715683312,0.07936304715683312,16136477.533249354
2026-07-30 22:00:00+00:00,0.07930288578034714,0.07930288578034714,0.07930288578034714,0.07930288578034714,15686153.045235535
2026-07-30 23:00:00+00:00,0.07882914029164181,0.07882914029164181,0.07882914029164181,0.07882914029164181,15392465.394145595
2026-07-31 00:00:00+00:00,0.07900113392469847,0.07900113392469847,0.07900113392469847,0.07900113392469847,14937134.778049855
2026-07-31 01:00:00+00:00,0.08056842561707539,0.08056842561707539,0.08056842561707539,0.08056842561707539,17739594.993122354
2026-07-31 02:00:00+00:00,0.07942271412752248,0.07942271412752248,0.07942271412752248,0.07942271412752248,17906035.329261176
2026-07-31 03:00:00+00:00,0.0789778808041022,0.0789778808041022,0.0789778808041022,0.0789778808041022,17315910.88089368
2026-07-31 04:00:00+00:00,0.0794295398383983,0.0794295398383983,0.0794295398383983,0.0794295398383983,18460653.98604985
2026-07-31 05:00:00+00:00,0.07906318891575377,0.07906318891575377,0.07906318891575377,0.07906318891575377,18453009.629846293
2026-07-31 06:00:00+00:00,0.07906828768807975,0.07906828768807975,0.07906828768807975,0.07906828768807975,18384285.66055864
2026-07-31 07:00:00+00:00,0.07904834416978539,0.07904834416978539,0.07904834416978539,0.07904834416978539,17601759.016796537
2026-07-31 08:00:00+00:00,0.07878247462681778,0.07878247462681778,0.07878247462681778,0.07878247462681778,18605472.662798572
2026-07-31 09:00:00+00:00,0.07874872293787744,0.07874872293787744,0.07874872293787744,0.07874872293787744,18684840.05725353
2026-07-31 10:00:00+00:00,0.07804320346210632,0.07804320346210632,0.07804320346210632,0.07804320346210632,18096939.57987826
2026-07-31 11:00:00+00:00,0.07830867352391373,0.07830867352391373,0.07830867352391373,0.07830867352391373,18099556.979498643
2026-07-31 12:00:00+00:00,0.07825353359471723,0.07825353359471723,0.07825353359471723,0.07825353359471723,17822450.36464867
2026-07-31 13:00:00+00:00,0.07883934493728408,0.07883934493728408,0.07883934493728408,0.07883934493728408,18106991.818650298
2026-07-31 14:00:00+00:00,0.07842527515631659,0.07842527515631659,0.07842527515631659,0.07842527515631659,17239501.18908479
2026-07-31 15:00:00+00:00,0.07835056920153297,0.07835056920153297,0.07835056920153297,0.07835056920153297,17891102.212908417
2026-07-31 16:00:00+00:00,0.07868389756801683,0.07868389756801683,0.07868389756801683,0.07868389756801683,17965291.805128
2026-07-31 17:00:00+00:00,0.0785441098434811,0.0785441098434811,0.0785441098434811,0.0785441098434811,17305484.581442486
2026-07-31 18:00:00+00:00,0.07904695033449177,0.07904695033449177,0.07904695033449177,0.07904695033449177,18543427.438028067
2026-07-31 19:00:00+00:00,0.07871254914390992,0.07871254914390992,0.07871254914390992,0.07871254914390992,17611271.815073486
2026-07-31 20:00:00+00:00,0.07836249342603342,0.07836249342603342,0.07836249342603342,0.07836249342603342,17857133.014910545
2026-07-31 21:00:00+00:00,0.078214094654872,0.078214094654872,0.078214094654872,0.078214094654872,18564819.91031033
2026-07-31 22:00:00+00:00,0.07824049698295217,0.07824049698295217,0.07824049698295217,0.07824049698295217,18609256.881964207
2026-07-31 23:00:00+00:00,0.07863213029379662,0.07863213029379662,0.07863213029379662,0.07863213029379662,18522106.766584147
2026-08-01 00:00:00+00:00,0.07885928578019141,0.07885928578019141,0.07885928578019141,0.07885928578019141,18462322.55838348
2026-08-01 01:00:00+00:00,0.07880851738545193,0.07880851738545193,0.07880851738545193,0.07880851738545193,16384625.677998196
2026-08-01 02:00:00+00:00,0.07953446179417802,0.07953446179417802,0.07953446179417802,0.07953446179417802,16191531.56387759
2026-08-01 03:00:00+00:00,0.07958181444737522,0.07958181444737522,0.07958181444737522,0.07958181444737522,15552008.779852713
2026-08-01 04:00:00+00:00,0.07976931078117022,0.07976931078117022,0.07976931078117022,0.07976931078117022,15069194.190427447
2026-08-01 05:00:00+00:00,0.07983179439675957,0.07983179439675957,0.07983179439675957,0.07983179439675957,15354947.784618532
2026-08-01 06:00:00+00:00,0.07942051929282885,0.07942051929282885,0.07942051929282885,0.07942051929282885,15348346.398899598
2026-08-01 07:00:00+00:00,0.07961774672297893,0.07961774672297893,0.07961774672297893,0.07961774672297893,15459952.98939817
2026-08-01 08:00:00+00:00,0.07915375646558115,0.07915375646558115,0.07915375646558115,0.07915375646558115,15162001.873981066
2026-08-01 09:00:00+00:00,0.07960112280770287,0.07960112280770287,0.07960112280770287,0.07960112280770287,15008696.383154167
2026-08-01 10:00:00+00:00,0.07976953456291404,0.07976953456291404,0.07976953456291404,0.07976953456291404,14652080.958218174
2026-08-01 11:00:00+00:00,0.08024898319491663,0.08024898319491663,0.08024898319491663,0.08024898319491663,14909886.0922586
2026-08-01 12:00:00+00:00,0.07981359930486356,0.07981359930486356,0.07981359930486356,0.07981359930486356,14786839.483221553
2026-08-01 13:00:00+00:00,0.0803838695948325,0.0803838695948325,0.0803838695948325,0.0803838695948325,15588573.542741923
2026-08-01 14:00:00+00:00,0.0801203621591077,0.0801203621591077,0.0801203621591077,0.0801203621591077,15564715.869538851
2026-08-01 15:00:00+00:00,0.07933029889884258,0.07933029889884258,0.07933029889884258,0.07933029889884258,15104882.047156945
2026-08-01 16:00:00+00:00,0.07904351973479452,0.07904351973479452,0.07904351973479452,0.07904351973479452,14566522.857465524
2026-08-01 17:00:00+00:00,0.07895661229774478,0.07895661229774478,0.07895661229774478,0.07895661229774478,14836528.581228817
2026-08-01 18:00:00+00:00,0.07851979994253874,0.07851979994253874,0.07851979994253874,0.07851979994253874,14525916.90829913
2026-08-01 19:00:00+00:00,0.07868488700580885,0.07868488700580885,0.07868488700580885,0.07868488700580885,14980911.817778245
2026-08-01 20:00:00+00:00,0.07881390749017897,0.07881390749017897,0.07881390749017897,0.07881390749017897,14770852.995915407
2026-08-01 21:00:00+00:00,0.07898514394339655,0.07898514394339655,0.07898514394339655,0.07898514394339655,14848891.369042825
2026-08-01 22:00:00+00:00,0.07907454593108224,0.07907454593108224,0.07907454593108224,0.07907454593108224,14618858.802641168
2026-08-01 23:00:00+00:00,0.07892096833355534,0.07892096833355534,0.07892096833355534,0.07892096833355534,14921499.788638247
2026-08-02 00:00:00+00:00,0.07900631696933062,0.07900631696933062,0.07900631696933062,0.07900631696933062,14790982.816352885
2026-08-02 01:00:00+00:00,0.07865682955103098,0.07865682955103098,0.07865682955103098,0.07865682955103098,14878371.1308364
2026-08-02 02:00:00+00:00,0.07877877090634829,0.07877877090634829,0.07877877090634829,0.07877877090634829,14482867.532730274
2026-08-02 03:00:00+00:00,0.07909182723291179,0.07909182723291179,0.07909182723291179,0.07909182723291179,14188505.892450571
2026-08-02 04:00:00+00:00,0.0796411472163678,0.0796411472163678,0.0796411472163678,0.0796411472163678,14949983.52732254
2026-08-02 05:00:00+00:00,0.07995033414611775,0.07995033414611775,0.07995033414611775,0.07995033414611775,15032191.968142746
2026-08-02 06:00:00+00:00,0.07996301330359658,0.07996301330359658,0.07996301330359658,0.07996301330359658,15153668.70947393
2026-08-02 07:00:00+00:00,0.08000886214676227,0.08000886214676227,0.08000886214676227,0.08000886214676227,15058092.055905385
2026-08-02 08:00:00+00:00,0.08002708199553643,0.08002708199553643,0.08002708199553643,0.08002708199553643,15132096.141326034
2026-08-02 09:00:00+00:00,0.0802214114077138,0.0802214114077138,0.0802214114077138,0.0802214114077138,15491887.835300077
2026-08-02 10:00:00+00:00,0.08043620911766529,0.08043620911766529,0.08043620911766529,0.08043620911766529,15166010.117411302
2026-08-02 11:00:00+00:00,0.08079073544845791,0.08079073544845791,0.08079073544845791,0.08079073544845791,15445093.521715097
2026-08-02 12:00:00+00:00,0.08146647040334767,0.08146647040334767,0.08146647040334767,0.08146647040334767,15688284.625560608
2026-08-02 13:00:00+00:00,0.08225052272910312,0.08225052272910312,0.08225052272910312,0.08225052272910312,16092535.13048173
2026-08-02 14:00:00+00:00,0.08258683650093467,0.08258683650093467,0.08258683650093467,0.08258683650093467,16860419.822223388
2026-08-02 15:00:00+00:00,0.08394207101743219,0.08394207101743219,0.08394207101743219,0.08394207101743219,20213792.748863406
2026-08-02 16:00:00+00:00,0.08468162254907685,0.08468162254907685,0.08468162254907685,0.08468162254907685,22223880.817850742
2026-08-02 17:00:00+00:00,0.08554250309799494,0.08554250309799494,0.08554250309799494,0.08554250309799494,23416660.36813471
2026-08-02 18:00:00+00:00,0.08551680867470396,0.08551680867470396,0.08551680867470396,0.08551680867470396,24337556.32063398
2026-08-02 19:00:00+00:00,0.08558015604665165,0.08558015604665165,0.08558015604665165,0.08558015604665165,24952738.143801507
2026-08-02 20:00:00+00:00,0.0851616782506688,0.0851616782506688,0.0851616782506688,0.0851616782506688,25281913.510419782
2026-08-02 21:00:00+00:00,0.0843437024360792,0.0843437024360792,0.0843437024360792,0.0843437024360792,26953969.090496615
2026-08-02 22:00:00+00:00,0.0845635936631789,0.0845635936631789,0.0845635936631789,0.0845635936631789,27350723.38581306
2026-08-02 23:00:00+00:00,0.08507031202100127,0.08507031202100127,0.08507031202100127,0.08507031202100127,27235018.831809696
2026-08-03 00:00:00+00:00,0.08596349516363437,0.08596349516363437,0.08596349516363437,0.08596349516363437,30814826.107784677
2026-08-03 01:00:00+00:00,0.0861809603309619,0.0861809603309619,0.0861809603309619,0.0861809603309619,31840337.475038297
2026-08-03 02:00:00+00:00,0.0851809069959724,0.0851809069959724,0.0851809069959724,0.0851809069959724,32491985.200047355
2026-08-03 03:00:00+00:00,0.08489420213107927,0.08489420213107927,0.08489420213107927,0.08489420213107927,32660761.16565617
2026-08-03 04:00:00+00:00,0.08495802110675486,0.08495802110675486,0.08495802110675486,0.08495802110675486,33426908.24088314
2026-08-03 05:00:00+00:00,0.08535622535885982,0.08535622535885982,0.08535622535885982,0.08535622535885982,33555430.23162526
2026-08-03 06:00:00+00:00,0.08565549421789498,0.08565549421789498,0.08565549421789498,0.08565549421789498,33925077.95981043
2026-08-03 07:00:00+00:00,0.08363509284535736,0.08363509284535736,0.08363509284535736,0.08363509284535736,35854511.356156334
2026-08-03 08:00:00+00:00,0.08413925947334933,0.08413925947334933,0.08413925947334933,0.08413925947334933,36758389.97011203
2026-08-03 09:00:00+00:00,0.08524970582983593,0.08524970582983593,0.08524970582983593,0.08524970582983593,37509490.79068625
2026-08-03 10:00:00+00:00,0.08586643024411905,0.08586643024411905,0.08586643024411905,0.08586643024411905,38703402.55065924
2026-08-03 11:00:00+00:00,0.0862629373988005,0.0862629373988005,0.0862629373988005,0.0862629373988005,38020249.29510367
2026-08-03 12:00:00+00:00,0.08638404872472806,0.08638404872472806,0.08638404872472806,0.08638404872472806,39999689.80591653
2026-08-03 13:00:00+00:00,0.08672244264527806,0.08672244264527806,0.08672244264527806,0.08672244264527806,40968360.428747065
2026-08-03 14:00:00+00:00,0.08663081741720544,0.08663081741720544,0.08663081741720544,0.08663081741720544,39468537.6159049
2026-08-03 15:00:00+00:00,0.08739409893700417,0.08739409893700417,0.08739409893700417,0.08739409893700417,38559537.98498552
2026-08-03 16:00:00+00:00,0.08964769021398324,0.08964769021398324,0.08964769021398324,0.08964769021398324,40050010.2478984
2026-08-03 17:00:00+00:00,0.08853602152074658,0.08853602152074658,0.08853602152074658,0.08853602152074658,41443090.33693991
2026-08-03 18:00:00+00:00,0.09050275803065105,0.09050275803065105,0.09050275803065105,0.09050275803065105,42094687.5021639
2026-08-03 19:00:00+00:00,0.09242226938865816,0.09242226938865816,0.09242226938865816,0.09242226938865816,46287872.834545344
2026-08-03 20:00:00+00:00,0.09110642410325617,0.09110642410325617,0.09110642410325617,0.09110642410325617,44592347.61169687
2026-08-03 21:00:00+00:00,0.09134822590941336,0.09134822590941336,0.09134822590941336,0.09134822590941336,46821020.874835
2026-08-03 22:00:00+00:00,0.09112626086058107,0.09112626086058107,0.09112626086058107,0.09112626086058107,47286850.001449406
2026-08-03 23:00:00+00:00,0.09057901322564837,0.09057901322564837,0.09057901322564837,0.09057901322564837,45041917.134759985
2026-08-04 00:00:00+00:00,0.09019272129388764,0.09019272129388764,0.09019272129388764,0.09019272129388764,46054409.63885148
2026-08-04 01:00:00+00:00,0.09046394719146489,0.09046394719146489,0.09046394719146489,0.09046394719146489,45895491.1528745
2026-08-04 02:00:00+00:00,0.0914559489491719,0.0914559489491719,0.0914559489491719,0.0914559489491719,45374865.044487506
2026-08-04 03:00:00+00:00,0.0894856026662431,0.0894856026662431,0.0894856026662431,0.0894856026662431,46499990.06236387
2026-08-04 04:00:00+00:00,0.08897794912876611,0.08897794912876611,0.08897794912876611,0.08897794912876611,44714715.221154444
2026-08-04 05:00:00+00:00,0.08912729661860909,0.08912729661860909,0.08912729661860909,0.08912729661860909,45090346.75773566
2026-08-04 06:00:00+00:00,0.09007399212636806,0.09007399212636806,0.09007399212636806,0.09007399212636806,47559101.991414934
2026-08-04 07:00:00+00:00,0.09110598509508397,0.09110598509508397,0.09110598509508397,0.09110598509508397,44900127.211302616
2026-08-04 08:00:00+00:00,0.0907585288689745,0.0907585288689745,0.0907585288689745,0.0907585288689745,46558348.54521517
2026-08-04 09:00:00+00:00,0.09052509320267134,0.09052509320267134,0.09052509320267134,0.09052509320267134,46200817.5536273
2026-08-04 10:00:00+00:00,0.09008528639290207,0.09008528639290207,0.09008528639290207,0.09008528639290207,45082060.70596317
2026-08-04 11:00:00+00:00,0.09109514135180972,0.09109514135180972,0.09109514135180972,0.09109514135180972,46340579.00459232
2026-08-04 12:00:00+00:00,0.0909191239604942,0.0909191239604942,0.0909191239604942,0.0909191239604942,46991975.64055627
2026-08-04 13:00:00+00:00,0.09014481602277577,0.09014481602277577,0.09014481602277577,0.09014481602277577,45362591.10892793
2026-08-04 14:00:00+00:00,0.09029820146870847,0.09029820146870847,0.09029820146870847,0.09029820146870847,45272602.48246768
2026-08-04 15:00:00+00:00,0.09002782680759537,0.09002782680759537,0.09002782680759537,0.09002782680759537,43774959.260971755
2026-08-04 16:00:00+00:00,0.09037492176164383,0.09037492176164383,0.09037492176164383,0.09037492176164383,42567647.50750758
2026-08-04 17:00:00+00:00,0.08993570020071974,0.08993570020071974,0.08993570020071974,0.08993570020071974,40284369.60296401
2026-08-04 18:00:00+00:00,0.08923395256843071,0.08923395256843071,0.08923395256843071,0.08923395256843071,37950022.488329604
2026-08-04 19:00:00+00:00,0.08952221275368967,0.08952221275368967,0.08952221275368967,0.08952221275368967,35819051.846640036
2026-08-04 20:00:00+00:00,0.09027619055217703,0.09027619055217703,0.09027619055217703,0.09027619055217703,33242326.79961643
2026-08-04 21:00:00+00:00,0.0904138799192772,0.0904138799192772,0.0904138799192772,0.0904138799192772,31984805.751152847
2026-08-04 22:00:00+00:00,0.09061638887438742,0.09061638887438742,0.09061638887438742,0.09061638887438742,32781906.808819667
2026-08-04 23:00:00+00:00,0.08963394678774668,0.08963394678774668,0.08963394678774668,0.08963394678774668,30899998.308712546
2026-08-05 00:00:00+00:00,0.08944715290145014,0.08944715290145014,0.08944715290145014,0.08944715290145014,30888633.347554196
2026-08-05 01:00:00+00:00,0.0892782040562939,0.0892782040562939,0.0892782040562939,0.0892782040562939,30391941.24603747
2026-08-05 02:00:00+00:00,0.08885507223358564,0.08885507223358564,0.08885507223358564,0.08885507223358564,28963141.305022586
2026-08-05 03:00:00+00:00,0.08934361153423377,0.08934361153423377,0.08934361153423377,0.08934361153423377,27471702.873217728
2026-08-05 04:00:00+00:00,0.08994238398418238,0.08994238398418238,0.08994238398418238,0.08994238398418238,28446054.293367088
2026-08-05 05:00:00+00:00,0.08963320994014341,0.08963320994014341,0.08963320994014341,0.08963320994014341,27991550.347896717
2026-08-05 06:00:00+00:00,0.08936709619168551,0.08936709619168551,0.08936709619168551,0.08936709619168551,27077863.85422492
2026-08-05 07:00:00+00:00,0.0894328126810948,0.0894328126810948,0.0894328126810948,0.0894328126810948,26038142.03335427
2026-08-05 08:00:00+00:00,0.09051343659575577,0.09051343659575577,0.09051343659575577,0.09051343659575577,25426082.405233957
2026-08-05 09:00:00+00:00,0.09060029279408832,0.09060029279408832,0.09060029279408832,0.09060029279408832,26312464.545797296
2026-08-05 10:00:00+00:00,0.0907595131722179,0.0907595131722179,0.0907595131722179,0.0907595131722179,26131159.993404068
2026-08-05 11:00:00+00:00,0.08922578007345894,0.08922578007345894,0.08922578007345894,0.08922578007345894,24398469.112186257
2026-08-05 12:00:00+00:00,0.08910080842539916,0.08910080842539916,0.08910080842539916,0.08910080842539916,23303392.37866836
2026-08-05 13:00:00+00:00,0.08918414643747392,0.08918414643747392,0.08918414643747392,0.08918414643747392,22347857.765951566
2026-08-05 14:00:00+00:00,0.08872076488856673,0.08872076488856673,0.08872076488856673,0.08872076488856673,23120138.81798693
2026-08-05 15:00:00+00:00,0.08865740936429684,0.08865740936429684,0.08865740936429684,0.08865740936429684,23034202.630249817
2026-08-05 16:00:00+00:00,0.08974481617965893,0.08974481617965893,0.08974481617965893,0.08974481617965893,23031816.584426038
2026-08-05 17:00:00+00:00,0.09008477845039499,0.09008477845039499,0.09008477845039499,0.09008477845039499,22925756.895323668
2026-08-05 18:00:00+00:00,0.08960249234441944,0.08960249234441944,0.08960249234441944,0.08960249234441944,22418165.02855304
2026-08-05 19:00:00+00:00,0.08963572264535463,0.08963572264535463,0.08963572264535463,0.08963572264535463,22051606.33728357
2026-08-05 20:00:00+00:00,0.0893035795103706,0.0893035795103706,0.0893035795103706,0.0893035795103706,21923313.385330852
2026-08-05 21:00:00+00:00,0.08947186733256943,0.08947186733256943,0.08947186733256943,0.08947186733256943,21150961.132556506
2026-08-05 22:00:00+00:00,0.0896425540763836,0.0896425540763836,0.0896425540763836,0.0896425540763836,21498084.72923462
2026-08-05 23:00:00+00:00,0.08868783581235633,0.08868783581235633,0.08868783581235633,0.08868783581235633,21324080.7836535
2026-08-06 00:00:00+00:00,0.0882401322226813,0.0882401322226813,0.0882401322226813,0.0882401322226813,21093921.98025638
2026-08-06 01:00:00+00:00,0.08800835057271812,0.08800835057271812,0.08800835057271812,0.08800835057271812,20931548.567095287
2026-08-06 02:00:00+00:00,0.08796664360260287,0.08796664360260287,0.08796664360260287,0.08796664360260287,20823431.171369653
2026-08-06 03:00:00+00:00,0.08777766094376606,0.08777766094376606,0.08777766094376606,0.08777766094376606,20308766.074781436
2026-08-06 04:00:00+00:00,0.08702758787864125,0.08702758787864125,0.08702758787864125,0.08702758787864125,19927394.531428587
2026-08-06 05:00:00+00:00,0.08725098496633353,0.08725098496633353,0.08725098496633353,0.08725098496633353,19928930.12480116
2026-08-06 06:00:00+00:00,0.08716440940311856,0.08716440940311856,0.08716440940311856,0.08716440940311856,19853007.83560274
2026-08-06 07:00:00+00:00,0.08706845725097069,0.08706845725097069,0.08706845725097069,0.08706845725097069,19157244.443074033
2026-08-06 08:00:00+00:00,0.08706688227344164,0.08706688227344164,0.08706688227344164,0.08706688227344164,19313569.908477545
2026-08-06 09:00:00+00:00,0.08732552336344142,0.08732552336344142,0.08732552336344142,0.08732552336344142,18007509.937255118
2026-08-06 10:00:00+00:00,0.08723726970279558,0.08723726970279558,0.08723726970279558,0.08723726970279558,18866075.506961543
2026-08-06 11:00:00+00:00,0.08687682841309163,0.08687682841309163,0.08687682841309163,0.08687682841309163,18913782.081740163
2026-08-06 12:00:00+00:00,0.08703103370977978,0.08703103370977978,0.08703103370977978,0.08703103370977978,18930933.839893285
2026-08-06 13:00:00+00:00,0.08720851408627944,0.08720851408627944,0.08720851408627944,0.08720851408627944,18972562.92511912
2026-08-06 14:00:00+00:00,0.08733918808833772,0.08733918808833772,0.08733918808833772,0.08733918808833772,17873827.93943918
2026-08-06 15:00:00+00:00,0.08777722375959428,0.08777722375959428,0.08777722375959428,0.08777722375959428,19275620.826260965
2026-08-06 16:00:00+00:00,0.08812626661289144,0.08812626661289144,0.08812626661289144,0.08812626661289144,19634380.391699824
2026-08-06 17:00:00+00:00,0.08972176188274553,0.08972176188274553,0.08972176188274553,0.08972176188274553,20020539.641390376
2026-08-06 18:00:00+00:00,0.0890489095868154,0.0890489095868154,0.0890489095868154,0.0890489095868154,20532191.87910735
2026-08-06 19:00:00+00:00,0.09035998110071593,0.09035998110071593,0.09035998110071593,0.09035998110071593,21652436.98671666
2026-08-06 20:00:00+00:00,0.08957752395050907,0.08957752395050907,0.08957752395050907,0.08957752395050907,21688532.92914643
2026-08-06 21:00:00+00:00,0.08918821478168328,0.08918821478168328,0.08918821478168328,0.08918821478168328,22147567.690861806
2026-08-06 22:00:00+00:00,0.08889613909366148,0.08889613909366148,0.08889613909366148,0.08889613909366148,22348970.181083404
2026-08-06 23:00:00+00:00,0.08750146516661186,0.08750146516661186,0.08750146516661186,0.08750146516661186,22307387.154239263
2026-08-07 00:00:00+00:00,0.08739364567257853,0.08739364567257853,0.08739364567257853,0.08739364567257853,22371967.099699892
2026-08-07 01:00:00+00:00,0.08756705916756334,0.08756705916756334,0.08756705916756334,0.08756705916756334,22464706.511663094
2026-08-07 02:00:00+00:00,0.08770416823432134,0.08770416823432134,0.08770416823432134,0.08770416823432134,22346257.4256493
2026-08-07 03:00:00+00:00,0.08990107991814562,0.08990107991814562,0.08990107991814562,0.08990107991814562,26820289.661346197
2026-08-07 04:00:00+00:00,0.09000678425011444,0.09000678425011444,0.09000678425011444,0.09000678425011444,27589618.053582814
2026-08-07 05:00:00+00:00,0.08944802183210614,0.08944802183210614,0.08944802183210614,0.08944802183210614,28161202.5687894
2026-08-07 06:00:00+00:00,0.0896519875080158,0.0896519875080158,0.0896519875080158,0.0896519875080158,28711410.801672127
2026-08-07 07:00:00+00:00,0.08976126182680681,0.08976126182680681,0.08976126182680681,0.08976126182680681,29029606.978421558
2026-08-07 08:00:00+00:00,0.08955450502466034,0.08955450502466034,0.08955450502466034,0.08955450502466034,28857327.91632908
2026-08-07 09:00:00+00:00,0.0901940324790259,0.0901940324790259,0.0901940324790259,0.0901940324790259,29704006.215616737
2026-08-07 10:00:00+00:00,0.0895367328755223,0.0895367328755223,0.0895367328755223,0.0895367328755223,29646979.945812136
2026-08-07 11:00:00+00:00,0.0889011515267966,0.0889011515267966,0.0889011515267966,0.0889011515267966,29342172.67320646
2026-08-07 12:00:00+00:00,0.08902858018280568,0.08902858018280568,0.08902858018280568,0.08902858018280568,29401534.464211125
2026-08-07 13:00:00+00:00,0.08910409001138854,0.08910409001138854,0.08910409001138854,0.08910409001138854,26746517.02157718
2026-08-07 14:00:00+00:00,0.08902138862496133,0.08902138862496133,0.08902138862496133,0.08902138862496133,29207883.70534293
2026-08-07 15:00:00+00:00,0.08810247831078603,0.08810247831078603,0.08810247831078603,0.08810247831078603,28293131.56925886
2026-08-07 16:00:00+00:00,0.08841104933366821,0.08841104933366821,0.08841104933366821,0.08841104933366821,27527870.11564008
2026-08-07 17:00:00+00:00,0.08827730737928713,0.08827730737928713,0.08827730737928713,0.08827730737928713,26812539.199416917
2026-08-07 18:00:00+00:00,0.08843940077025468,0.08843940077025468,0.08843940077025468,0.08843940077025468,25904266.039818358
2026-08-07 19:00:00+00:00,0.08834108632307003,0.08834108632307003,0.08834108632307003,0.08834108632307003,25004252.644048713
2026-08-07 20:00:00+00:00,0.08846724264546382,0.08846724264546382,0.08846724264546382,0.08846724264546382,24307984.798154343
2026-08-07 21:00:00+00:00,0.08869164641633198,0.08869164641633198,0.08869164641633198,0.08869164641633198,23710555.244611874
2026-08-07 22:00:00+00:00,0.0888662753438327,0.0888662753438327,0.0888662753438327,0.0888662753438327,23550194.092317235
2026-08-07 23:00:00+00:00,0.08883686599367789,0.08883686599367789,0.08883686599367789,0.08883686599367789,22496220.565204207
2026-08-08 00:00:00+00:00,0.08881117706514383,0.08881117706514383,0.08881117706514383,0.08881117706514383,22279056.272002663
2026-08-08 01:00:00+00:00,0.08876881367117,0.08876881367117,0.08876881367117,0.08876881367117,22413918.9636469
2026-08-08 02:00:00+00:00,0.08856539583191679,0.08856539583191679,0.08856539583191679,0.08856539583191679,21014825.078128926
2026-08-08 03:00:00+00:00,0.08694131387244758,0.08694131387244758,0.08694131387244758,0.08694131387244758,19133668.965189148
2026-08-08 04:00:00+00:00,0.08766714506103065,0.08766714506103065,0.08766714506103065,0.08766714506103065,18675056.155662816
2026-08-08 05:00:00+00:00,0.08747603945382817,0.08747603945382817,0.08747603945382817,0.08747603945382817,17694197.908567816
2026-08-08 06:00:00+00:00,0.08744902105308552,0.08744902105308552,0.08744902105308552,0.08744902105308552,16874256.772866726
2026-08-08 07:00:00+00:00,0.08713458906252326,0.08713458906252326,0.08713458906252326,0.08713458906252326,17105367.382657323
2026-08-08 08:00:00+00:00,0.0870490908128234,0.0870490908128234,0.0870490908128234,0.0870490908128234,16401679.952658277
2026-08-08 09:00:00+00:00,0.08703734384235329,0.08703734384235329,0.08703734384235329,0.08703734384235329,16376828.829061687
2026-08-08 10:00:00+00:00,0.08704645554718948,0.08704645554718948,0.08704645554718948,0.08704645554718948,15969410.54883041
2026-08-08 11:00:00+00:00,0.08733823182404797,0.08733823182404797,0.08733823182404797,0.08733823182404797,15714610.738938581
2026-08-08 12:00:00+00:00,0.08692307435731528,0.08692307435731528,0.08692307435731528,0.08692307435731528,15700884.573948381
2026-08-08 13:00:00+00:00,0.08684751834813496,0.08684751834813496,0.08684751834813496,0.08684751834813496,15204305.215051947
2026-08-08 14:00:00+00:00,0.08697702498942698,0.08697702498942698,0.08697702498942698,0.08697702498942698,15432039.654726347
2026-08-08 15:00:00+00:00,0.08731747600755163,0.08731747600755163,0.08731747600755163,0.08731747600755163,15394702.733915513
2026-08-08 16:00:00+00:00,0.08742631504458619,0.08742631504458619,0.08742631504458619,0.08742631504458619,15424201.710721508
2026-08-08 17:00:00+00:00,0.08741316591788731,0.08741316591788731,0.08741316591788731,0.08741316591788731,15098451.790332813
2026-08-08 18:00:00+00:00,0.08745594363651482,0.08745594363651482,0.08745594363651482,0.08745594363651482,15463834.01999072
2026-08-08 19:00:00+00:00,0.08747599512965964,0.08747599512965964,0.08747599512965964,0.08747599512965964,15625178.168110037
2026-08-08 20:00:00+00:00,0.08733056541514939,0.08733056541514939,0.08733056541514939,0.08733056541514939,15645088.723183956
2026-08-08 21:00:00+00:00,0.08754927386865843,0.08754927386865843,0.08754927386865843,0.08754927386865843,15356584.704366662
2026-08-08 22:00:00+00:00,0.08756403451001374,0.08756403451001374,0.08756403451001374,0.08756403451001374,15390962.856893599
2026-08-08 23:00:00+00:00,0.08752962747146169,0.08752962747146169,0.08752962747146169,0.08752962747146169,15214460.457623867
2026-08-09 00:00:00+00:00,0.08745135214334322,0.08745135214334322,0.08745135214334322,0.08745135214334322,15602628.383518921
2026-08-09 01:00:00+00:00,0.08726999791050118,0.08726999791050118,0.08726999791050118,0.08726999791050118,13106117.805829527
2026-08-09 02:00:00+00:00,0.08745836044450207,0.08745836044450207,0.08745836044450207,0.08745836044450207,14708277.617895097
2026-08-09 03:00:00+00:00,0.08736459670048452,0.08736459670048452,0.08736459670048452,0.08736459670048452,14445164.917585667
2026-08-09 04:00:00+00:00,0.0865510849621238,0.0865510849621238,0.0865510849621238,0.0865510849621238,14312003.888386179
2026-08-09 05:00:00+00:00,0.08685535577595954,0.08685535577595954,0.08685535577595954,0.08685535577595954,14483435.293942316
2026-08-09 06:00:00+00:00,0.08638973192719898,0.08638973192719898,0.08638973192719898,0.08638973192719898,14379081.897144843
2026-08-09 07:00:00+00:00,0.08674362724117464,0.08674362724117464,0.08674362724117464,0.08674362724117464,13862455.946463894
2026-08-09 08:00:00+00:00,0.08670085986039759,0.08670085986039759,0.08670085986039759,0.08670085986039759,14459734.02214125
2026-08-09 09:00:00+00:00,0.08648089969709132,0.08648089969709132,0.08648089969709132,0.08648089969709132,14288434.850272147
2026-08-09 10:00:00+00:00,0.0864323881814654,0.0864323881814654,0.0864323881814654,0.0864323881814654,14617219.753115924
2026-08-09 11:00:00+00:00,0.08596689869996087,0.08596689869996087,0.08596689869996087,0.08596689869996087,14630702.49500704
2026-08-09 12:00:00+00:00,0.08596160874997334,0.08596160874997334,0.08596160874997334,0.08596160874997334,14793003.620509375
2026-08-09 13:00:00+00:00,0.08599557483923503,0.08599557483923503,0.08599557483923503,0.08599557483923503,14091127.430554673
2026-08-09 14:00:00+00:00,0.08621179569779651,0.08621179569779651,0.08621179569779651,0.08621179569779651,14868964.342575923
2026-08-09 15:00:00+00:00,0.08587942454721097,0.08587942454721097,0.08587942454721097,0.08587942454721097,14597249.639180154
2026-08-09 16:00:00+00:00,0.08595039550070618,0.08595039550070618,0.08595039550070618,0.08595039550070618,14780790.35711868
2026-08-09 17:00:00+00:00,0.08590685419682012,0.08590685419682012,0.08590685419682012,0.08590685419682012,14566037.773859883
2026-08-09 18:00:00+00:00,0.08573553369221343,0.08573553369221343,0.08573553369221343,0.08573553369221343,14808971.288575314
2026-08-09 19:00:00+00:00,0.08588655270615733,0.08588655270615733,0.08588655270615733,0.08588655270615733,14769252.892347595
2026-08-09 20:00:00+00:00,0.08500017117640722,0.08500017117640722,0.08500017117640722,0.08500017117640722,17014878.87500282
2026-08-09 21:00:00+00:00,0.08424674530764968,0.08424674530764968,0.08424674530764968,0.08424674530764968,20230032.61548795
2026-08-09 22:00:00+00:00,0.0848593144999779,0.0848593144999779,0.0848593144999779,0.0848593144999779,20905676.64599713
2026-08-09 23:00:00+00:00,0.08428863149420272,0.08428863149420272,0.08428863149420272,0.08428863149420272,20988130.251288734
2026-08-10 00:00:00+00:00,0.0825615424541572,0.0825615424541572,0.0825615424541572,0.0825615424541572,24328078.3066736
2026-08-10 01:00:00+00:00,0.08248753777148934,0.08248753777148934,0.08248753777148934,0.08248753777148934,28743303.10363031
2026-08-10 02:00:00+00:00,0.08234197549376997,0.08234197549376997,0.08234197549376997,0.08234197549376997,28978992.539254036
2026-08-10 03:00:00+00:00,0.08216893727574498,0.08216893727574498,0.08216893727574498,0.08216893727574498,29212739.96740451
2026-08-10 04:00:00+00:00,0.08167030921304123,0.08167030921304123,0.08167030921304123,0.08167030921304123,29199304.27164873
2026-08-10 05:00:00+00:00,0.08205427550452625,0.08205427550452625,0.08205427550452625,0.08205427550452625,28548170.849632375
2026-08-10 06:00:00+00:00,0.08215983611657411,0.08215983611657411,0.08215983611657411,0.08215983611657411,29901829.34361074
2026-08-10 07:00:00+00:00,0.0820783522091551,0.0820783522091551,0.0820783522091551,0.0820783522091551,30143632.967788745
2026-08-10 08:00:00+00:00,0.08245272103372249,0.08245272103372249,0.08245272103372249,0.08245272103372249,30858618.64430641
2026-08-10 09:00:00+00:00,0.08219702229747164,0.08219702229747164,0.08219702229747164,0.08219702229747164,31018765.81255191
2026-08-10 10:00:00+00:00,0.08228701041157972,0.08228701041157972,0.08228701041157972,0.08228701041157972,31415899.258249357
2026-08-10 11:00:00+00:00,0.08253445639355071,0.08253445639355071,0.08253445639355071,0.08253445639355071,31895944.730157956
2026-08-10 12:00:00+00:00,0.08274528456060594,0.08274528456060594,0.08274528456060594,0.08274528456060594,32045544.057924096
2026-08-10 13:00:00+00:00,0.08310353584904508,0.08310353584904508,0.08310353584904508,0.08310353584904508,32817424.23394927
2026-08-10 14:00:00+00:00,0.08344673539132108,0.08344673539132108,0.08344673539132108,0.08344673539132108,33889303.04653731
2026-08-10 15:00:00+00:00,0.08306492275571264,0.08306492275571264,0.08306492275571264,0.08306492275571264,33683625.9541057
2026-08-10 16:00:00+00:00,0.08170475166568839,0.08170475166568839,0.08170475166568839,0.08170475166568839,32696787.613218453
2026-08-10 17:00:00+00:00,0.08171140786151869,0.08171140786151869,0.08171140786151869,0.08171140786151869,36276568.23028478
2026-08-10 18:00:00+00:00,0.08230239839054483,0.08230239839054483,0.08230239839054483,0.08230239839054483,36932423.76560621
2026-08-10 19:00:00+00:00,0.08258087073776858,0.08258087073776858,0.08258087073776858,0.08258087073776858,37059621.10232955
2026-08-10 20:00:00+00:00,0.0823650576821541,0.0823650576821541,0.0823650576821541,0.0823650576821541,33844367.219764456
2026-08-10 21:00:00+00:00,0.08258457574741025,0.08258457574741025,0.08258457574741025,0.08258457574741025,32192819.341640387
2026-08-10 22:00:00+00:00,0.08246881222828638,0.08246881222828638,0.08246881222828638,0.08246881222828638,31771659.778915066
2026-08-10 23:00:00+00:00,0.08243531997631291,0.08243531997631291,0.08243531997631291,0.08243531997631291,31652409.002687395
2026-08-11 00:00:00+00:00,0.08235703050916947,0.08235703050916947,0.08235703050916947,0.08235703050916947,27319382.816200286
2026-08-11 01:00:00+00:00,0.08250212617219782,0.08250212617219782,0.08250212617219782,0.08250212617219782,23628464.750899915
2026-08-11 02:00:00+00:00,0.08174985820196055,0.08174985820196055,0.08174985820196055,0.08174985820196055,22310610.61442031
2026-08-11 03:00:00+00:00,0.08162832814921503,0.08162832814921503,0.08162832814921503,0.08162832814921503,22133131.496035542
2026-08-11 04:00:00+00:00,0.08127244706129093,0.08127244706129093,0.08127244706129093,0.08127244706129093,21118101.153845884
2026-08-11 05:00:00+00:00,0.08149719432170062,0.08149719432170062,0.08149719432170062,0.08149719432170062,22552766.472124517
2026-08-11 06:00:00+00:00,0.08165972502211916,0.08165972502211916,0.08165972502211916,0.08165972502211916,22625846.998015508
2026-08-11 07:00:00+00:00,0.08149814175154729,0.08149814175154729,0.08149814175154729,0.08149814175154729,22634110.999403436
2026-08-11 08:00:00+00:00,0.08220547868243151,0.08220547868243151,0.08220547868243151,0.08220547868243151,22197560.230594836
2026-08-11 09:00:00+00:00,0.08264664694451772,0.08264664694451772,0.08264664694451772,0.08264664694451772,21931398.64326837
2026-08-11 10:00:00+00:00,0.08256059533456736,0.08256059533456736,0.08256059533456736,0.08256059533456736,21982736.31824941
2026-08-11 11:00:00+00:00,0.08280319195933829,0.08280319195933829,0.08280319195933829,0.08280319195933829,21761408.541836817
2026-08-11 12:00:00+00:00,0.08280133315652234,0.08280133315652234,0.08280133315652234,0.08280133315652234,21596582.139961697
2026-08-11 13:00:00+00:00,0.08264399622656629,0.08264399622656629,0.08264399622656629,0.08264399622656629,21532570.57532436
2026-08-11 14:00:00+00:00,0.0827398138126301,0.0827398138126301,0.0827398138126301,0.0827398138126301,20990834.63590061
2026-08-11 15:00:00+00:00,0.082313187497573,0.082313187497573,0.082313187497573,0.082313187497573,19108611.118394442
2026-08-11 16:00:00+00:00,0.08025769940243595,0.08025769940243595,0.08025769940243595,0.08025769940243595,22090339.544378564
2026-08-11 17:00:00+00:00,0.07983989308134848,0.07983989308134848,0.07983989308134848,0.07983989308134848,22429327.720912293
2026-08-11 18:00:00+00:00,0.07995844360128554,0.07995844360128554,0.07995844360128554,0.07995844360128554,22167985.369612537
2026-08-11 19:00:00+00:00,0.0801427794595993,0.0801427794595993,0.0801427794595993,0.0801427794595993,22373809.61751061
2026-08-11 20:00:00+00:00,0.08044545830466501,0.08044545830466501,0.08044545830466501,0.08044545830466501,22162459.147121556
2026-08-11 21:00:00+00:00,0.08092626510033137,0.08092626510033137,0.08092626510033137,0.08092626510033137,22621153.84746133
2026-08-11 22:00:00+00:00,0.08120341159873136,0.08120341159873136,0.08120341159873136,0.08120341159873136,23184839.717823055
2026-08-11 23:00:00+00:00,0.08073958651301648,0.08073958651301648,0.08073958651301648,0.08073958651301648,22754013.2999809
2026-08-12 00:00:00+00:00,0.08093137184781864,0.08093137184781864,0.08093137184781864,0.08093137184781864,23125290.536728416
2026-08-12 01:00:00+00:00,0.08089302593080668,0.08089302593080668,0.08089302593080668,0.08089302593080668,23174617.975946467
2026-08-12 02:00:00+00:00,0.08134669252943892,0.08134669252943892,0.08134669252943892,0.08134669252943892,23364920.286879208
2026-08-12 03:00:00+00:00,0.08109245192073646,0.08109245192073646,0.08109245192073646,0.08109245192073646,23028986.54925118
2026-08-12 04:00:00+00:00,0.08104915172764691,0.08104915172764691,0.08104915172764691,0.08104915172764691,23062220.357960485
2026-08-12 05:00:00+00:00,0.0815725142272676,0.0815725142272676,0.0815725142272676,0.0815725142272676,23316663.264114436
2026-08-12 06:00:00+00:00,0.08136565474003916,0.08136565474003916,0.08136565474003916,0.08136565474003916,22204478.792442754
2026-08-12 07:00:00+00:00,0.08137884050698004,0.08137884050698004,0.08137884050698004,0.08137884050698004,21803811.4872202
2026-08-12 08:00:00+00:00,0.08142350102969932,0.08142350102969932,0.08142350102969932,0.08142350102969932,21835530.969534136
2026-08-12 09:00:00+00:00,0.08091821931317365,0.08091821931317365,0.08091821931317365,0.08091821931317365,21585459.8795616
2026-08-12 10:00:00+00:00,0.08116620756397468,0.08116620756397468,0.08116620756397468,0.08116620756397468,20952604.722233493
2026-08-12 11:00:00+00:00,0.08134134188304587,0.08134134188304587,0.08134134188304587,0.08134134188304587,21479358.2901088
2026-08-12 12:00:00+00:00,0.0810438093427408,0.0810438093427408,0.0810438093427408,0.0810438093427408,20639384.862464085
2026-08-12 13:00:00+00:00,0.08039705034308518,0.08039705034308518,0.08039705034308518,0.08039705034308518,21729699.601855464
2026-08-12 14:00:00+00:00,0.07970492385344546,0.07970492385344546,0.07970492385344546,0.07970492385344546,22076683.646565884
2026-08-12 15:00:00+00:00,0.0790105696102931,0.0790105696102931,0.0790105696102931,0.0790105696102931,22693812.181888435
2026-08-12 16:00:00+00:00,0.079139984108053,0.079139984108053,0.079139984108053,0.079139984108053,19395389.195381764
2026-08-12 17:00:00+00:00,0.07863244703243807,0.07863244703243807,0.07863244703243807,0.07863244703243807,19214693.157995414
2026-08-12 18:00:00+00:00,0.0789403637069059,0.0789403637069059,0.0789403637069059,0.0789403637069059,19109018.510367516
2026-08-12 19:00:00+00:00,0.07887784643675196,0.07887784643675196,0.07887784643675196,0.07887784643675196,19037711.794841643
2026-08-12 20:00:00+00:00,0.07905640128582081,0.07905640128582081,0.07905640128582081,0.07905640128582081,19211713.57313086
2026-08-12 21:00:00+00:00,0.07960269624043703,0.07960269624043703,0.07960269624043703,0.07960269624043703,19033299.932599843
2026-08-12 22:00:00+00:00,0.07866830206062572,0.07866830206062572,0.07866830206062572,0.07866830206062572,19247377.169881582
2026-08-12 23:00:00+00:00,0.07879949501490847,0.07879949501490847,0.07879949501490847,0.07879949501490847,19228717.762965318
2026-08-13 00:00:00+00:00,0.07906083097690825,0.07906083097690825,0.07906083097690825,0.07906083097690825,19252062.239828978
2026-08-13 01:00:00+00:00,0.07901810573150751,0.07901810573150751,0.07901810573150751,0.07901810573150751,19452848.888584334
2026-08-13 02:00:00+00:00,0.07896592439619207,0.07896592439619207,0.07896592439619207,0.07896592439619207,19606246.239690624
2026-08-13 03:00:00+00:00,0.0785956083211573,0.0785956083211573,0.0785956083211573,0.0785956083211573,19870809.62940263
2026-08-13 04:00:00+00:00,0.07904573468294916,0.07904573468294916,0.07904573468294916,0.07904573468294916,19032414.758650504
2026-08-13 05:00:00+00:00,0.079005431157943,0.079005431157943,0.079005431157943,0.079005431157943,19836681.442149654
2026-08-13 06:00:00+00:00,0.07929682281396916,0.07929682281396916,0.07929682281396916,0.07929682281396916,19754694.887148745
2026-08-13 07:00:00+00:00,0.07941110970211221,0.07941110970211221,0.07941110970211221,0.07941110970211221,20075524.60499298
2026-08-13 08:00:00+00:00,0.07927352923700526,0.07927352923700526,0.07927352923700526,0.07927352923700526,19026135.478515375
2026-08-13 09:00:00+00:00,0.07956527438179409,0.07956527438179409,0.07956527438179409,0.07956527438179409,19460086.934825562
2026-08-13 10:00:00+00:00,0.0793272218880863,0.0793272218880863,0.0793272218880863,0.0793272218880863,20188563.21518496
2026-08-13 11:00:00+00:00,0.07887281677077329,0.07887281677077329,0.07887281677077329,0.07887281677077329,19584523.950997315
2026-08-13 12:00:00+00:00,0.07898600295591349,0.07898600295591349,0.07898600295591349,0.07898600295591349,19153379.307392225
2026-08-13 13:00:00+00:00,0.0801509801253922,0.0801509801253922,0.0801509801253922,0.0801509801253922,20858215.49270753
2026-08-13 14:00:00+00:00,0.07998616924420208,0.07998616924420208,0.07998616924420208,0.07998616924420208,20554079.69306689
2026-08-13 15:00:00+00:00,0.07973309297404839,0.07973309297404839,0.07973309297404839,0.07973309297404839,18725574.669419955
2026-08-13 16:00:00+00:00,0.0790450531641329,0.0790450531641329,0.0790450531641329,0.0790450531641329,18469080.632177986
2026-08-13 17:00:00+00:00,0.07839732145354568,0.07839732145354568,0.07839732145354568,0.07839732145354568,19302716.629618313
2026-08-13 18:00:00+00:00,0.07853857890024606,0.07853857890024606,0.07853857890024606,0.07853857890024606,19335838.99410361
2026-08-13 19:00:00+00:00,0.07859472849547974,0.07859472849547974,0.07859472849547974,0.07859472849547974,19517029.49400492
2026-08-13 20:00:00+00:00,0.0785387091662285,0.0785387091662285,0.0785387091662285,0.0785387091662285,18852252.47803339
2026-08-13 21:00:00+00:00,0.07860192186763307,0.07860192186763307,0.07860192186763307,0.07860192186763307,19311134.63294273
2026-08-13 22:00:00+00:00,0.07870917985540878,0.07870917985540878,0.07870917985540878,0.07870917985540878,18634556.30889062
2026-08-13 23:00:00+00:00,0.07887157904818574,0.07887157904818574,0.07887157904818574,0.07887157904818574,18632705.073883086
2026-08-14 00:00:00+00:00,0.07873403649239914,0.07873403649239914,0.07873403649239914,0.07873403649239914,18345279.173177216
2026-08-14 01:00:00+00:00,0.07854142034962142,0.07854142034962142,0.07854142034962142,0.07854142034962142,18138928.62953296
2026-08-14 02:00:00+00:00,0.07858831326702559,0.07858831326702559,0.07858831326702559,0.07858831326702559,18015455.406983364
2026-08-14 03:00:00+00:00,0.07868883016722822,0.07868883016722822,0.07868883016722822,0.07868883016722822,17749326.521942154
2026-08-14 04:00:00+00:00,0.07826304055949973,0.07826304055949973,0.07826304055949973,0.07826304055949973,17958923.883085314
2026-08-14 05:00:00+00:00,0.07842812265242745,0.07842812265242745,0.07842812265242745,0.07842812265242745,17434581.45938043
2026-08-14 06:00:00+00:00,0.07864242844041018,0.07864242844041018,0.07864242844041018,0.07864242844041018,17929732.55303318
2026-08-14 07:00:00+00:00,0.07817050585289695,0.07817050585289695,0.07817050585289695,0.07817050585289695,17926706.14311068
2026-08-14 08:00:00+00:00,0.07843523691665599,0.07843523691665599,0.07843523691665599,0.07843523691665599,17950651.469572734
2026-08-14 09:00:00+00:00,0.078565278299688,0.078565278299688,0.078565278299688,0.078565278299688,18016743.60171138
2026-08-14 10:00:00+00:00,0.07833042643332161,0.07833042643332161,0.07833042643332161,0.07833042643332161,17749007.601032257
2026-08-14 11:00:00+00:00,0.07842789866038179,0.07842789866038179,0.07842789866038179,0.07842789866038179,17550417.613542825
2026-08-14 12:00:00+00:00,0.07884025062950091,0.07884025062950091,0.07884025062950091,0.07884025062950091,15383178.335896617
2026-08-14 13:00:00+00:00,0.07848249423910332,0.07848249423910332,0.07848249423910332,0.07848249423910332,16567830.78483592
2026-08-14 14:00:00+00:00,0.07927740594660392,0.07927740594660392,0.07927740594660392,0.07927740594660392,16856593.258235417
2026-08-14 15:00:00+00:00,0.07920587823028682,0.07920587823028682,0.07920587823028682,0.07920587823028682,16897189.413630582
2026-08-14 16:00:00+00:00,0.0801515525329679,0.0801515525329679,0.0801515525329679,0.0801515525329679,17258309.561918903
2026-08-14 17:00:00+00:00,0.08020806533404362,0.08020806533404362,0.08020806533404362,0.08020806533404362,16470755.511647696
2026-08-14 18:00:00+00:00,0.07992627393467844,0.07992627393467844,0.07992627393467844,0.07992627393467844,17182229.797562458
2026-08-14 19:00:00+00:00,0.07948669776611952,0.07948669776611952,0.07948669776611952,0.07948669776611952,16644372.145574322
2026-08-14 20:00:00+00:00,0.07932153833548873,0.07932153833548873,0.07932153833548873,0.07932153833548873,16842457.266646102
2026-08-14 21:00:00+00:00,0.07927341290036521,0.07927341290036521,0.07927341290036521,0.07927341290036521,16513598.02198096
2026-08-14 22:00:00+00:00,0.07908784111260164,0.07908784111260164,0.07908784111260164,0.07908784111260164,17182544.05774128
2026-08-14 23:00:00+00:00,0.07898737057207919,0.07898737057207919,0.07898737057207919,0.07898737057207919,17319332.51070704
2026-08-15 00:00:00+00:00,0.07944044417111198,0.07944044417111198,0.07944044417111198,0.07944044417111198,17630473.127015345
2026-08-15 01:00:00+00:00,0.07939036709724855,0.07939036709724855,0.07939036709724855,0.07939036709724855,17628673.49454165
2026-08-15 02:00:00+00:00,0.07937536868433827,0.07937536868433827,0.07937536868433827,0.07937536868433827,17567503.022467475
2026-08-15 03:00:00+00:00,0.07975817963920954,0.07975817963920954,0.07975817963920954,0.07975817963920954,17082495.62826298
2026-08-15 04:00:00+00:00,0.07959170782289324,0.07959170782289324,0.07959170782289324,0.07959170782289324,17319019.168754995
2026-08-15 05:00:00+00:00,0.07965465332936296,0.07965465332936296,0.07965465332936296,0.07965465332936296,17259383.37711568
2026-08-15 06:00:00+00:00,0.07950186628905281,0.07950186628905281,0.07950186628905281,0.07950186628905281,16761141.703442039
2026-08-15 07:00:00+00:00,0.07951444389061363,0.07951444389061363,0.07951444389061363,0.07951444389061363,16433307.232760869
2026-08-15 08:00:00+00:00,0.0791836709475675,0.0791836709475675,0.0791836709475675,0.0791836709475675,15749738.717792986
2026-08-15 09:00:00+00:00,0.07921491302339928,0.07921491302339928,0.07921491302339928,0.07921491302339928,15978477.961235462
2026-08-15 10:00:00+00:00,0.079333015883325,0.079333015883325,0.079333015883325,0.079333015883325,16143625.609885145
2026-08-15 11:00:00+00:00,0.07946473975998526,0.07946473975998526,0.07946473975998526,0.07946473975998526,16447841.21128103
2026-08-15 12:00:00+00:00,0.07976002554092419,0.07976002554092419,0.07976002554092419,0.07976002554092419,15822930.240581382
2026-08-15 13:00:00+00:00,0.07946581392554519,0.07946581392554519,0.07946581392554519,0.07946581392554519,16164367.126908232
2026-08-15 14:00:00+00:00,0.07984363520757402,0.07984363520757402,0.07984363520757402,0.07984363520757402,15672571.824660778
2026-08-15 15:00:00+00:00,0.07992368212413284,0.07992368212413284,0.07992368212413284,0.07992368212413284,15402439.33998396
2026-08-15 16:00:00+00:00,0.07992621017993115,0.07992621017993115,0.07992621017993115,0.07992621017993115,15293841.639606534
2026-08-15 17:00:00+00:00,0.07995397459467231,0.07995397459467231,0.07995397459467231,0.07995397459467231,14822852.011633245
2026-08-15 18:00:00+00:00,0.07944943050967428,0.07944943050967428,0.07944943050967428,0.07944943050967428,14368473.681881912
2026-08-15 19:00:00+00:00,0.07948611676533775,0.07948611676533775,0.07948611676533775,0.07948611676533775,14095525.665159047
2026-08-15 20:00:00+00:00,0.07966041543583627,0.07966041543583627,0.07966041543583627,0.07966041543583627,14162192.789412556
2026-08-15 21:00:00+00:00,0.07973051980136503,0.07973051980136503,0.07973051980136503,0.07973051980136503,13962201.230522983
2026-08-15 22:00:00+00:00,0.07955424966894455,0.07955424966894455,0.07955424966894455,0.07955424966894455,13647304.553403003
2026-08-15 23:00:00+00:00,0.07980345939330852,0.07980345939330852,0.07980345939330852,0.07980345939330852,13399079.563562158
2026-08-16 00:00:00+00:00,0.07942525682386507,0.07942525682386507,0.07942525682386507,0.07942525682386507,12740937.298951253
2026-08-16 01:00:00+00:00,0.07969266823576222,0.07969266823576222,0.07969266823576222,0.07969266823576222,12550458.355306141
2026-08-16 02:00:00+00:00,0.07902506958239469,0.07902506958239469,0.07902506958239469,0.07902506958239469,12682528.48960238
2026-08-16 03:00:00+00:00,0.07916739086489383,0.07916739086489383,0.07916739086489383,0.07916739086489383,12646447.903622486
2026-08-16 04:00:00+00:00,0.07906444690253892,0.07906444690253892,0.07906444690253892,0.07906444690253892,12510806.920717591
2026-08-16 05:00:00+00:00,0.07912975893665929,0.07912975893665929,0.07912975893665929,0.07912975893665929,12201204.015491242
2026-08-16 06:00:00+00:00,0.0791172830793653,0.0791172830793653,0.0791172830793653,0.0791172830793653,12393942.958728338
2026-08-16 07:00:00+00:00,0.07901916811010741,0.07901916811010741,0.07901916811010741,0.07901916811010741,12814232.285608165
2026-08-16 08:00:00+00:00,0.07923253260642331,0.07923253260642331,0.07923253260642331,0.07923253260642331,13029934.960677257
2026-08-16 09:00:00+00:00,0.0792743886945377,0.0792743886945377,0.0792743886945377,0.0792743886945377,12617492.738824356
2026-08-16 10:00:00+00:00,0.07917119373418008,0.07917119373418008,0.07917119373418008,0.07917119373418008,12513169.135870906
2026-08-16 11:00:00+00:00,0.07906274092218753,0.07906274092218753,0.07906274092218753,0.07906274092218753,13118159.106389519
2026-08-16 12:00:00+00:00,0.07902361700143637,0.07902361700143637,0.07902361700143637,0.07902361700143637,13062135.512563573
2026-08-16 13:00:00+00:00,0.0789355877080997,0.0789355877080997,0.0789355877080997,0.0789355877080997,12585700.551866222
2026-08-16 14:00:00+00:00,0.07877039221989642,0.07877039221989642,0.07877039221989642,0.07877039221989642,12502845.244184291
2026-08-16 15:00:00+00:00,0.07877090035347169,0.07877090035347169,0.07877090035347169,0.07877090035347169,12247961.14433391
2026-08-16 16:00:00+00:00,0.07896306627170709,0.07896306627170709,0.07896306627170709,0.07896306627170709,12228865.0496874
2026-08-16 17:00:00+00:00,0.0790379467963825,0.0790379467963825,0.0790379467963825,0.0790379467963825,12075232.996265067
2026-08-16 18:00:00+00:00,0.07909249910184034,0.07909249910184034,0.07909249910184034,0.07909249910184034,12746734.801442696
2026-08-16 19:00:00+00:00,0.07875383526403738,0.07875383526403738,0.07875383526403738,0.07875383526403738,12924416.043642363
2026-08-16 20:00:00+00:00,0.07871452385079337,0.07871452385079337,0.07871452385079337,0.07871452385079337,12926956.20237942
2026-08-16 21:00:00+00:00,0.07857016680026306,0.07857016680026306,0.07857016680026306,0.07857016680026306,13013246.156739887
2026-08-16 22:00:00+00:00,0.07794121989528667,0.07794121989528667,0.07794121989528667,0.07794121989528667,13739464.758745084
2026-08-16 23:00:00+00:00,0.07841623059494145,0.07841623059494145,0.07841623059494145,0.07841623059494145,13897853.138852682
2026-08-17 00:00:00+00:00,0.07837223085424257,0.07837223085424257,0.07837223085424257,0.07837223085424257,13803803.548519667
2026-08-17 01:00:00+00:00,0.07877708716942614,0.07877708716942614,0.07877708716942614,0.07877708716942614,14104348.315395588
2026-08-17 02:00:00+00:00,0.07973336735871502,0.07973336735871502,0.07973336735871502,0.07973336735871502,14146643.581926037
2026-08-17 03:00:00+00:00,0.07968039912051769,0.07968039912051769,0.07968039912051769,0.07968039912051769,14248832.200653855
2026-08-17 04:00:00+00:00,0.07944526256092652,0.07944526256092652,0.07944526256092652,0.07944526256092652,14762308.748304477
2026-08-17 05:00:00+00:00,0.07923393992390108,0.07923393992390108,0.07923393992390108,0.07923393992390108,14773492.596076535
2026-08-17 06:00:00+00:00,0.07905917709155469,0.07905917709155469,0.07905917709155469,0.07905917709155469,15242015.251210451
2026-08-17 07:00:00+00:00,0.07894021310220554,0.07894021310220554,0.07894021310220554,0.07894021310220554,14500669.423787087
2026-08-17 08:00:00+00:00,0.07875705688444024,0.07875705688444024,0.07875705688444024,0.07875705688444024,14743640.419777695
2026-08-17 09:00:00+00:00,0.0787806623142839,0.0787806623142839,0.0787806623142839,0.0787806623142839,14672579.846319098
2026-08-17 10:00:00+00:00,0.07855757517487953,0.07855757517487953,0.07855757517487953,0.07855757517487953,15264682.624646422
2026-08-17 11:00:00+00:00,0.07860259530915492,0.07860259530915492,0.07860259530915492,0.07860259530915492,14442825.56968122
2026-08-17 12:00:00+00:00,0.07858322018789393,0.07858322018789393,0.07858322018789393,0.07858322018789393,14998294.477313796
2026-08-17 13:00:00+00:00,0.078448837463187,0.078448837463187,0.078448837463187,0.078448837463187,15789269.30383808
2026-08-17 14:00:00+00:00,0.07927199063680566,0.07927199063680566,0.07927199063680566,0.07927199063680566,16675212.412836784
2026-08-17 15:00:00+00:00,0.07857228635597466,0.07857228635597466,0.07857228635597466,0.07857228635597466,15876642.05228274
2026-08-17 16:00:00+00:00,0.07870022056581445,0.07870022056581445,0.07870022056581445,0.07870022056581445,17012695.511983957
2026-08-17 17:00:00+00:00,0.07863881761177502,0.07863881761177502,0.07863881761177502,0.07863881761177502,17082072.604704395
2026-08-17 18:00:00+00:00,0.07857202683767663,0.07857202683767663,0.07857202683767663,0.07857202683767663,16891842.0040463
2026-08-17 19:00:00+00:00,0.07846431114249461,0.07846431114249461,0.07846431114249461,0.07846431114249461,16723118.208160829
2026-08-17 20:00:00+00:00,0.07843226078635508,0.07843226078635508,0.07843226078635508,0.07843226078635508,16701231.77903164
2026-08-17 21:00:00+00:00,0.07851173962231894,0.07851173962231894,0.07851173962231894,0.07851173962231894,16595063.824683731
2026-08-17 22:00:00+00:00,0.07826613419860896,0.07826613419860896,0.07826613419860896,0.07826613419860896,15720391.025969869
2026-08-17 23:00:00+00:00,0.07831708107385514,0.07831708107385514,0.07831708107385514,0.07831708107385514,15710504.981654722
2026-08-18 00:00:00+00:00,0.07847866892685247,0.07847866892685247,0.07847866892685247,0.07847866892685247,15755560.250363015
2026-08-18 01:00:00+00:00,0.07804111531083208,0.07804111531083208,0.07804111531083208,0.07804111531083208,14722269.503654594
2026-08-18 02:00:00+00:00,0.07805306793124715,0.07805306793124715,0.07805306793124715,0.07805306793124715,15654088.69730911
2026-08-18 03:00:00+00:00,0.07680226863979556,0.07680226863979556,0.07680226863979556,0.07680226863979556,14794252.7206708
2026-08-18 04:00:00+00:00,0.07699363955047989,0.07699363955047989,0.07699363955047989,0.07699363955047989,15836900.60827686
2026-08-18 05:00:00+00:00,0.07712058882897108,0.07712058882897108,0.07712058882897108,0.07712058882897108,15249703.807392655
2026-08-18 06:00:00+00:00,0.07728931373977749,0.07728931373977749,0.07728931373977749,0.07728931373977749,15179993.267774947
2026-08-18 07:00:00+00:00,0.07748648921183812,0.07748648921183812,0.07748648921183812,0.07748648921183812,16091783.99073615
2026-08-18 08:00:00+00:00,0.07738372854671964,0.07738372854671964,0.07738372854671964,0.07738372854671964,15568647.940193664
2026-08-18 09:00:00+00:00,0.07724090388104149,0.07724090388104149,0.07724090388104149,0.07724090388104149,15262796.312654069
2026-08-18 10:00:00+00:00,0.07698661229369176,0.07698661229369176,0.07698661229369176,0.07698661229369176,16157728.478478368
2026-08-18 11:00:00+00:00,0.07718373179451693,0.07718373179451693,0.07718373179451693,0.07718373179451693,16233313.772624807
2026-08-18 12:00:00+00:00,0.07734924143644079,0.07734924143644079,0.07734924143644079,0.07734924143644079,16418696.425806409
2026-08-18 13:00:00+00:00,0.07707990590736898,0.07707990590736898,0.07707990590736898,0.07707990590736898,15356300.637252685
2026-08-18 14:00:00+00:00,0.07713185384809135,0.07713185384809135,0.07713185384809135,0.07713185384809135,15143527.67418824
2026-08-18 15:00:00+00:00,0.07789679361887979,0.07789679361887979,0.07789679361887979,0.07789679361887979,14964908.14905651
2026-08-18 16:00:00+00:00,0.0782194286206056,0.0782194286206056,0.0782194286206056,0.0782194286206056,15187403.77047858
2026-08-18 17:00:00+00:00,0.07793155907053857,0.07793155907053857,0.07793155907053857,0.07793155907053857,15214293.108528165
2026-08-18 18:00:00+00:00,0.07803424941410424,0.07803424941410424,0.07803424941410424,0.07803424941410424,14992140.361093238
2026-08-18 19:00:00+00:00,0.0781812503076276,0.0781812503076276,0.0781812503076276,0.0781812503076276,15910318.104207665
2026-08-18 20:00:00+00:00,0.07793033280537107,0.07793033280537107,0.07793033280537107,0.07793033280537107,15909179.57420184
2026-08-18 21:00:00+00:00,0.07751263806528975,0.07751263806528975,0.07751263806528975,0.07751263806528975,16106365.833558803
2026-08-18 22:00:00+00:00,0.07748497052595141,0.07748497052595141,0.07748497052595141,0.07748497052595141,16084641.367630122
2026-08-18 23:00:00+00:00,0.07760165862449869,0.07760165862449869,0.07760165862449869,0.07760165862449869,16155180.801158734
2026-08-19 00:00:00+00:00,0.0778496068460208,0.0778496068460208,0.0778496068460208,0.0778496068460208,16042208.740923237
2026-08-19 01:00:00+00:00,0.07763439705490909,0.07763439705490909,0.07763439705490909,0.07763439705490909,15951802.100733183
2026-08-19 02:00:00+00:00,0.07772626583706285,0.07772626583706285,0.07772626583706285,0.07772626583706285,16128034.041666478
2026-08-19 03:00:00+00:00,0.07840879776850941,0.07840879776850941,0.07840879776850941,0.07840879776850941,15605642.830181483
2026-08-19 04:00:00+00:00,0.0793911695071066,0.0793911695071066,0.0793911695071066,0.0793911695071066,15943872.329127403
2026-08-19 05:00:00+00:00,0.07851501302701722,0.07851501302701722,0.07851501302701722,0.07851501302701722,15951300.589782972
2026-08-19 06:00:00+00:00,0.07860392698919853,0.07860392698919853,0.07860392698919853,0.07860392698919853,16131771.943519633
2026-08-19 07:00:00+00:00,0.07873993745928361,0.07873993745928361,0.07873993745928361,0.07873993745928361,15974874.483366437
2026-08-19 08:00:00+00:00,0.07904404752438325,0.07904404752438325,0.07904404752438325,0.07904404752438325,16467124.093116846
2026-08-19 09:00:00+00:00,0.07932793967700236,0.07932793967700236,0.07932793967700236,0.07932793967700236,16821068.03173537
2026-08-19 10:00:00+00:00,0.0791762686500008,0.0791762686500008,0.0791762686500008,0.0791762686500008,16938083.44921219
2026-08-19 11:00:00+00:00,0.07953849339278492,0.07953849339278492,0.07953849339278492,0.07953849339278492,17143881.026347075
2026-08-19 12:00:00+00:00,0.07963771548997689,0.07963771548997689,0.07963771548997689,0.07963771548997689,17404861.990250334
2026-08-19 13:00:00+00:00,0.07967148424917389,0.07967148424917389,0.07967148424917389,0.07967148424917389,18054711.450570967
2026-08-19 14:00:00+00:00,0.07941744957270253,0.07941744957270253,0.07941744957270253,0.07941744957270253,18084748.68263962
2026-08-19 15:00:00+00:00,0.08004920877138118,0.08004920877138118,0.08004920877138118,0.08004920877138118,17745016.89472462
2026-08-19 16:00:00+00:00,0.0807473353827898,0.0807473353827898,0.0807473353827898,0.0807473353827898,21412640.114919305
2026-08-19 17:00:00+00:00,0.08085542565896515,0.08085542565896515,0.08085542565896515,0.08085542565896515,22236216.87012374
2026-08-19 18:00:00+00:00,0.08053103861600575,0.08053103861600575,0.08053103861600575,0.08053103861600575,20222745.342243366
2026-08-19 19:00:00+00:00,0.08065429238939129,0.08065429238939129,0.08065429238939129,0.08065429238939129,22981938.34097022
2026-08-19 20:00:00+00:00,0.08087689560705948,0.08087689560705948,0.08087689560705948,0.08087689560705948,23131586.407980036
2026-08-19 21:00:00+00:00,0.08160544697695886,0.08160544697695886,0.08160544697695886,0.08160544697695886,24214292.42161276
2026-08-19 22:00:00+00:00,0.08258490088631111,0.08258490088631111,0.08258490088631111,0.08258490088631111,22036270.74571776
2026-08-19 23:00:00+00:00,0.08196129966919755,0.08196129966919755,0.08196129966919755,0.08196129966919755,23273449.895286895
2026-08-20 00:00:00+00:00,0.08209490508177718,0.08209490508177718,0.08209490508177718,0.08209490508177718,28146483.6113305
2026-08-20 01:00:00+00:00,0.08247727716808145,0.08247727716808145,0.08247727716808145,0.08247727716808145,27363241.10948519
2026-08-20 02:00:00+00:00,0.08262576980458039,0.08262576980458039,0.08262576980458039,0.08262576980458039,30514606.43774978
2026-08-20 03:00:00+00:00,0.08241705731137024,0.08241705731137024,0.08241705731137024,0.08241705731137024,30710834.861627247
2026-08-20 04:00:00+00:00,0.08314499616598778,0.08314499616598778,0.08314499616598778,0.08314499616598778,31715150.45076981
2026-08-20 05:00:00+00:00,0.08338070249556825,0.08338070249556825,0.08338070249556825,0.08338070249556825,29882870.75449931
2026-08-20 06:00:00+00:00,0.08379805262673143,0.08379805262673143,0.08379805262673143,0.08379805262673143,33084804.998435233
2026-08-20 07:00:00+00:00,0.08400306044379494,0.08400306044379494,0.08400306044379494,0.08400306044379494,34580194.07139305
2026-08-20 08:00:00+00:00,0.08370943689838724,0.08370943689838724,0.08370943689838724,0.08370943689838724,34559496.210913636
2026-08-20 09:00:00+00:00,0.08463030452642921,0.08463030452642921,0.08463030452642921,0.08463030452642921,33013757.81423564
2026-08-20 10:00:00+00:00,0.08474758872195276,0.08474758872195276,0.08474758872195276,0.08474758872195276,37307647.57314797
2026-08-20 11:00:00+00:00,0.08579181789373692,0.08579181789373692,0.08579181789373692,0.08579181789373692,37906135.62210933
2026-08-20 12:00:00+00:00,0.08593584244941735,0.08593584244941735,0.08593584244941735,0.08593584244941735,39592635.15902323
2026-08-20 13:00:00+00:00,0.0849568587620582,0.0849568587620582,0.0849568587620582,0.0849568587620582,36757608.49299283
2026-08-20 14:00:00+00:00,0.08573908063774253,0.08573908063774253,0.08573908063774253,0.08573908063774253,38705638.096536
2026-08-20 15:00:00+00:00,0.08639903623327,0.08639903623327,0.08639903623327,0.08639903623327,41729682.56232882
2026-08-20 16:00:00+00:00,0.08652132068320263,0.08652132068320263,0.08652132068320263,0.08652132068320263,37256834.41543666
2026-08-20 17:00:00+00:00,0.08725854346893525,0.08725854346893525,0.08725854346893525,0.08725854346893525,37648071.44430282
2026-08-20 18:00:00+00:00,0.08667838802372436,0.08667838802372436,0.08667838802372436,0.08667838802372436,41641077.321862936
2026-08-20 19:00:00+00:00,0.08540547448614441,0.08540547448614441,0.08540547448614441,0.08540547448614441,38678768.86072844
2026-08-20 20:00:00+00:00,0.08564726548502392,0.08564726548502392,0.08564726548502392,0.08564726548502392,41857844.828775406
2026-08-20 21:00:00+00:00,0.08665948895857593,0.08665948895857593,0.08665948895857593,0.08665948895857593,41702572.24036285
2026-08-20 22:00:00+00:00,0.08720717036836294,0.08720717036836294,0.08720717036836294,0.08720717036836294,41154268.3659197
2026-08-20 23:00:00+00:00,0.08782172364851357,0.08782172364851357,0.08782172364851357,0.08782172364851357,42830116.73098447
2026-08-21 00:00:00+00:00,0.08832145712683112,0.08832145712683112,0.08832145712683112,0.08832145712683112,41529016.172525495
2026-08-21 01:00:00+00:00,0.08865110363696121,0.08865110363696121,0.08865110363696121,0.08865110363696121,41424188.02243761
2026-08-21 02:00:00+00:00,0.08884169751536962,0.08884169751536962,0.08884169751536962,0.08884169751536962,44361840.768710814
2026-08-21 03:00:00+00:00,0.08828654400495149,0.08828654400495149,0.08828654400495149,0.08828654400495149,43326743.53932164
2026-08-21 04:00:00+00:00,0.08853892848807722,0.08853892848807722,0.08853892848807722,0.08853892848807722,44536901.597496584
2026-08-21 05:00:00+00:00,0.0882635766833643,0.0882635766833643,0.0882635766833643,0.0882635766833643,39177255.468032725
2026-08-21 06:00:00+00:00,0.08919880259117721,0.08919880259117721,0.08919880259117721,0.08919880259117721,44529311.13898464
2026-08-21 07:00:00+00:00,0.08951527425014544,0.08951527425014544,0.08951527425014544,0.08951527425014544,41744406.31105725
2026-08-21 08:00:00+00:00,0.09026676327665795,0.09026676327665795,0.09026676327665795,0.09026676327665795,46161737.61716133
2026-08-21 09:00:00+00:00,0.09243432236995053,0.09243432236995053,0.09243432236995053,0.09243432236995053,45031284.26717955
2026-08-21 10:00:00+00:00,0.0920249537494135,0.0920249537494135,0.0920249537494135,0.0920249537494135,49805547.81072726
2026-08-21 11:00:00+00:00,0.09262224180410863,0.09262224180410863,0.09229954074389327,0.09229954074389327,99712628.01896825
