timestamp,open,high,low,close,volume
2026-05-14 00:00:00+00:00,96.38500926787653,96.38500926787653,96.38500926787653,96.38500926787653,290900699.7390448
2026-05-14 01:00:00+00:00,97.19153958864304,97.19153958864304,97.19153958864304,97.19153958864304,292841972.1212981
2026-05-14 02:00:00+00:00,97.37509798706108,97.37509798706108,97.37509798706108,97.37509798706108,290235416.8801439
2026-05-14 03:00:00+00:00,96.67207852073183,96.67207852073183,96.67207852073183,96.67207852073183,288376541.77310747
2026-05-14 04:00:00+00:00,95.51507855486642,95.51507855486642,95.51507855486642,95.51507855486642,286637316.9033502
2026-05-14 05:00:00+00:00,96.20294234979407,96.20294234979407,96.20294234979407,96.20294234979407,290919749.56515115
2026-05-14 06:00:00+00:00,97.12085725765985,97.12085725765985,97.12085725765985,97.12085725765985,292248587.55534595
2026-05-14 07:00:00+00:00,96.99530677462309,96.99530677462309,96.99530677462309,96.99530677462309,287706076.16406053
2026-05-14 08:00:00+00:00,96.42570303982531,96.42570303982531,96.42570303982531,96.42570303982531,289346510.7250527
2026-05-14 09:00:00+00:00,96.59339747291766,96.59339747291766,96.59339747291766,96.59339747291766,288478923.99581885
2026-05-14 10:00:00+00:00,96.45508529287552,96.45508529287552,96.45508529287552,96.45508529287552,282137744.289699
2026-05-14 11:00:00+00:00,96.62302691755507,96.62302691755507,96.62302691755507,96.62302691755507,276952608.6191083
2026-05-14 12:00:00+00:00,96.24633022358718,96.24633022358718,96.24633022358718,96.24633022358718,272341362.1019242
2026-05-14 13:00:00+00:00,97.21712328861601,97.21712328861601,97.21712328861601,97.21712328861601,267709403.02524334
2026-05-14 14:00:00+00:00,96.87064666551169,96.87064666551169,96.87064666551169,96.87064666551169,255097414.29079187
2026-05-14 15:00:00+00:00,99.0845114665553,99.0845114665553,99.0845114665553,99.0845114665553,259180584.35012332
2026-05-14 16:00:00+00:00,99.12575398664059,99.12575398664059,99.12575398664059,99.12575398664059,259277397.1670087
2026-05-14 17:00:00+00:00,99.67618505761845,99.67618505761845,99.67618505761845,99.67618505761845,256596251.15485865
2026-05-14 18:00:00+00:00,99.64349382710488,99.64349382710488,99.64349382710488,99.64349382710488,257843520.66960266
2026-05-14 19:00:00+00:00,100.60245301196024,100.60245301196024,100.60245301196024,100.60245301196024,260304897.22666618
2026-05-14 20:00:00+00:00,99.92775114950037,99.92775114950037,99.92775114950037,99.92775114950037,262757986.31194422
2026-05-14 21:00:00+00:00,99.8507816275989,99.8507816275989,99.8507816275989,99.8507816275989,262369884.05052873
2026-05-14 22:00:00+00:00,99.59604664035503,99.59604664035503,99.59604664035503,99.59604664035503,258513299.13507926
2026-05-14 23:00:00+00:00,99.0594985825981,99.0594985825981,99.0594985825981,99.0594985825981,254589110.00987116
2026-05-15 00:00:00+00:00,98.28571595972835,98.28571595972835,98.28571595972835,98.28571595972835,253801846.78135803
2026-05-15 01:00:00+00:00,98.80138616974364,98.80138616974364,98.80138616974364,98.80138616974364,252184601.15490305
2026-05-15 02:00:00+00:00,97.9266238328603,97.9266238328603,97.9266238328603,97.9266238328603,249245554.25610292
2026-05-15 03:00:00+00:00,98.24661237391457,98.24661237391457,98.24661237391457,98.24661237391457,250172700.13988665
2026-05-15 04:00:00+00:00,98.07664340116881,98.07664340116881,98.07664340116881,98.07664340116881,244260540.47983664
2026-05-15 05:00:00+00:00,97.45345560592246,97.45345560592246,97.45345560592246,97.45345560592246,239098384.70811498
2026-05-15 06:00:00+00:00,95.84193384974185,95.84193384974185,95.84193384974185,95.84193384974185,237951718.061109
2026-05-15 07:00:00+00:00,96.77587907738528,96.77587907738528,96.77587907738528,96.77587907738528,246780500.03089896
2026-05-15 08:00:00+00:00,96.99403516734239,96.99403516734239,96.99403516734239,96.99403516734239,248818041.03560963
2026-05-15 09:00:00+00:00,96.4626165789016,96.4626165789016,96.4626165789016,96.4626165789016,247568479.64076576
2026-05-15 10:00:00+00:00,96.00692789762547,96.00692789762547,96.00692789762547,96.00692789762547,250511277.58181354
2026-05-15 11:00:00+00:00,96.40405717699105,96.40405717699105,96.40405717699105,96.40405717699105,256100865.38567168
2026-05-15 12:00:00+00:00,96.08912298923269,96.08912298923269,96.08912298923269,96.08912298923269,252913389.0417458
2026-05-15 13:00:00+00:00,95.27900145169747,95.27900145169747,95.27900145169747,95.27900145169747,251701832.24796525
2026-05-15 14:00:00+00:00,92.8585314537605,92.8585314537605,92.8585314537605,92.8585314537605,264654456.9820557
2026-05-15 15:00:00+00:00,93.48273433538147,93.48273433538147,93.48273433538147,93.48273433538147,265251290.68408462
2026-05-15 16:00:00+00:00,93.28969404154957,93.28969404154957,93.28969404154957,93.28969404154957,260241268.1202671
2026-05-15 17:00:00+00:00,93.68333100725408,93.68333100725408,93.68333100725408,93.68333100725408,262281224.8474914
2026-05-15 18:00:00+00:00,93.91411280893216,93.91411280893216,93.91411280893216,93.91411280893216,259613420.0520141
2026-05-15 19:00:00+00:00,93.55708456563595,93.55708456563595,93.55708456563595,93.55708456563595,255227437.93685302
2026-05-15 20:00:00+00:00,92.75724895117634,92.75724895117634,92.75724895117634,92.75724895117634,253057239.59175816
2026-05-15 21:00:00+00:00,92.48990945476302,92.48990945476302,92.48990945476302,92.48990945476302,251846070.14195278
2026-05-15 22:00:00+00:00,92.4542467068337,92.4542467068337,92.4542467068337,92.4542467068337,249810989.93684226
2026-05-15 23:00:00+00:00,92.96121988962281,92.96121988962281,92.96121988962281,92.96121988962281,250939771.33903718
2026-05-16 00:00:00+00:00,92.84403623961889,92.84403623961889,92.84403623961889,92.84403623961889,250474655.13073504
2026-05-16 01:00:00+00:00,93.01652028797471,93.01652028797471,93.01652028797471,93.01652028797471,248819720.35507402
2026-05-16 02:00:00+00:00,92.7810445380292,92.7810445380292,92.7810445380292,92.7810445380292,245987237.75073496
2026-05-16 03:00:00+00:00,92.6253953096068,92.6253953096068,92.6253953096068,92.6253953096068,238964322.8252688
2026-05-16 04:00:00+00:00,91.99479757247406,91.99479757247406,91.99479757247406,91.99479757247406,241173239.61737064
2026-05-16 05:00:00+00:00,91.52589709115863,91.52589709115863,91.52589709115863,91.52589709115863,240545960.70977622
2026-05-16 06:00:00+00:00,90.77436266577182,90.77436266577182,90.77436266577182,90.77436266577182,231730719.1161296
2026-05-16 07:00:00+00:00,89.83210833615563,89.83210833615563,89.83210833615563,89.83210833615563,235431650.5246355
2026-05-16 08:00:00+00:00,89.14386267016864,89.14386267016864,89.14386267016864,89.14386267016864,241011334.50155503
2026-05-16 09:00:00+00:00,89.2883708214922,89.2883708214922,89.2883708214922,89.2883708214922,241495457.64834747
2026-05-16 10:00:00+00:00,88.47418510860051,88.47418510860051,88.47418510860051,88.47418510860051,241750541.7666935
2026-05-16 11:00:00+00:00,88.68384262951827,88.68384262951827,88.68384262951827,88.68384262951827,243573619.45585582
2026-05-16 12:00:00+00:00,89.05338702022473,89.05338702022473,89.05338702022473,89.05338702022473,245415501.9449077
2026-05-16 13:00:00+00:00,89.21650263352632,89.21650263352632,89.21650263352632,89.21650263352632,244180067.45141578
2026-05-16 14:00:00+00:00,89.23452664967344,89.23452664967344,89.23452664967344,89.23452664967344,223012676.4110081
2026-05-16 15:00:00+00:00,89.885786970824,89.885786970824,89.885786970824,89.885786970824,218079561.525495
2026-05-16 16:00:00+00:00,90.41492548392563,90.41492548392563,90.41492548392563,90.41492548392563,217493505.57882634
2026-05-16 17:00:00+00:00,90.54896524827261,90.54896524827261,90.54896524827261,90.54896524827261,211714274.8839809
2026-05-16 18:00:00+00:00,90.7822240289152,90.7822240289152,90.7822240289152,90.7822240289152,201789591.19432193
2026-05-16 19:00:00+00:00,90.48468852738908,90.48468852738908,90.48468852738908,90.48468852738908,205556571.23694158
2026-05-16 20:00:00+00:00,90.32068018529723,90.32068018529723,90.32068018529723,90.32068018529723,201811831.57833517
2026-05-16 21:00:00+00:00,90.42246614296337,90.42246614296337,90.42246614296337,90.42246614296337,194512964.18977854
2026-05-16 22:00:00+00:00,90.24035265852334,90.24035265852334,90.24035265852334,90.24035265852334,193208293.21117958
2026-05-16 23:00:00+00:00,90.12866410541237,90.12866410541237,90.12866410541237,90.12866410541237,189585934.43732685
2026-05-17 00:00:00+00:00,90.02138326952533,90.02138326952533,90.02138326952533,90.02138326952533,188498052.70480788
2026-05-17 01:00:00+00:00,89.43140998709407,89.43140998709407,89.43140998709407,89.43140998709407,187113382.69019425
2026-05-17 02:00:00+00:00,89.18971669103186,89.18971669103186,89.18971669103186,89.18971669103186,186335991.8533726
2026-05-17 03:00:00+00:00,89.30288914741112,89.30288914741112,89.30288914741112,89.30288914741112,185914174.5040832
2026-05-17 04:00:00+00:00,89.87748450878925,89.87748450878925,89.87748450878925,89.87748450878925,184496273.06370592
2026-05-17 05:00:00+00:00,90.45932295556928,90.45932295556928,90.45932295556928,90.45932295556928,177870271.75515172
2026-05-17 06:00:00+00:00,90.45282561169459,90.45282561169459,90.45282561169459,90.45282561169459,178946369.73459157
2026-05-17 07:00:00+00:00,90.21561880171039,90.21561880171039,90.21561880171039,90.21561880171039,166580133.08562723
2026-05-17 08:00:00+00:00,90.7893145613682,90.7893145613682,90.7893145613682,90.7893145613682,166686946.25951132
2026-05-17 09:00:00+00:00,90.8440925623833,90.8440925623833,90.8440925623833,90.8440925623833,165450623.77587736
2026-05-17 10:00:00+00:00,91.11396195184419,91.11396195184419,91.11396195184419,91.11396195184419,151164591.83873954
2026-05-17 11:00:00+00:00,91.01842460542439,91.01842460542439,91.01842460542439,91.01842460542439,153257672.86729094
2026-05-17 12:00:00+00:00,90.99509452822592,90.99509452822592,90.99509452822592,90.99509452822592,153135625.26478675
2026-05-17 13:00:00+00:00,90.88626849565921,90.88626849565921,90.88626849565921,90.88626849565921,149943103.78275326
2026-05-17 14:00:00+00:00,91.01770130783062,91.01770130783062,91.01770130783062,91.01770130783062,150506727.81736755
2026-05-17 15:00:00+00:00,90.60898082898245,90.60898082898245,90.60898082898245,90.60898082898245,152370169.65935495
2026-05-17 16:00:00+00:00,90.51828322633645,90.51828322633645,90.51828322633645,90.51828322633645,144038767.0290606
2026-05-17 17:00:00+00:00,90.33262180156638,90.33262180156638,90.33262180156638,90.33262180156638,144448562.27396613
2026-05-17 18:00:00+00:00,90.34685096736916,90.34685096736916,90.34685096736916,90.34685096736916,152461947.9850297
2026-05-17 19:00:00+00:00,90.46417707460192,90.46417707460192,90.46417707460192,90.46417707460192,152008026.25432608
2026-05-17 20:00:00+00:00,90.57602252910603,90.57602252910603,90.57602252910603,90.57602252910603,149459899.53012967
2026-05-17 21:00:00+00:00,90.55275520015718,90.55275520015718,90.55275520015718,90.55275520015718,152201462.21505475
2026-05-17 22:00:00+00:00,90.72791633601088,90.72791633601088,90.72791633601088,90.72791633601088,142281426.4186575
2026-05-17 23:00:00+00:00,90.11536725085733,90.11536725085733,90.11536725085733,90.11536725085733,146887255.41619125
2026-05-18 00:00:00+00:00,89.16389931325526,89.16389931325526,89.16389931325526,89.16389931325526,164026762.79933015
2026-05-18 01:00:00+00:00,88.91477063237825,88.91477063237825,88.91477063237825,88.91477063237825,178259263.4082479
2026-05-18 02:00:00+00:00,88.72419731678139,88.72419731678139,88.72419731678139,88.72419731678139,180530304.68409362
2026-05-18 03:00:00+00:00,88.9341304555587,88.9341304555587,88.9341304555587,88.9341304555587,181427818.6386758
2026-05-18 04:00:00+00:00,88.33031152331726,88.33031152331726,88.33031152331726,88.33031152331726,189426364.18898717
2026-05-18 05:00:00+00:00,88.73749323683082,88.73749323683082,88.73749323683082,88.73749323683082,191233991.29571292
2026-05-18 06:00:00+00:00,88.15746529135099,88.15746529135099,88.15746529135099,88.15746529135099,191249441.35226578
2026-05-18 07:00:00+00:00,88.35889586522877,88.35889586522877,88.35889586522877,88.35889586522877,193902068.11884442
2026-05-18 08:00:00+00:00,88.37144366347239,88.37144366347239,88.37144366347239,88.37144366347239,194648897.0064224
2026-05-18 09:00:00+00:00,88.46029608826353,88.46029608826353,88.46029608826353,88.46029608826353,195774528.4813128
2026-05-18 10:00:00+00:00,88.24038706395815,88.24038706395815,88.24038706395815,88.24038706395815,195555900.71248376
2026-05-18 11:00:00+00:00,88.30078065742553,88.30078065742553,88.30078065742553,88.30078065742553,202110553.62997833
2026-05-18 12:00:00+00:00,89.10838412828518,89.10838412828518,89.10838412828518,89.10838412828518,207144063.0930912
2026-05-18 13:00:00+00:00,89.44546244916526,89.44546244916526,89.44546244916526,89.44546244916526,203697344.69521245
2026-05-18 14:00:00+00:00,88.90243554672621,88.90243554672621,88.90243554672621,88.90243554672621,220948253.8260666
2026-05-18 15:00:00+00:00,87.82390118737615,87.82390118737615,87.82390118737615,87.82390118737615,225991084.8159206
2026-05-18 16:00:00+00:00,87.80329750746563,87.80329750746563,87.80329750746563,87.80329750746563,230682695.97812834
2026-05-18 17:00:00+00:00,87.81654972905423,87.81654972905423,87.81654972905423,87.81654972905423,233263799.81876174
2026-05-18 18:00:00+00:00,88.14359174589302,88.14359174589302,88.14359174589302,88.14359174589302,225377336.2090603
2026-05-18 19:00:00+00:00,87.1193016073775,87.1193016073775,87.1193016073775,87.1193016073775,233441089.36525068
2026-05-18 20:00:00+00:00,88.72402678893839,88.72402678893839,88.72402678893839,88.72402678893839,244988316.37349737
2026-05-18 21:00:00+00:00,88.90584422241008,88.90584422241008,88.90584422241008,88.90584422241008,244977736.1397861
2026-05-18 22:00:00+00:00,89.58249581350223,89.58249581350223,89.58249581350223,89.58249581350223,241493630.82168373
2026-05-18 23:00:00+00:00,89.36874170993619,89.36874170993619,89.36874170993619,89.36874170993619,245707876.0709203
2026-05-19 00:00:00+00:00,89.41020544575993,89.41020544575993,89.41020544575993,89.41020544575993,228660555.0851389
2026-05-19 01:00:00+00:00,89.76188536178418,89.76188536178418,89.76188536178418,89.76188536178418,224558195.71067762
2026-05-19 02:00:00+00:00,89.4330213227657,89.4330213227657,89.4330213227657,89.4330213227657,223223935.65455028
2026-05-19 03:00:00+00:00,88.87263078019438,88.87263078019438,88.87263078019438,88.87263078019438,215202494.32300827
2026-05-19 04:00:00+00:00,89.13345922651037,89.13345922651037,89.13345922651037,89.13345922651037,214484358.6324005
2026-05-19 05:00:00+00:00,89.43710381889582,89.43710381889582,89.43710381889582,89.43710381889582,211807543.03842697
2026-05-19 06:00:00+00:00,89.13355931309249,89.13355931309249,89.13355931309249,89.13355931309249,208722683.30971465
2026-05-19 07:00:00+00:00,89.1955817283135,89.1955817283135,89.1955817283135,89.1955817283135,201746600.3763995
2026-05-19 08:00:00+00:00,89.5337598489776,89.5337598489776,89.5337598489776,89.5337598489776,207554577.9329166
2026-05-19 09:00:00+00:00,89.02961760533474,89.02961760533474,89.02961760533474,89.02961760533474,205348418.07317832
2026-05-19 10:00:00+00:00,88.64548832153928,88.64548832153928,88.64548832153928,88.64548832153928,205385044.34624818
2026-05-19 11:00:00+00:00,88.42318818255796,88.42318818255796,88.42318818255796,88.42318818255796,198546318.19485793
2026-05-19 12:00:00+00:00,88.04817711473397,88.04817711473397,88.04817711473397,88.04817711473397,194999112.81985137
2026-05-19 13:00:00+00:00,88.52796435242385,88.52796435242385,88.52796435242385,88.52796435242385,193120714.784591
2026-05-19 14:00:00+00:00,88.43076574614541,88.43076574614541,88.43076574614541,88.43076574614541,183080372.47279847
2026-05-19 15:00:00+00:00,87.94776424617761,87.94776424617761,87.94776424617761,87.94776424617761,176371042.31405815
2026-05-19 16:00:00+00:00,88.15881947258066,88.15881947258066,88.15881947258066,88.15881947258066,169074841.32089406
2026-05-19 17:00:00+00:00,88.84439370926245,88.84439370926245,88.84439370926245,88.84439370926245,166667421.79197273
2026-05-19 18:00:00+00:00,88.81562884128654,88.81562884128654,88.81562884128654,88.81562884128654,168200548.0914613
2026-05-19 19:00:00+00:00,87.92564581061791,87.92564581061791,87.92564581061791,87.92564581061791,167967576.7370101
2026-05-19 20:00:00+00:00,87.92674030351174,87.92674030351174,87.92674030351174,87.92674030351174,163034333.18896624
2026-05-19 21:00:00+00:00,88.26406803610422,88.26406803610422,88.26406803610422,88.26406803610422,162256568.40188965
2026-05-19 22:00:00+00:00,87.99924980336932,87.99924980336932,87.99924980336932,87.99924980336932,155789845.1618905
2026-05-19 23:00:00+00:00,87.31721253909825,87.31721253909825,87.31721253909825,87.31721253909825,158724142.38734087
2026-05-20 00:00:00+00:00,87.41356918858656,87.41356918858656,87.41356918858656,87.41356918858656,159140205.24414787
2026-05-20 01:00:00+00:00,86.88814036549147,86.88814036549147,86.88814036549147,86.88814036549147,157941668.24389505
2026-05-20 02:00:00+00:00,87.05112336262813,87.05112336262813,87.05112336262813,87.05112336262813,157571961.16338348
2026-05-20 03:00:00+00:00,86.89300097734949,86.89300097734949,86.89300097734949,86.89300097734949,152664402.48134473
2026-05-20 04:00:00+00:00,87.03294115393093,87.03294115393093,87.03294115393093,87.03294115393093,155420536.34763318
2026-05-20 05:00:00+00:00,87.35904252895762,87.35904252895762,87.35904252895762,87.35904252895762,155520055.85743693
2026-05-20 06:00:00+00:00,87.83318898460503,87.83318898460503,87.83318898460503,87.83318898460503,156016306.7812185
2026-05-20 07:00:00+00:00,88.14471332649542,88.14471332649542,88.14471332649542,88.14471332649542,152712571.158987
2026-05-20 08:00:00+00:00,87.60068189365788,87.60068189365788,87.60068189365788,87.60068189365788,150456578.25384527
2026-05-20 09:00:00+00:00,87.48176119113165,87.48176119113165,87.48176119113165,87.48176119113165,151156921.1791781
2026-05-20 10:00:00+00:00,87.56728934138334,87.56728934138334,87.56728934138334,87.56728934138334,153001260.7819258
2026-05-20 11:00:00+00:00,87.85629120935211,87.85629120935211,87.85629120935211,87.85629120935211,155393774.8319519
2026-05-20 12:00:00+00:00,87.29619870037189,87.29619870037189,87.29619870037189,87.29619870037189,157131032.7748141
2026-05-20 13:00:00+00:00,87.71587856484759,87.71587856484759,87.71587856484759,87.71587856484759,158456650.0152294
2026-05-20 14:00:00+00:00,87.19894698656456,87.19894698656456,87.19894698656456,87.19894698656456,159178665.01954567
2026-05-20 15:00:00+00:00,88.36395551091542,88.36395551091542,88.36395551091542,88.36395551091542,165977858.70398113
2026-05-20 16:00:00+00:00,88.49694661678105,88.49694661678105,88.49694661678105,88.49694661678105,171062588.21865928
2026-05-20 17:00:00+00:00,88.6361894110755,88.6361894110755,88.6361894110755,88.6361894110755,173967860.68227217
2026-05-20 18:00:00+00:00,88.61094630063157,88.61094630063157,88.61094630063157,88.61094630063157,170142583.6296254
2026-05-20 19:00:00+00:00,88.3338517892889,88.3338517892889,88.3338517892889,88.3338517892889,164895328.0887203
2026-05-20 20:00:00+00:00,88.84551144351977,88.84551144351977,88.84551144351977,88.84551144351977,165974265.38759443
2026-05-20 21:00:00+00:00,88.74244443594749,88.74244443594749,88.74244443594749,88.74244443594749,164930558.16337743
2026-05-20 22:00:00+00:00,88.44207711347416,88.44207711347416,88.44207711347416,88.44207711347416,168878485.2803351
2026-05-20 23:00:00+00:00,88.14120021299549,88.14120021299549,88.14120021299549,88.14120021299549,165500133.90799308
2026-05-21 00:00:00+00:00,87.97754572075615,87.97754572075615,87.97754572075615,87.97754572075615,165605767.9873766
2026-05-21 01:00:00+00:00,88.8685384345364,88.8685384345364,88.8685384345364,88.8685384345364,160135219.9705454
2026-05-21 02:00:00+00:00,89.3303412456795,89.3303412456795,89.3303412456795,89.3303412456795,164839489.17874348
2026-05-21 03:00:00+00:00,89.51242148028966,89.51242148028966,89.51242148028966,89.51242148028966,164494368.8238373
2026-05-21 04:00:00+00:00,89.89423803664172,89.89423803664172,89.89423803664172,89.89423803664172,161440737.6442086
2026-05-21 05:00:00+00:00,89.92604230300911,89.92604230300911,89.92604230300911,89.92604230300911,164677230.25641865
2026-05-21 06:00:00+00:00,89.03817400758004,89.03817400758004,89.03817400758004,89.03817400758004,162558726.93209472
2026-05-21 07:00:00+00:00,88.67506228236854,88.67506228236854,88.67506228236854,88.67506228236854,163202605.12623918
2026-05-21 08:00:00+00:00,89.26321873239354,89.26321873239354,89.26321873239354,89.26321873239354,160701363.66987687
2026-05-21 09:00:00+00:00,89.32492142676327,89.32492142676327,89.32492142676327,89.32492142676327,165774917.75088006
2026-05-21 10:00:00+00:00,88.7180293047198,88.7180293047198,88.7180293047198,88.7180293047198,161398737.2269508
2026-05-21 11:00:00+00:00,88.11687490130201,88.11687490130201,88.11687490130201,88.11687490130201,163762990.2613176
2026-05-21 12:00:00+00:00,87.88203710524141,87.88203710524141,87.88203710524141,87.88203710524141,163540079.8660175
2026-05-21 13:00:00+00:00,88.02342946424416,88.02342946424416,88.02342946424416,88.02342946424416,167837237.66678533
2026-05-21 14:00:00+00:00,88.4346207823767,88.4346207823767,88.4346207823767,88.4346207823767,166634634.54228318
2026-05-21 15:00:00+00:00,88.36107960647931,88.36107960647931,88.36107960647931,88.36107960647931,161518613.21574917
2026-05-21 16:00:00+00:00,88.48498210119399,88.48498210119399,88.48498210119399,88.48498210119399,160469136.93723258
2026-05-21 17:00:00+00:00,88.18852127763473,88.18852127763473,88.18852127763473,88.18852127763473,158613247.52365717
2026-05-21 18:00:00+00:00,89.26742435827697,89.26742435827697,89.26742435827697,89.26742435827697,164215270.77014413
2026-05-21 19:00:00+00:00,88.81630068139506,88.81630068139506,88.81630068139506,88.81630068139506,170135978.9737919
2026-05-21 20:00:00+00:00,88.92077016537051,88.92077016537051,88.92077016537051,88.92077016537051,172908195.78611273
2026-05-21 21:00:00+00:00,88.86404588340447,88.86404588340447,88.86404588340447,88.86404588340447,172618150.16593155
2026-05-21 22:00:00+00:00,88.53758320796513,88.53758320796513,88.53758320796513,88.53758320796513,171868335.41780302
2026-05-21 23:00:00+00:00,88.16785265558156,88.16785265558156,88.16785265558156,88.16785265558156,169692221.83797833
2026-05-22 00:00:00+00:00,88.01820196411589,88.01820196411589,88.01820196411589,88.01820196411589,169305313.27329472
2026-05-22 01:00:00+00:00,87.61862278924812,87.61862278924812,87.61862278924812,87.61862278924812,167761623.80478305
2026-05-22 02:00:00+00:00,87.8309941097205,87.8309941097205,87.8309941097205,87.8309941097205,165581271.63748607
2026-05-22 03:00:00+00:00,87.90252554024624,87.90252554024624,87.90252554024624,87.90252554024624,167813215.23254636
2026-05-22 04:00:00+00:00,88.00884589454215,88.00884589454215,88.00884589454215,88.00884589454215,167181829.01488322
2026-05-22 05:00:00+00:00,87.82048455371131,87.82048455371131,87.82048455371131,87.82048455371131,166277992.1913539
2026-05-22 06:00:00+00:00,87.98816919790681,87.98816919790681,87.98816919790681,87.98816919790681,167036853.92923433
2026-05-22 07:00:00+00:00,87.57067739890276,87.57067739890276,87.57067739890276,87.57067739890276,165334710.93662184
2026-05-22 08:00:00+00:00,87.8109624799228,87.8109624799228,87.8109624799228,87.8109624799228,168950587.80135798
2026-05-22 09:00:00+00:00,87.98922169288592,87.98922169288592,87.98922169288592,87.98922169288592,170824528.2318213
2026-05-22 10:00:00+00:00,87.85760639773655,87.85760639773655,87.85760639773655,87.85760639773655,169955996.70992333
2026-05-22 11:00:00+00:00,88.22117280494082,88.22117280494082,88.22117280494082,88.22117280494082,165744722.32248807
2026-05-22 12:00:00+00:00,88.38914513741074,88.38914513741074,88.38914513741074,88.38914513741074,166056117.21882787
2026-05-22 13:00:00+00:00,89.23921844643414,89.23921844643414,89.23921844643414,89.23921844643414,171153223.09273374
2026-05-22 14:00:00+00:00,88.66757788206948,88.66757788206948,88.66757788206948,88.66757788206948,175553099.37286866
2026-05-22 15:00:00+00:00,87.6599767366919,87.6599767366919,87.6599767366919,87.6599767366919,177211995.6679391
2026-05-22 16:00:00+00:00,88.07583126066179,88.07583126066179,88.07583126066179,88.07583126066179,177953719.64505574
2026-05-22 17:00:00+00:00,88.03204919331337,88.03204919331337,88.03204919331337,88.03204919331337,176950101.95025837
2026-05-22 18:00:00+00:00,87.7480767414642,87.7480767414642,87.7480767414642,87.7480767414642,175505481.10379282
2026-05-22 19:00:00+00:00,86.02691870486316,86.02691870486316,86.02691870486316,86.02691870486316,176321531.9786184
2026-05-22 20:00:00+00:00,85.48081614120153,85.48081614120153,85.48081614120153,85.48081614120153,185985302.65582597
2026-05-22 21:00:00+00:00,86.26681903260265,86.26681903260265,86.26681903260265,86.26681903260265,237018635.49953285
2026-05-22 22:00:00+00:00,86.59421518095346,86.59421518095346,86.59421518095346,86.59421518095346,192725159.61681634
2026-05-22 23:00:00+00:00,86.55361307365216,86.55361307365216,86.55361307365216,86.55361307365216,190345161.91373155
2026-05-23 00:00:00+00:00,85.99917538917953,85.99917538917953,85.99917538917953,85.99917538917953,196004607.35430762
2026-05-23 01:00:00+00:00,86.23320800910236,86.23320800910236,86.23320800910236,86.23320800910236,197438642.94536424
2026-05-23 02:00:00+00:00,86.04882310168273,86.04882310168273,86.04882310168273,86.04882310168273,195590817.4894444
2026-05-23 03:00:00+00:00,86.08296892264343,86.08296892264343,86.08296892264343,86.08296892264343,195502448.07848284
2026-05-23 04:00:00+00:00,86.0017365068756,86.0017365068756,86.0017365068756,86.0017365068756,190221004.92500824
2026-05-23 05:00:00+00:00,85.68255082907734,85.68255082907734,85.68255082907734,85.68255082907734,191280660.69082105
2026-05-23 06:00:00+00:00,85.44689771766906,85.44689771766906,85.44689771766906,85.44689771766906,192680525.11831462
2026-05-23 07:00:00+00:00,85.19459948499272,85.19459948499272,85.19459948499272,85.19459948499272,193369339.14182153
2026-05-23 08:00:00+00:00,83.38846160769717,83.38846160769717,83.38846160769717,83.38846160769717,202171363.29221958
2026-05-23 09:00:00+00:00,83.40010211082313,83.40010211082313,83.40010211082313,83.40010211082313,203375558.86971542
2026-05-23 10:00:00+00:00,83.2797467268821,83.2797467268821,83.2797467268821,83.2797467268821,497968221.839851
2026-05-23 11:00:00+00:00,83.24615080881327,83.24615080881327,83.24615080881327,83.24615080881327,198822726.9329637
2026-05-23 12:00:00+00:00,83.25585272895978,83.25585272895978,83.25585272895978,83.25585272895978,195561902.47544256
2026-05-23 13:00:00+00:00,83.25430937214814,83.25430937214814,83.25430937214814,83.25430937214814,480536202.0298617
2026-05-23 14:00:00+00:00,83.96652545578505,83.96652545578505,83.96652545578505,83.96652545578505,478293256.00760484
2026-05-23 15:00:00+00:00,85.01698944699534,85.01698944699534,85.01698944699534,85.01698944699534,199032804.11000884
2026-05-23 16:00:00+00:00,85.28253452272413,85.28253452272413,85.28253452272413,85.28253452272413,195882852.43711138
2026-05-23 17:00:00+00:00,85.61489099494734,85.61489099494734,85.61489099494734,85.61489099494734,195452276.05197868
2026-05-23 18:00:00+00:00,85.62891873571604,85.62891873571604,85.62891873571604,85.62891873571604,176671759.78789163
2026-05-23 19:00:00+00:00,86.27192750265014,86.27192750265014,86.27192750265014,86.27192750265014,214938537.45819536
2026-05-23 20:00:00+00:00,86.39770681198387,86.39770681198387,86.39770681198387,86.39770681198387,205628678.8587121
2026-05-23 21:00:00+00:00,88.75322344976445,88.75322344976445,88.75322344976445,88.75322344976445,162823791.17400712
2026-05-23 22:00:00+00:00,87.58770246155424,87.58770246155424,87.58770246155424,87.58770246155424,165551417.50156653
2026-05-23 23:00:00+00:00,86.93484337217022,86.93484337217022,86.93484337217022,86.93484337217022,165961750.91539636
2026-05-24 00:00:00+00:00,86.61130077997036,86.61130077997036,86.61130077997036,86.61130077997036,164119641.50592354
2026-05-24 01:00:00+00:00,86.61014024418844,86.61014024418844,86.61014024418844,86.61014024418844,160743200.6844261
2026-05-24 02:00:00+00:00,86.623949303639,86.623949303639,86.623949303639,86.623949303639,161696006.9682785
2026-05-24 03:00:00+00:00,86.46767272127174,86.46767272127174,86.46767272127174,86.46767272127174,161947290.57821327
2026-05-24 04:00:00+00:00,86.06564898003546,86.06564898003546,86.06564898003546,86.06564898003546,161000656.64736253
2026-05-24 05:00:00+00:00,86.27626068226363,86.27626068226363,86.27626068226363,86.27626068226363,161305008.51101655
2026-05-24 06:00:00+00:00,86.18128647391931,86.18128647391931,86.18128647391931,86.18128647391931,159019815.3909123
2026-05-24 07:00:00+00:00,86.51713893257164,86.51713893257164,86.51713893257164,86.51713893257164,158025863.57857904
2026-05-24 08:00:00+00:00,86.4507052745659,86.4507052745659,86.4507052745659,86.4507052745659,142585042.03197095
2026-05-24 09:00:00+00:00,86.73004409618105,86.73004409618105,86.73004409618105,86.73004409618105,137539243.4907277
2026-05-24 10:00:00+00:00,87.02158677529658,87.02158677529658,87.02158677529658,87.02158677529658,139328419.4403336
2026-05-24 11:00:00+00:00,87.00948629285033,87.00948629285033,87.00948629285033,87.00948629285033,138436923.92607078
2026-05-24 12:00:00+00:00,87.67498562934348,87.67498562934348,87.67498562934348,87.67498562934348,140045224.12262696
2026-05-24 13:00:00+00:00,86.98592862308986,86.98592862308986,86.98592862308986,86.98592862308986,144397623.73181117
2026-05-24 14:00:00+00:00,86.19282884735706,86.19282884735706,86.19282884735706,86.19282884735706,143695949.9448803
2026-05-24 15:00:00+00:00,85.77566187756965,85.77566187756965,85.77566187756965,85.77566187756965,146808282.89807412
2026-05-24 16:00:00+00:00,85.7170324570503,85.7170324570503,85.7170324570503,85.7170324570503,146992058.86993852
2026-05-24 17:00:00+00:00,85.98688564577905,85.98688564577905,85.98688564577905,85.98688564577905,146717324.4475524
2026-05-24 18:00:00+00:00,85.89886131980315,85.89886131980315,85.89886131980315,85.89886131980315,144154985.52953145
2026-05-24 19:00:00+00:00,85.46498627475198,85.46498627475198,85.46498627475198,85.46498627475198,147272216.11386207
2026-05-24 20:00:00+00:00,85.5159742233758,85.5159742233758,85.5159742233758,85.5159742233758,146389496.69111496
2026-05-24 21:00:00+00:00,85.03626113003281,85.03626113003281,85.03626113003281,85.03626113003281,138441655.26235756
2026-05-24 22:00:00+00:00,84.15288052849435,84.15288052849435,84.15288052849435,84.15288052849435,136097295.9520241
2026-05-24 23:00:00+00:00,85.10436185611837,85.10436185611837,85.10436185611837,85.10436185611837,136927800.73367357
2026-05-25 00:00:00+00:00,85.54168730486207,85.54168730486207,85.54168730486207,85.54168730486207,136780840.64355463
2026-05-25 01:00:00+00:00,85.8917420788477,85.8917420788477,85.8917420788477,85.8917420788477,136979223.2715254
2026-05-25 02:00:00+00:00,85.23453578713634,85.23453578713634,85.23453578713634,85.23453578713634,128281450.886404
2026-05-25 03:00:00+00:00,85.4458742290636,85.4458742290636,85.4458742290636,85.4458742290636,135087503.9068172
2026-05-25 04:00:00+00:00,85.38638615538946,85.38638615538946,85.38638615538946,85.38638615538946,127379102.75549181
2026-05-25 05:00:00+00:00,86.02250847192887,86.02250847192887,86.02250847192887,86.02250847192887,128706115.5478746
2026-05-25 06:00:00+00:00,86.39346197212426,86.39346197212426,86.39346197212426,86.39346197212426,136826395.07498923
2026-05-25 07:00:00+00:00,86.47185809612138,86.47185809612138,86.47185809612138,86.47185809612138,138417182.6764775
2026-05-25 08:00:00+00:00,86.47515911357165,86.47515911357165,86.47515911357165,86.47515911357165,140608019.59846482
2026-05-25 09:00:00+00:00,86.59472604395565,86.59472604395565,86.59472604395565,86.59472604395565,138873044.61688772
2026-05-25 10:00:00+00:00,86.69899483942581,86.69899483942581,86.69899483942581,86.69899483942581,139174162.0704058
2026-05-25 11:00:00+00:00,86.96230308296184,86.96230308296184,86.96230308296184,86.96230308296184,136916568.8729333
2026-05-25 12:00:00+00:00,86.39811517532246,86.39811517532246,86.39811517532246,86.39811517532246,134713889.09516802
2026-05-25 13:00:00+00:00,86.42246337008481,86.42246337008481,86.42246337008481,86.42246337008481,129680296.81871602
2026-05-25 14:00:00+00:00,86.63515051320006,86.63515051320006,86.63515051320006,86.63515051320006,131169476.82944871
2026-05-25 15:00:00+00:00,86.85368978344522,86.85368978344522,86.85368978344522,86.85368978344522,124832451.62074716
2026-05-25 16:00:00+00:00,86.84175177286644,86.84175177286644,86.84175177286644,86.84175177286644,126804897.64334778
2026-05-25 17:00:00+00:00,86.90409027775296,86.90409027775296,86.90409027775296,86.90409027775296,126879329.65492082
2026-05-25 18:00:00+00:00,87.00330865143853,87.00330865143853,87.00330865143853,87.00330865143853,126317105.90398651
2026-05-25 19:00:00+00:00,86.89560824767118,86.89560824767118,86.89560824767118,86.89560824767118,125685280.63778801
2026-05-25 20:00:00+00:00,87.0916439449707,87.0916439449707,87.0916439449707,87.0916439449707,128087270.28144233
2026-05-25 21:00:00+00:00,86.63077196538646,86.63077196538646,86.63077196538646,86.63077196538646,127780355.99803272
2026-05-25 22:00:00+00:00,86.47098939949446,86.47098939949446,86.47098939949446,86.47098939949446,125265601.74185021
2026-05-25 23:00:00+00:00,85.9331373548737,85.9331373548737,85.9331373548737,85.9331373548737,126490364.56247693
2026-05-26 00:00:00+00:00,86.33412838048407,86.33412838048407,86.33412838048407,86.33412838048407,127906629.87573685
2026-05-26 01:00:00+00:00,85.75469884451933,85.75469884451933,85.75469884451933,85.75469884451933,128829615.62118606
2026-05-26 02:00:00+00:00,85.28549469359082,85.28549469359082,85.28549469359082,85.28549469359082,129745306.86551777
2026-05-26 03:00:00+00:00,85.30708858559217,85.30708858559217,85.30708858559217,85.30708858559217,129367647.85402647
2026-05-26 04:00:00+00:00,85.50322512829851,85.50322512829851,85.50322512829851,85.50322512829851,129570360.90307947
2026-05-26 05:00:00+00:00,85.68122084636379,85.68122084636379,85.68122084636379,85.68122084636379,130492065.74360737
2026-05-26 06:00:00+00:00,86.30780763303298,86.30780763303298,86.30780763303298,86.30780763303298,131327859.39546779
2026-05-26 07:00:00+00:00,86.40462340513027,86.40462340513027,86.40462340513027,86.40462340513027,130751228.48677431
2026-05-26 08:00:00+00:00,85.96369957977998,85.96369957977998,85.96369957977998,85.96369957977998,130268125.56473102
2026-05-26 09:00:00+00:00,86.44941480050267,86.44941480050267,86.44941480050267,86.44941480050267,132427947.55084655
2026-05-26 10:00:00+00:00,86.55578378806698,86.55578378806698,86.55578378806698,86.55578378806698,132103623.69687513
2026-05-26 11:00:00+00:00,87.87065244281877,87.87065244281877,87.87065244281877,87.87065244281877,141716012.89549145
2026-05-26 12:00:00+00:00,87.48033767470992,87.48033767470992,87.48033767470992,87.48033767470992,143422145.78868803
2026-05-26 13:00:00+00:00,87.3858767641192,87.3858767641192,87.3858767641192,87.3858767641192,144302369.59453532
2026-05-26 14:00:00+00:00,87.65264781333033,87.65264781333033,87.65264781333033,87.65264781333033,148843239.22918102
2026-05-26 15:00:00+00:00,87.47482895236165,87.47482895236165,87.47482895236165,87.47482895236165,158535537.58965388
2026-05-26 16:00:00+00:00,86.57017902882727,86.57017902882727,86.57017902882727,86.57017902882727,161893923.07095754
2026-05-26 17:00:00+00:00,86.6177449812559,86.6177449812559,86.6177449812559,86.6177449812559,164810328.2102769
2026-05-26 18:00:00+00:00,85.89906958792685,85.89906958792685,85.89906958792685,85.89906958792685,166872037.51560494
2026-05-26 19:00:00+00:00,86.01420009193869,86.01420009193869,86.01420009193869,86.01420009193869,168631543.84929818
2026-05-26 20:00:00+00:00,86.39900449759315,86.39900449759315,86.39900449759315,86.39900449759315,170364653.1289295
2026-05-26 21:00:00+00:00,86.49955809615457,86.49955809615457,86.49955809615457,86.49955809615457,169530532.12428847
2026-05-26 22:00:00+00:00,85.96600513223551,85.96600513223551,85.96600513223551,85.96600513223551,167046054.08479384
2026-05-26 23:00:00+00:00,85.56012918613081,85.56012918613081,85.56012918613081,85.56012918613081,164463893.95508516
2026-05-27 00:00:00+00:00,85.74891717084883,85.74891717084883,85.74891717084883,85.74891717084883,160595647.383457
2026-05-27 01:00:00+00:00,86.38827340663543,86.38827340663543,86.38827340663543,86.38827340663543,164627068.03557312
2026-05-27 02:00:00+00:00,85.91855352287284,85.91855352287284,85.91855352287284,85.91855352287284,162845726.72282866
2026-05-27 03:00:00+00:00,85.83237760285742,85.83237760285742,85.83237760285742,85.83237760285742,162262519.3131423
2026-05-27 04:00:00+00:00,85.17576689595973,85.17576689595973,85.17576689595973,85.17576689595973,162669460.33899602
2026-05-27 05:00:00+00:00,84.56477055921108,84.56477055921108,84.56477055921108,84.56477055921108,170511048.1576205
2026-05-27 06:00:00+00:00,84.84507961807071,84.84507961807071,84.84507961807071,84.84507961807071,172984722.2470708
2026-05-27 07:00:00+00:00,85.19951713461357,85.19951713461357,85.19951713461357,85.19951713461357,174295524.51484597
2026-05-27 08:00:00+00:00,85.41264758752973,85.41264758752973,85.41264758752973,85.41264758752973,174015429.99492988
2026-05-27 09:00:00+00:00,84.9883604702721,84.9883604702721,84.9883604702721,84.9883604702721,173848168.71369904
2026-05-27 10:00:00+00:00,84.82368423363039,84.82368423363039,84.82368423363039,84.82368423363039,171695000.72693005
2026-05-27 11:00:00+00:00,85.07489285557506,85.07489285557506,85.07489285557506,85.07489285557506,166914400.3441349
2026-05-27 12:00:00+00:00,84.97648386665018,84.97648386665018,84.97648386665018,84.97648386665018,164345608.44245315
2026-05-27 13:00:00+00:00,85.48612958740551,85.48612958740551,85.48612958740551,85.48612958740551,168299739.82091668
2026-05-27 14:00:00+00:00,85.18662885444277,85.18662885444277,85.18662885444277,85.18662885444277,168663999.44380832
2026-05-27 15:00:00+00:00,85.49810486350253,85.49810486350253,85.49810486350253,85.49810486350253,162590924.91092896
2026-05-27 16:00:00+00:00,86.05715255443741,86.05715255443741,86.05715255443741,86.05715255443741,164855148.0373967
2026-05-27 17:00:00+00:00,85.51081599684011,85.51081599684011,85.51081599684011,85.51081599684011,160496079.9313145
2026-05-27 18:00:00+00:00,84.34757681650687,84.34757681650687,84.34757681650687,84.34757681650687,158226167.50014108
2026-05-27 19:00:00+00:00,85.00258322304848,85.00258322304848,85.00258322304848,85.00258322304848,159904207.03962708
2026-05-27 20:00:00+00:00,85.03895309924032,85.03895309924032,85.03895309924032,85.03895309924032,157777098.10286126
2026-05-27 21:00:00+00:00,84.92295960453114,84.92295960453114,84.92295960453114,84.92295960453114,162852116.99408704
2026-05-27 22:00:00+00:00,83.46236299345188,83.46236299345188,83.46236299345188,83.46236299345188,167353680.3858205
2026-05-27 23:00:00+00:00,83.34322711204281,83.34322711204281,83.34322711204281,83.34322711204281,168706761.6806738
2026-05-28 00:00:00+00:00,83.22156312904774,83.22156312904774,83.22156312904774,83.22156312904774,174296340.64608493
2026-05-28 01:00:00+00:00,83.13576056184006,83.13576056184006,83.13576056184006,83.13576056184006,171204466.64375845
2026-05-28 02:00:00+00:00,82.43046859581627,82.43046859581627,82.43046859581627,82.43046859581627,178064417.2173284
2026-05-28 03:00:00+00:00,82.44896810603414,82.44896810603414,82.44896810603414,82.44896810603414,177922045.930273
2026-05-28 04:00:00+00:00,80.84831103070745,80.84831103070745,80.84831103070745,80.84831103070745,192288521.29069465
2026-05-28 05:00:00+00:00,80.94684521392317,80.94684521392317,80.94684521392317,80.94684521392317,198479064.28925267
2026-05-28 06:00:00+00:00,80.50332822986289,80.50332822986289,80.50332822986289,80.50332822986289,202770961.12031054
2026-05-28 07:00:00+00:00,80.61189579704664,80.61189579704664,80.61189579704664,80.61189579704664,205676612.84176692
2026-05-28 08:00:00+00:00,81.26951217617535,81.26951217617535,81.26951217617535,81.26951217617535,212719615.04805878
2026-05-28 09:00:00+00:00,80.685928197801,80.685928197801,80.685928197801,80.685928197801,215101631.45719206
2026-05-28 10:00:00+00:00,81.12050704303864,81.12050704303864,81.12050704303864,81.12050704303864,216562724.28364673
2026-05-28 11:00:00+00:00,80.49696858872795,80.49696858872795,80.49696858872795,80.49696858872795,219346675.98730773
2026-05-28 12:00:00+00:00,80.26107188836683,80.26107188836683,80.26107188836683,80.26107188836683,221874272.7015935
2026-05-28 13:00:00+00:00,80.54126723111749,80.54126723111749,80.54126723111749,80.54126723111749,223107293.9061401
2026-05-28 14:00:00+00:00,80.09548673535758,80.09548673535758,80.09548673535758,80.09548673535758,225910082.2994393
2026-05-28 15:00:00+00:00,79.68046157680895,79.68046157680895,79.68046157680895,79.68046157680895,239115051.5862325
2026-05-28 16:00:00+00:00,79.28060027926344,79.28060027926344,79.28060027926344,79.28060027926344,231069409.05134726
2026-05-28 17:00:00+00:00,80.5078313209152,80.5078313209152,80.5078313209152,80.5078313209152,239573862.494254
2026-05-28 18:00:00+00:00,80.59177988458475,80.59177988458475,80.59177988458475,80.59177988458475,237941645.6414766
2026-05-28 19:00:00+00:00,81.13178823705071,81.13178823705071,81.13178823705071,81.13178823705071,242885403.4215246
2026-05-28 20:00:00+00:00,80.91300233367338,80.91300233367338,80.91300233367338,80.91300233367338,242437079.43647882
2026-05-28 21:00:00+00:00,81.38160551612567,81.38160551612567,81.38160551612567,81.38160551612567,246352876.2255555
2026-05-28 22:00:00+00:00,81.28192342356249,81.28192342356249,81.28192342356249,81.28192342356249,235420916.4246977
2026-05-28 23:00:00+00:00,80.53003670463927,80.53003670463927,80.53003670463927,80.53003670463927,236920271.32562137
2026-05-29 00:00:00+00:00,80.74907030021203,80.74907030021203,80.74907030021203,80.74907030021203,230602681.0283068
2026-05-29 01:00:00+00:00,81.07073198253921,81.07073198253921,81.07073198253921,81.07073198253921,230604968.41382444
2026-05-29 02:00:00+00:00,80.93621596577799,80.93621596577799,80.93621596577799,80.93621596577799,226741993.58191812
2026-05-29 03:00:00+00:00,80.4983746365254,80.4983746365254,80.4983746365254,80.4983746365254,226030467.16137862
2026-05-29 04:00:00+00:00,80.50234680641798,80.50234680641798,80.50234680641798,80.50234680641798,202792335.35144708
2026-05-29 05:00:00+00:00,80.77234463078165,80.77234463078165,80.77234463078165,80.77234463078165,198233875.43618423
2026-05-29 06:00:00+00:00,81.07543433602278,81.07543433602278,81.07543433602278,81.07543433602278,194230087.67999825
2026-05-29 07:00:00+00:00,81.67555401882458,81.67555401882458,81.67555401882458,81.67555401882458,190799756.64565736
2026-05-29 08:00:00+00:00,81.7127278786604,81.7127278786604,81.7127278786604,81.7127278786604,186731695.9630079
2026-05-29 09:00:00+00:00,81.37738790019696,81.37738790019696,81.37738790019696,81.37738790019696,187536014.7448968
2026-05-29 10:00:00+00:00,82.27150479704382,82.27150479704382,82.27150479704382,82.27150479704382,178481777.3444548
2026-05-29 11:00:00+00:00,81.88826462156685,81.88826462156685,81.88826462156685,81.88826462156685,183560198.0574036
2026-05-29 12:00:00+00:00,81.48159001169351,81.48159001169351,81.48159001169351,81.48159001169351,182070595.744426
2026-05-29 13:00:00+00:00,81.10226832141379,81.10226832141379,81.10226832141379,81.10226832141379,179785635.64876094
2026-05-29 14:00:00+00:00,81.13872104681485,81.13872104681485,81.13872104681485,81.13872104681485,162933506.08203053
2026-05-29 15:00:00+00:00,81.15067958599745,81.15067958599745,81.15067958599745,81.15067958599745,161083879.33386666
2026-05-29 16:00:00+00:00,82.80736681666262,82.80736681666262,82.80736681666262,82.80736681666262,178785430.95901045
2026-05-29 17:00:00+00:00,83.08731269029765,83.08731269029765,83.08731269029765,83.08731269029765,170177020.29245806
2026-05-29 18:00:00+00:00,82.93370908833671,82.93370908833671,82.93370908833671,82.93370908833671,179232720.8521472
2026-05-29 19:00:00+00:00,82.09710280594305,82.09710280594305,82.09710280594305,82.09710280594305,173694311.0955296
2026-05-29 20:00:00+00:00,82.26607931511643,82.26607931511643,82.26607931511643,82.26607931511643,175815070.33728725
2026-05-29 21:00:00+00:00,82.44317980742157,82.44317980742157,82.44317980742157,82.44317980742157,170777244.5205388
2026-05-29 22:00:00+00:00,82.04747342276404,82.04747342276404,82.04747342276404,82.04747342276404,170151393.8244763
2026-05-29 23:00:00+00:00,82.19318787057838,82.19318787057838,82.19318787057838,82.19318787057838,167506603.4281796
2026-05-30 00:00:00+00:00,82.39308322530252,82.39308322530252,82.39308322530252,82.39308322530252,167885070.44168606
2026-05-30 01:00:00+00:00,82.89101006600954,82.89101006600954,82.89101006600954,82.89101006600954,168113447.87306052
2026-05-30 02:00:00+00:00,83.57151913893505,83.57151913893505,83.57151913893505,83.57151913893505,164464238.5401524
2026-05-30 03:00:00+00:00,83.50937160141778,83.50937160141778,83.50937160141778,83.50937160141778,174889013.0537921
2026-05-30 04:00:00+00:00,82.92148289450287,82.92148289450287,82.92148289450287,82.92148289450287,176377758.1830542
2026-05-30 05:00:00+00:00,82.52038362492345,82.52038362492345,82.52038362492345,82.52038362492345,176180811.88031596
2026-05-30 06:00:00+00:00,82.76880140122657,82.76880140122657,82.76880140122657,82.76880140122657,177610022.42791125
2026-05-30 07:00:00+00:00,82.65013201768953,82.65013201768953,82.65013201768953,82.65013201768953,174815591.02792093
2026-05-30 08:00:00+00:00,82.506457476126,82.506457476126,82.506457476126,82.506457476126,161953256.80164167
2026-05-30 09:00:00+00:00,82.5475006952667,82.5475006952667,82.5475006952667,82.5475006952667,170264079.33799648
2026-05-30 10:00:00+00:00,82.80261232841275,82.80261232841275,82.80261232841275,82.80261232841275,168073782.0126325
2026-05-30 11:00:00+00:00,82.69565455936403,82.69565455936403,82.69565455936403,82.69565455936403,167778418.27866426
2026-05-30 12:00:00+00:00,82.82900925858127,82.82900925858127,82.82900925858127,82.82900925858127,166606399.70506182
2026-05-30 13:00:00+00:00,82.93741087919919,82.93741087919919,82.93741087919919,82.93741087919919,163438544.3474117
2026-05-30 14:00:00+00:00,83.0046352062491,83.0046352062491,83.0046352062491,83.0046352062491,162131598.8004506
2026-05-30 15:00:00+00:00,83.16460357135182,83.16460357135182,83.16460357135182,83.16460357135182,153430066.08263293
2026-05-30 16:00:00+00:00,82.94864446501741,82.94864446501741,82.94864446501741,82.94864446501741,140124854.62556377
2026-05-30 17:00:00+00:00,83.15432774833913,83.15432774833913,83.15432774833913,83.15432774833913,137407060.4345166
2026-05-30 18:00:00+00:00,83.41750995619732,83.41750995619732,83.41750995619732,83.41750995619732,133336896.62620696
2026-05-30 19:00:00+00:00,83.33528281079072,83.33528281079072,83.33528281079072,83.33528281079072,130650912.45989479
2026-05-30 20:00:00+00:00,83.21127149634965,83.21127149634965,83.21127149634965,83.21127149634965,130785839.5474098
2026-05-30 21:00:00+00:00,83.30768470888216,83.30768470888216,83.30768470888216,83.30768470888216,130218690.28767113
2026-05-30 22:00:00+00:00,83.25762449083422,83.25762449083422,83.25762449083422,83.25762449083422,129932520.18110473
2026-05-30 23:00:00+00:00,82.66694393215397,82.66694393215397,82.66694393215397,82.66694393215397,129465635.49805087
2026-05-31 00:00:00+00:00,82.78232011642115,82.78232011642115,82.78232011642115,82.78232011642115,121952498.81236733
2026-05-31 01:00:00+00:00,82.80968600267869,82.80968600267869,82.80968600267869,82.80968600267869,127636012.44984104
2026-05-31 02:00:00+00:00,82.91952266338437,82.91952266338437,82.91952266338437,82.91952266338437,124154774.22588027
2026-05-31 03:00:00+00:00,83.26632584865143,83.26632584865143,83.26632584865143,83.26632584865143,120507148.06901051
2026-05-31 04:00:00+00:00,83.45671935186674,83.45671935186674,83.45671935186674,83.45671935186674,118208052.51379833
2026-05-31 05:00:00+00:00,83.44181588304487,83.44181588304487,83.44181588304487,83.44181588304487,113179313.07086635
2026-05-31 06:00:00+00:00,83.18469686363004,83.18469686363004,83.18469686363004,83.18469686363004,111221448.22063833
2026-05-31 07:00:00+00:00,83.17915909598611,83.17915909598611,83.17915909598611,83.17915909598611,110526019.68769796
2026-05-31 08:00:00+00:00,82.81598681696165,82.81598681696165,82.81598681696165,82.81598681696165,109641573.23687394
2026-05-31 09:00:00+00:00,83.04592222569549,83.04592222569549,83.04592222569549,83.04592222569549,110486287.72813521
2026-05-31 10:00:00+00:00,82.66615720874697,82.66615720874697,82.66615720874697,82.66615720874697,108419452.0863239
2026-05-31 11:00:00+00:00,82.64279070807041,82.64279070807041,82.64279070807041,82.64279070807041,109629788.30584
2026-05-31 12:00:00+00:00,82.74705662593728,82.74705662593728,82.74705662593728,82.74705662593728,110105565.32618201
2026-05-31 13:00:00+00:00,82.6764779951275,82.6764779951275,82.6764779951275,82.6764779951275,109626158.61191449
2026-05-31 14:00:00+00:00,82.45645645408915,82.45645645408915,82.45645645408915,82.45645645408915,109640886.34091999
2026-05-31 15:00:00+00:00,81.58183714710705,81.58183714710705,81.58183714710705,81.58183714710705,112371628.49593149
2026-05-31 16:00:00+00:00,81.66736237463601,81.66736237463601,81.66736237463601,81.66736237463601,112317536.61847924
2026-05-31 17:00:00+00:00,81.03354391458285,81.03354391458285,81.03354391458285,81.03354391458285,113547623.60080057
2026-05-31 18:00:00+00:00,81.43424783707493,81.43424783707493,81.43424783707493,81.43424783707493,112905558.88278012
2026-05-31 19:00:00+00:00,81.28754935943475,81.28754935943475,81.28754935943475,81.28754935943475,112372162.38029283
2026-05-31 20:00:00+00:00,81.29054685691524,81.29054685691524,81.29054685691524,81.29054685691524,112525052.48251976
2026-05-31 21:00:00+00:00,81.71403810334682,81.71403810334682,81.71403810334682,81.71403810334682,114583907.3614445
2026-05-31 22:00:00+00:00,82.00199374502678,82.00199374502678,82.00199374502678,82.00199374502678,115885545.82044588
2026-05-31 23:00:00+00:00,82.30428185646326,82.30428185646326,82.30428185646326,82.30428185646326,119092898.3048718
2026-06-01 00:00:00+00:00,82.05125463592765,82.05125463592765,82.05125463592765,82.05125463592765,121293155.26290119
2026-06-01 01:00:00+00:00,82.5017401129501,82.5017401129501,82.5017401129501,82.5017401129501,126017626.6332866
2026-06-01 02:00:00+00:00,81.64509486977488,81.64509486977488,81.64509486977488,81.64509486977488,126311150.7471141
2026-06-01 03:00:00+00:00,82.62242825952278,82.62242825952278,82.62242825952278,82.62242825952278,121767480.92977302
2026-06-01 04:00:00+00:00,82.62841511587717,82.62841511587717,82.62841511587717,82.62841511587717,126675518.17704
2026-06-01 05:00:00+00:00,82.16512903357953,82.16512903357953,82.16512903357953,82.16512903357953,135516567.6484842
2026-06-01 06:00:00+00:00,81.85069462863783,81.85069462863783,81.85069462863783,81.85069462863783,136127264.4533304
2026-06-01 07:00:00+00:00,81.2989416520421,81.2989416520421,81.2989416520421,81.2989416520421,139534924.88244787
2026-06-01 08:00:00+00:00,80.67686785361124,80.67686785361124,80.67686785361124,80.67686785361124,141898604.95030567
2026-06-01 09:00:00+00:00,81.0036429886938,81.0036429886938,81.0036429886938,81.0036429886938,146587330.33538443
2026-06-01 10:00:00+00:00,81.25531691877588,81.25531691877588,81.25531691877588,81.25531691877588,142207442.96239173
2026-06-01 11:00:00+00:00,81.14309448568758,81.14309448568758,81.14309448568758,81.14309448568758,141929078.64316788
2026-06-01 12:00:00+00:00,80.95304405263968,80.95304405263968,80.95304405263968,80.95304405263968,150368100.65467346
2026-06-01 13:00:00+00:00,80.71338942120525,80.71338942120525,80.71338942120525,80.71338942120525,154405912.28527632
2026-06-01 14:00:00+00:00,79.80595405021653,79.80595405021653,79.80595405021653,79.80595405021653,163021292.47293
2026-06-01 15:00:00+00:00,79.72080969976071,79.72080969976071,79.72080969976071,79.72080969976071,164570327.84263507
2026-06-01 16:00:00+00:00,79.05227551103305,79.05227551103305,79.05227551103305,79.05227551103305,171202452.77304158
2026-06-01 17:00:00+00:00,79.37845084900798,79.37845084900798,79.37845084900798,79.37845084900798,180153564.54172283
2026-06-01 18:00:00+00:00,80.24075438180337,80.24075438180337,80.24075438180337,80.24075438180337,187468894.28421012
2026-06-01 19:00:00+00:00,80.08723096397995,80.08723096397995,80.08723096397995,80.08723096397995,189185706.2381852
2026-06-01 20:00:00+00:00,80.58803235255237,80.58803235255237,80.58803235255237,80.58803235255237,192886453.05045244
2026-06-01 21:00:00+00:00,80.39721237885261,80.39721237885261,80.39721237885261,80.39721237885261,192912359.16886264
2026-06-01 22:00:00+00:00,79.8861819254265,79.8861819254265,79.8861819254265,79.8861819254265,193454819.91768867
2026-06-01 23:00:00+00:00,80.33069168428722,80.33069168428722,80.33069168428722,80.33069168428722,189110820.24159893
2026-06-02 00:00:00+00:00,80.19032053193925,80.19032053193925,80.19032053193925,80.19032053193925,187700726.38114098
2026-06-02 01:00:00+00:00,79.54292243306261,79.54292243306261,79.54292243306261,79.54292243306261,191117380.3409967
2026-06-02 02:00:00+00:00,78.74687587850381,78.74687587850381,78.74687587850381,78.74687587850381,190125177.08022258
2026-06-02 03:00:00+00:00,78.96758612620467,78.96758612620467,78.96758612620467,78.96758612620467,190404195.55019972
2026-06-02 04:00:00+00:00,79.65036576918547,79.65036576918547,79.65036576918547,79.65036576918547,191177100.62124547
2026-06-02 05:00:00+00:00,79.04635380151812,79.04635380151812,79.04635380151812,79.04635380151812,195672187.76514503
2026-06-02 06:00:00+00:00,78.42134647620688,78.42134647620688,78.42134647620688,78.42134647620688,198181344.88509232
2026-06-02 07:00:00+00:00,77.88351461064154,77.88351461064154,77.88351461064154,77.88351461064154,199136885.7305202
2026-06-02 08:00:00+00:00,77.81805809976814,77.81805809976814,77.81805809976814,77.81805809976814,201804618.50314936
2026-06-02 09:00:00+00:00,77.8106945109154,77.8106945109154,77.8106945109154,77.8106945109154,200682829.17139962
2026-06-02 10:00:00+00:00,77.41370152020178,77.41370152020178,77.41370152020178,77.41370152020178,203329264.2699314
2026-06-02 11:00:00+00:00,78.05876450112929,78.05876450112929,78.05876450112929,78.05876450112929,208911303.45746246
2026-06-02 12:00:00+00:00,77.40567700069172,77.40567700069172,77.40567700069172,77.40567700069172,208159630.69895193
2026-06-02 13:00:00+00:00,77.47864163714294,77.47864163714294,77.47864163714294,77.47864163714294,206397257.36164305
2026-06-02 14:00:00+00:00,77.28497666648975,77.28497666648975,77.28497666648975,77.28497666648975,201733547.39367718
2026-06-02 15:00:00+00:00,75.87953281996752,75.87953281996752,75.87953281996752,75.87953281996752,215209287.7888547
2026-06-02 16:00:00+00:00,75.17192539385258,75.17192539385258,75.17192539385258,75.17192539385258,220862950.973929
2026-06-02 17:00:00+00:00,75.83990648820338,75.83990648820338,75.83990648820338,75.83990648820338,226500995.59337908
2026-06-02 18:00:00+00:00,75.95213609964091,75.95213609964091,75.95213609964091,75.95213609964091,224514780.34560814
2026-06-02 19:00:00+00:00,75.99535424811077,75.99535424811077,75.99535424811077,75.99535424811077,235123808.50623578
2026-06-02 20:00:00+00:00,75.12212980811569,75.12212980811569,75.12212980811569,75.12212980811569,241338147.39767942
2026-06-02 21:00:00+00:00,75.06247073380612,75.06247073380612,75.06247073380612,75.06247073380612,246652406.4983679
2026-06-02 22:00:00+00:00,74.83050370624846,74.83050370624846,74.83050370624846,74.83050370624846,248660769.70901835
2026-06-02 23:00:00+00:00,72.98181258366692,72.98181258366692,72.98181258366692,72.98181258366692,248075883.22593158
2026-06-03 00:00:00+00:00,73.53517785086373,73.53517785086373,73.53517785086373,73.53517785086373,259548158.28036678
2026-06-03 01:00:00+00:00,74.08147617064643,74.08147617064643,74.08147617064643,74.08147617064643,265013085.2648138
2026-06-03 02:00:00+00:00,74.10550767066348,74.10550767066348,74.10550767066348,74.10550767066348,265052636.17707762
2026-06-03 03:00:00+00:00,74.16907775269411,74.16907775269411,74.16907775269411,74.16907775269411,264025074.64399546
2026-06-03 04:00:00+00:00,72.77175105587834,72.77175105587834,72.77175105587834,72.77175105587834,265295590.38545078
2026-06-03 05:00:00+00:00,74.16954158963962,74.16954158963962,74.16954158963962,74.16954158963962,267830746.2921754
2026-06-03 06:00:00+00:00,75.36215290883163,75.36215290883163,75.36215290883163,75.36215290883163,281156690.5552164
2026-06-03 07:00:00+00:00,75.55842745138195,75.55842745138195,75.55842745138195,75.55842745138195,280724330.1253663
2026-06-03 08:00:00+00:00,75.99763299619282,75.99763299619282,75.99763299619282,75.99763299619282,272896835.67263967
2026-06-03 09:00:00+00:00,76.00255121627445,76.00255121627445,76.00255121627445,76.00255121627445,279531440.0199401
2026-06-03 10:00:00+00:00,75.94578328466952,75.94578328466952,75.94578328466952,75.94578328466952,278503869.23409146
2026-06-03 11:00:00+00:00,76.59544263811411,76.59544263811411,76.59544263811411,76.59544263811411,277006699.86962926
2026-06-03 12:00:00+00:00,76.34526770585293,76.34526770585293,76.34526770585293,76.34526770585293,277562810.5017598
2026-06-03 13:00:00+00:00,76.33423004764883,76.33423004764883,76.33423004764883,76.33423004764883,280295293.1310124
2026-06-03 14:00:00+00:00,75.6802329464619,75.6802329464619,75.6802329464619,75.6802329464619,280096188.153131
2026-06-03 15:00:00+00:00,76.06344083752789,76.06344083752789,76.06344083752789,76.06344083752789,259247925.43363678
2026-06-03 16:00:00+00:00,75.38772001073964,75.38772001073964,75.38772001073964,75.38772001073964,242224799.43543315
2026-06-03 17:00:00+00:00,75.16165234771036,75.16165234771036,75.16165234771036,75.16165234771036,244498856.0588398
2026-06-03 18:00:00+00:00,75.22098702317165,75.22098702317165,75.22098702317165,75.22098702317165,245345292.30602223
2026-06-03 19:00:00+00:00,75.49110563196844,75.49110563196844,75.49110563196844,75.49110563196844,243547822.03516456
2026-06-03 20:00:00+00:00,74.45952933537468,74.45952933537468,74.45952933537468,74.45952933537468,233827258.24643707
2026-06-03 21:00:00+00:00,73.6054359420499,73.6054359420499,73.6054359420499,73.6054359420499,237275750.21176443
2026-06-03 22:00:00+00:00,75.77855366101788,75.77855366101788,75.77855366101788,75.77855366101788,235666287.1927259
2026-06-03 23:00:00+00:00,75.04524054266562,75.04524054266562,75.04524054266562,75.04524054266562,235025576.14580423
2026-06-04 00:00:00+00:00,74.32524823578397,74.32524823578397,74.32524823578397,74.32524823578397,227357686.4094802
2026-06-04 01:00:00+00:00,73.31422715270038,73.31422715270038,73.31422715270038,73.31422715270038,227029777.1894637
2026-06-04 02:00:00+00:00,71.41423539454259,71.41423539454259,71.41423539454259,71.41423539454259,239991026.55871555
2026-06-04 03:00:00+00:00,71.11541771005525,71.11541771005525,71.11541771005525,71.11541771005525,261229640.36320227
2026-06-04 04:00:00+00:00,72.94009811648667,72.94009811648667,72.94009811648667,72.94009811648667,270789411.75012076
2026-06-04 05:00:00+00:00,72.39588882814316,72.39588882814316,72.39588882814316,72.39588882814316,259789749.92054284
2026-06-04 06:00:00+00:00,71.54061313279068,71.54061313279068,71.54061313279068,71.54061313279068,252882504.51872912
2026-06-04 07:00:00+00:00,72.19695927113742,72.19695927113742,72.19695927113742,72.19695927113742,260665427.64842448
2026-06-04 08:00:00+00:00,71.09394145549162,71.09394145549162,71.09394145549162,71.09394145549162,252625818.6442826
2026-06-04 09:00:00+00:00,71.04432959984207,71.04432959984207,71.04432959984207,71.04432959984207,255930584.42189533
2026-06-04 10:00:00+00:00,70.49970562583877,70.49970562583877,70.49970562583877,70.49970562583877,255235004.71752322
2026-06-04 11:00:00+00:00,69.85352762001749,69.85352762001749,69.85352762001749,69.85352762001749,260794481.95472997
2026-06-04 12:00:00+00:00,70.63801535512823,70.63801535512823,70.63801535512823,70.63801535512823,267899467.91807082
2026-06-04 13:00:00+00:00,71.98964300694938,71.98964300694938,71.98964300694938,71.98964300694938,273054238.6322956
2026-06-04 14:00:00+00:00,72.11622399637426,72.11622399637426,72.11622399637426,72.11622399637426,273028156.9962695
2026-06-04 15:00:00+00:00,71.99497340689481,71.99497340689481,71.99497340689481,71.99497340689481,271838607.6675637
2026-06-04 16:00:00+00:00,72.46173296023413,72.46173296023413,72.46173296023413,72.46173296023413,270053367.4294879
2026-06-04 17:00:00+00:00,72.17804119195,72.17804119195,72.17804119195,72.17804119195,269172172.53884256
2026-06-04 18:00:00+00:00,72.05257516356653,72.05257516356653,72.05257516356653,72.05257516356653,266231800.92403466
2026-06-04 19:00:00+00:00,72.39687761064648,72.39687761064648,72.39687761064648,72.39687761064648,264790459.5956785
2026-06-04 20:00:00+00:00,72.0825731738135,72.0825731738135,72.0825731738135,72.0825731738135,258998788.812573
2026-06-04 21:00:00+00:00,71.61013664102282,71.61013664102282,71.61013664102282,71.61013664102282,242537978.19411612
2026-06-04 22:00:00+00:00,70.30086580905665,70.30086580905665,70.30086580905665,70.30086580905665,233083725.11019245
2026-06-04 23:00:00+00:00,70.88069933083545,70.88069933083545,70.88069933083545,70.88069933083545,232724570.93383735
2026-06-05 00:00:00+00:00,71.26414752046944,71.26414752046944,71.26414752046944,71.26414752046944,230879648.89053297
2026-06-05 01:00:00+00:00,70.8437303656291,70.8437303656291,70.8437303656291,70.8437303656291,225917448.5688494
2026-06-05 02:00:00+00:00,70.81076137867336,70.81076137867336,70.81076137867336,70.81076137867336,215406111.72610593
2026-06-05 03:00:00+00:00,69.11720294574954,69.11720294574954,69.11720294574954,69.11720294574954,174657898.8503658
2026-06-05 04:00:00+00:00,68.84029606457608,68.84029606457608,68.84029606457608,68.84029606457608,174418252.92948356
2026-06-05 05:00:00+00:00,69.98251026782991,69.98251026782991,69.98251026782991,69.98251026782991,187467173.78151444
2026-06-05 06:00:00+00:00,67.83350365716677,67.83350365716677,67.83350365716677,67.83350365716677,186887553.87179244
2026-06-05 07:00:00+00:00,67.34678814636835,67.34678814636835,67.34678814636835,67.34678814636835,282019042.34604627
2026-06-05 08:00:00+00:00,69.22922674730842,69.22922674730842,69.22922674730842,69.22922674730842,300145853.25208884
2026-06-05 09:00:00+00:00,67.58897279269081,67.58897279269081,67.58897279269081,67.58897279269081,302567896.6542842
2026-06-05 10:00:00+00:00,68.39763083880321,68.39763083880321,68.39763083880321,68.39763083880321,303364043.6270467
2026-06-05 11:00:00+00:00,67.21982983228446,67.21982983228446,67.21982983228446,67.21982983228446,310273356.2151282
2026-06-05 12:00:00+00:00,66.2064475927659,66.2064475927659,66.2064475927659,66.2064475927659,301988614.93955785
2026-06-05 13:00:00+00:00,65.12409999992992,65.12409999992992,65.12409999992992,65.12409999992992,303343500.91997313
2026-06-05 14:00:00+00:00,62.34169928889656,62.34169928889656,62.34169928889656,62.34169928889656,298904604.1748777
2026-06-05 15:00:00+00:00,61.88163258421784,61.88163258421784,61.88163258421784,61.88163258421784,329799286.2951143
2026-06-05 16:00:00+00:00,62.23075240553446,62.23075240553446,62.23075240553446,62.23075240553446,353528810.25721484
2026-06-05 17:00:00+00:00,63.0669038504495,63.0669038504495,63.0669038504495,63.0669038504495,379839514.263932
2026-06-05 18:00:00+00:00,63.09270676154319,63.09270676154319,63.09270676154319,63.09270676154319,383572744.48990566
2026-06-05 19:00:00+00:00,60.60853084552477,60.60853084552477,60.60853084552477,60.60853084552477,379651043.88782996
2026-06-05 20:00:00+00:00,60.455605396564636,60.455605396564636,60.455605396564636,60.455605396564636,404282241.51961976
2026-06-05 21:00:00+00:00,62.51074562132144,62.51074562132144,62.51074562132144,62.51074562132144,442773428.08898157
2026-06-05 22:00:00+00:00,63.32152147983396,63.32152147983396,63.32152147983396,63.32152147983396,450965191.560503
2026-06-05 23:00:00+00:00,63.1932290891913,63.1932290891913,63.1932290891913,63.1932290891913,455875640.8361347
2026-06-06 00:00:00+00:00,62.255582482098866,62.255582482098866,62.255582482098866,62.255582482098866,453225978.1636376
2026-06-06 01:00:00+00:00,63.002964319300446,63.002964319300446,63.002964319300446,63.002964319300446,462711045.37449735
2026-06-06 02:00:00+00:00,61.57000930513176,61.57000930513176,61.57000930513176,61.57000930513176,450300258.86363447
2026-06-06 03:00:00+00:00,60.5932122614295,60.5932122614295,60.5932122614295,60.5932122614295,443569030.6106845
2026-06-06 04:00:00+00:00,59.987007927618905,59.987007927618905,59.987007927618905,59.987007927618905,450718593.5609372
2026-06-06 05:00:00+00:00,58.51102261721888,58.51102261721888,58.51102261721888,58.51102261721888,450139883.1643877
2026-06-06 06:00:00+00:00,61.06238106969137,61.06238106969137,61.06238106969137,61.06238106969137,477799753.02928495
2026-06-06 07:00:00+00:00,60.56895631424943,60.56895631424943,60.56895631424943,60.56895631424943,395471689.29730946
2026-06-06 08:00:00+00:00,61.239500893658864,61.239500893658864,61.239500893658864,61.239500893658864,387062081.03637195
2026-06-06 09:00:00+00:00,62.02408431437725,62.02408431437725,62.02408431437725,62.02408431437725,384951500.99330616
2026-06-06 10:00:00+00:00,61.41820263462443,61.41820263462443,61.41820263462443,61.41820263462443,380887336.7366352
2026-06-06 11:00:00+00:00,60.521779561927616,60.521779561927616,60.521779561927616,60.521779561927616,377699646.7840974
2026-06-06 12:00:00+00:00,61.32506737757342,61.32506737757342,61.32506737757342,61.32506737757342,380580103.43488866
2026-06-06 13:00:00+00:00,62.164916537244366,62.164916537244366,62.164916537244366,62.164916537244366,373128685.3639648
2026-06-06 14:00:00+00:00,60.791219133907425,60.791219133907425,60.791219133907425,60.791219133907425,354435048.02280945
2026-06-06 15:00:00+00:00,60.936090296140556,60.936090296140556,60.936090296140556,60.936090296140556,319687340.3001099
2026-06-06 16:00:00+00:00,60.44141724315682,60.44141724315682,60.44141724315682,60.44141724315682,306181007.72633684
2026-06-06 17:00:00+00:00,60.484787376787374,60.484787376787374,60.484787376787374,60.484787376787374,276933018.421487
2026-06-06 18:00:00+00:00,60.23693177138874,60.23693177138874,60.23693177138874,60.23693177138874,273866825.94109315
2026-06-06 19:00:00+00:00,60.522928348682214,60.522928348682214,60.522928348682214,60.522928348682214,275288859.4921294
2026-06-06 20:00:00+00:00,60.035810108785356,60.035810108785356,60.035810108785356,60.035810108785356,249094181.81279278
2026-06-06 21:00:00+00:00,60.10810175239796,60.10810175239796,60.10810175239796,60.10810175239796,233427108.35893887
2026-06-06 22:00:00+00:00,60.34695964403249,60.34695964403249,60.34695964403249,60.34695964403249,224078005.56275314
2026-06-06 23:00:00+00:00,60.35863663845227,60.35863663845227,60.35863663845227,60.35863663845227,217977468.65765828
2026-06-07 00:00:00+00:00,60.93207129202708,60.93207129202708,60.93207129202708,60.93207129202708,212881945.99644184
2026-06-07 01:00:00+00:00,60.96150205107378,60.96150205107378,60.96150205107378,60.96150205107378,209114591.6288368
2026-06-07 02:00:00+00:00,62.2746429672321,62.2746429672321,62.2746429672321,62.2746429672321,214689663.6944205
2026-06-07 03:00:00+00:00,62.293961555605584,62.293961555605584,62.293961555605584,62.293961555605584,207404677.70153907
2026-06-07 04:00:00+00:00,62.10307094169768,62.10307094169768,62.10307094169768,62.10307094169768,199258058.91419506
2026-06-07 05:00:00+00:00,62.17062141134838,62.17062141134838,62.17062141134838,62.17062141134838,184420718.063788
2026-06-07 06:00:00+00:00,62.56161197586481,62.56161197586481,62.56161197586481,62.56161197586481,173056097.08296797
2026-06-07 07:00:00+00:00,62.95295805401957,62.95295805401957,62.95295805401957,62.95295805401957,175646226.16951892
2026-06-07 08:00:00+00:00,63.47001785870742,63.47001785870742,63.47001785870742,63.47001785870742,177705871.78150758
2026-06-07 09:00:00+00:00,63.99810972103151,63.99810972103151,63.99810972103151,63.99810972103151,174497450.34747538
2026-06-07 10:00:00+00:00,63.64291044833271,63.64291044833271,63.64291044833271,63.64291044833271,177778528.82240275
2026-06-07 11:00:00+00:00,62.99288127845988,62.99288127845988,62.99288127845988,62.99288127845988,170590852.7834999
2026-06-07 12:00:00+00:00,63.321382312985975,63.321382312985975,63.321382312985975,63.321382312985975,170088327.51776785
2026-06-07 13:00:00+00:00,62.40377269374274,62.40377269374274,62.40377269374274,62.40377269374274,171857237.47400373
2026-06-07 14:00:00+00:00,62.349338491984,62.349338491984,62.349338491984,62.349338491984,167557501.39155427
2026-06-07 15:00:00+00:00,63.16591503367831,63.16591503367831,63.16591503367831,63.16591503367831,169123494.80814928
2026-06-07 16:00:00+00:00,62.91325432160168,62.91325432160168,62.91325432160168,62.91325432160168,161486836.78437334
2026-06-07 17:00:00+00:00,62.78748726825176,62.78748726825176,62.78748726825176,62.78748726825176,160322520.70800754
2026-06-07 18:00:00+00:00,62.756251593633564,62.756251593633564,62.756251593633564,62.756251593633564,158752389.74256635
2026-06-07 19:00:00+00:00,62.39587817827576,62.39587817827576,62.39587817827576,62.39587817827576,160225104.86697847
2026-06-07 20:00:00+00:00,61.44514623515967,61.44514623515967,61.44514623515967,61.44514623515967,174328823.5234004
2026-06-07 21:00:00+00:00,62.32625577115555,62.32625577115555,62.32625577115555,62.32625577115555,173821160.6348155
2026-06-07 22:00:00+00:00,62.269006709818306,62.269006709818306,62.269006709818306,62.269006709818306,179782113.4327963
2026-06-07 23:00:00+00:00,63.59304408918737,63.59304408918737,63.59304408918737,63.59304408918737,196036700.25302452
2026-06-08 00:00:00+00:00,63.64395268465514,63.64395268465514,63.64395268465514,63.64395268465514,198959864.6054217
2026-06-08 01:00:00+00:00,63.86910509116669,63.86910509116669,63.86910509116669,63.86910509116669,201409447.93325534
2026-06-08 02:00:00+00:00,62.92181809443631,62.92181809443631,62.92181809443631,62.92181809443631,196769468.8763175
2026-06-08 03:00:00+00:00,63.03248838124105,63.03248838124105,63.03248838124105,63.03248838124105,195403905.3922091
2026-06-08 04:00:00+00:00,63.013323991449845,63.013323991449845,63.013323991449845,63.013323991449845,193287316.47752702
2026-06-08 05:00:00+00:00,62.40306139135157,62.40306139135157,62.40306139135157,62.40306139135157,189824851.8075882
2026-06-08 06:00:00+00:00,62.203805700554184,62.203805700554184,62.203805700554184,62.203805700554184,188257999.3410268
2026-06-08 07:00:00+00:00,62.563185016952325,62.563185016952325,62.563185016952325,62.563185016952325,186220329.40397662
2026-06-08 08:00:00+00:00,62.68790696692096,62.68790696692096,62.68790696692096,62.68790696692096,180483457.97977033
2026-06-08 09:00:00+00:00,62.50868659392567,62.50868659392567,62.50868659392567,62.50868659392567,181665297.66123304
2026-06-08 10:00:00+00:00,63.36737847939301,63.36737847939301,63.36737847939301,63.36737847939301,182240402.1081365
2026-06-08 11:00:00+00:00,63.24638068825948,63.24638068825948,63.24638068825948,63.24638068825948,181200010.9135779
2026-06-08 12:00:00+00:00,64.26612110340184,64.26612110340184,64.26612110340184,64.26612110340184,181236494.39591852
2026-06-08 13:00:00+00:00,64.5301761881662,64.5301761881662,64.5301761881662,64.5301761881662,183543008.95801494
2026-06-08 14:00:00+00:00,64.16580758927927,64.16580758927927,64.16580758927927,64.16580758927927,186419361.16571465
2026-06-08 15:00:00+00:00,64.58336079933832,64.58336079933832,64.58336079933832,64.58336079933832,187151922.584512
2026-06-08 16:00:00+00:00,64.14160126521513,64.14160126521513,64.14160126521513,64.14160126521513,187824343.23435643
2026-06-08 17:00:00+00:00,64.03772607775066,64.03772607775066,64.03772607775066,64.03772607775066,187659130.2109802
2026-06-08 18:00:00+00:00,64.51099330448649,64.51099330448649,64.51099330448649,64.51099330448649,187022731.84445602
2026-06-08 19:00:00+00:00,64.1856730622243,64.1856730622243,64.1856730622243,64.1856730622243,182872602.03411916
2026-06-08 20:00:00+00:00,64.09039267737624,64.09039267737624,64.09039267737624,64.09039267737624,170381552.18700734
2026-06-08 21:00:00+00:00,64.21807875918697,64.21807875918697,64.21807875918697,64.21807875918697,166015623.94965476
2026-06-08 22:00:00+00:00,64.44591746274777,64.44591746274777,64.44591746274777,64.44591746274777,166399339.6971408
2026-06-08 23:00:00+00:00,64.01650636086596,64.01650636086596,64.01650636086596,64.01650636086596,146868040.0272113
2026-06-09 00:00:00+00:00,63.43180570405525,63.43180570405525,63.43180570405525,63.43180570405525,136996414.1886312
2026-06-09 01:00:00+00:00,62.11822072737938,62.11822072737938,62.11822072737938,62.11822072737938,135645313.60037503
2026-06-09 02:00:00+00:00,62.31413377179104,62.31413377179104,62.31413377179104,62.31413377179104,132054243.43957196
2026-06-09 03:00:00+00:00,62.09347324257415,62.09347324257415,62.09347324257415,62.09347324257415,132739310.41541402
2026-06-09 04:00:00+00:00,62.052823760050074,62.052823760050074,62.052823760050074,62.052823760050074,132667851.03113185
2026-06-09 05:00:00+00:00,62.61933953784363,62.61933953784363,62.61933953784363,62.61933953784363,138943127.19550657
2026-06-09 06:00:00+00:00,62.88675892912163,62.88675892912163,62.88675892912163,62.88675892912163,137669276.0984715
2026-06-09 07:00:00+00:00,62.810304454270835,62.810304454270835,62.810304454270835,62.810304454270835,136930094.94445434
2026-06-09 08:00:00+00:00,62.94327672495687,62.94327672495687,62.94327672495687,62.94327672495687,136385942.6588374
2026-06-09 09:00:00+00:00,62.71496240159421,62.71496240159421,62.71496240159421,62.71496240159421,134777916.98926282
2026-06-09 10:00:00+00:00,62.38466168280233,62.38466168280233,62.38466168280233,62.38466168280233,128631660.98372698
2026-06-09 11:00:00+00:00,62.243436255334835,62.243436255334835,62.243436255334835,62.243436255334835,132992332.42687869
2026-06-09 12:00:00+00:00,62.35828713225678,62.35828713225678,62.35828713225678,62.35828713225678,135977957.25852183
2026-06-09 13:00:00+00:00,62.36790851632422,62.36790851632422,62.36790851632422,62.36790851632422,132150622.34487668
2026-06-09 14:00:00+00:00,62.32004809719141,62.32004809719141,62.32004809719141,62.32004809719141,131248680.90303451
2026-06-09 15:00:00+00:00,60.894983608442374,60.894983608442374,60.894983608442374,60.894983608442374,131806538.04484782
2026-06-09 16:00:00+00:00,60.220875177308095,60.220875177308095,60.220875177308095,60.220875177308095,130406078.94647111
2026-06-09 17:00:00+00:00,60.2889790666634,60.2889790666634,60.2889790666634,60.2889790666634,135332311.67683253
2026-06-09 18:00:00+00:00,61.31144248680764,61.31144248680764,61.31144248680764,61.31144248680764,139671576.4823038
2026-06-09 19:00:00+00:00,61.652184266136494,61.652184266136494,61.652184266136494,61.652184266136494,141156737.36363536
2026-06-09 20:00:00+00:00,61.89390033846185,61.89390033846185,61.89390033846185,61.89390033846185,137766723.54481223
2026-06-09 21:00:00+00:00,62.343684846725786,62.343684846725786,62.343684846725786,62.343684846725786,138283018.23404106
2026-06-09 22:00:00+00:00,62.1777312409591,62.1777312409591,62.1777312409591,62.1777312409591,137884625.36174718
2026-06-09 23:00:00+00:00,62.03096704150509,62.03096704150509,62.03096704150509,62.03096704150509,142440499.46183026
2026-06-10 00:00:00+00:00,62.06274647838877,62.06274647838877,62.06274647838877,62.06274647838877,142151376.71507078
2026-06-10 01:00:00+00:00,62.22904216810971,62.22904216810971,62.22904216810971,62.22904216810971,139611254.7112021
2026-06-10 02:00:00+00:00,62.05945455669524,62.05945455669524,62.05945455669524,62.05945455669524,139324263.53650728
2026-06-10 03:00:00+00:00,61.56704746194055,61.56704746194055,61.56704746194055,61.56704746194055,136762303.97056794
2026-06-10 04:00:00+00:00,61.61311524182295,61.61311524182295,61.61311524182295,61.61311524182295,137749849.46184057
2026-06-10 05:00:00+00:00,61.26044407369119,61.26044407369119,61.26044407369119,61.26044407369119,130635085.17649281
2026-06-10 06:00:00+00:00,61.15353581622238,61.15353581622238,61.15353581622238,61.15353581622238,131437880.3598147
2026-06-10 07:00:00+00:00,61.44505767828517,61.44505767828517,61.44505767828517,61.44505767828517,132090645.93703756
2026-06-10 08:00:00+00:00,62.0004953712867,62.0004953712867,62.0004953712867,62.0004953712867,133148480.58316894
2026-06-10 09:00:00+00:00,61.022948180654666,61.022948180654666,61.022948180654666,61.022948180654666,131435332.45771916
2026-06-10 10:00:00+00:00,61.19052663661909,61.19052663661909,61.19052663661909,61.19052663661909,134890290.69968623
2026-06-10 11:00:00+00:00,61.263703616841426,61.263703616841426,61.263703616841426,61.263703616841426,130824922.61503942
2026-06-10 12:00:00+00:00,60.58569012776794,60.58569012776794,60.58569012776794,60.58569012776794,138944307.23158464
2026-06-10 13:00:00+00:00,61.7332120658537,61.7332120658537,61.7332120658537,61.7332120658537,148993315.6046017
2026-06-10 14:00:00+00:00,62.45682367352111,62.45682367352111,62.45682367352111,62.45682367352111,155873607.74891979
2026-06-10 15:00:00+00:00,62.75104478495795,62.75104478495795,62.75104478495795,62.75104478495795,158862091.01220205
2026-06-10 16:00:00+00:00,63.40377289285622,63.40377289285622,63.40377289285622,63.40377289285622,165410327.30283567
2026-06-10 17:00:00+00:00,62.68669729011547,62.68669729011547,62.68669729011547,62.68669729011547,160839426.37661505
2026-06-10 18:00:00+00:00,62.341982450125904,62.341982450125904,62.341982450125904,62.341982450125904,161141716.5056257
2026-06-10 19:00:00+00:00,62.11341243541809,62.11341243541809,62.11341243541809,62.11341243541809,162933645.00842515
2026-06-10 20:00:00+00:00,61.69618329206219,61.69618329206219,61.69618329206219,61.69618329206219,163830193.10150814
2026-06-10 21:00:00+00:00,61.330920194313194,61.330920194313194,61.330920194313194,61.330920194313194,164302555.99745938
2026-06-10 22:00:00+00:00,60.37031576757425,60.37031576757425,60.37031576757425,60.37031576757425,164019450.70949483
2026-06-10 23:00:00+00:00,60.69756156617186,60.69756156617186,60.69756156617186,60.69756156617186,169247112.1256351
2026-06-11 00:00:00+00:00,61.246573924617344,61.246573924617344,61.246573924617344,61.246573924617344,171113589.3613895
2026-06-11 01:00:00+00:00,61.83106538558604,61.83106538558604,61.83106538558604,61.83106538558604,174858912.17297322
2026-06-11 02:00:00+00:00,62.56247954142625,62.56247954142625,62.56247954142625,62.56247954142625,176933289.9681193
2026-06-11 03:00:00+00:00,62.58693401559998,62.58693401559998,62.58693401559998,62.58693401559998,178489707.15261623
2026-06-11 04:00:00+00:00,63.770555001256625,63.770555001256625,63.770555001256625,63.770555001256625,185528004.29256064
2026-06-11 05:00:00+00:00,63.25191853445691,63.25191853445691,63.25191853445691,63.25191853445691,184178528.8391624
2026-06-11 06:00:00+00:00,63.0871531959152,63.0871531959152,63.0871531959152,63.0871531959152,182670519.22057256
2026-06-11 07:00:00+00:00,63.254590695787776,63.254590695787776,63.254590695787776,63.254590695787776,183763831.65630326
2026-06-11 08:00:00+00:00,63.38219494761214,63.38219494761214,63.38219494761214,63.38219494761214,183812710.30206513
2026-06-11 09:00:00+00:00,63.89162941324084,63.89162941324084,63.89162941324084,63.89162941324084,184606532.66170076
2026-06-11 10:00:00+00:00,63.274420688207826,63.274420688207826,63.274420688207826,63.274420688207826,183727561.39396065
2026-06-11 11:00:00+00:00,63.14572615141263,63.14572615141263,63.14572615141263,63.14572615141263,184728985.38129324
2026-06-11 12:00:00+00:00,63.143887341502506,63.143887341502506,63.143887341502506,63.143887341502506,176000300.56411812
2026-06-11 13:00:00+00:00,62.822377177935024,62.822377177935024,62.822377177935024,62.822377177935024,169572330.66743383
2026-06-11 14:00:00+00:00,63.140855691014686,63.140855691014686,63.140855691014686,63.140855691014686,166666330.00342372
2026-06-11 15:00:00+00:00,63.0365068156446,63.0365068156446,63.0365068156446,63.0365068156446,160649486.73689404
2026-06-11 16:00:00+00:00,63.59695538638418,63.59695538638418,63.59695538638418,63.59695538638418,156297689.63378587
2026-06-11 17:00:00+00:00,63.0900263212479,63.0900263212479,63.0900263212479,63.0900263212479,149981701.93171403
2026-06-11 18:00:00+00:00,64.56833431407678,64.56833431407678,64.56833431407678,64.56833431407678,163959499.81986418
2026-06-11 19:00:00+00:00,64.57947448464407,64.57947448464407,64.57947448464407,64.57947448464407,163005644.9306377
2026-06-11 20:00:00+00:00,64.59337685624666,64.59337685624666,64.59337685624666,64.59337685624666,162679115.88590515
2026-06-11 21:00:00+00:00,64.22146944635311,64.22146944635311,64.22146944635311,64.22146944635311,160773740.47801924
2026-06-11 22:00:00+00:00,64.4389521801128,64.4389521801128,64.4389521801128,64.4389521801128,157674681.43949622
2026-06-11 23:00:00+00:00,64.33613170993542,64.33613170993542,64.33613170993542,64.33613170993542,155443222.14265874
2026-06-12 00:00:00+00:00,64.25160026808855,64.25160026808855,64.25160026808855,64.25160026808855,152485761.76642147
2026-06-12 01:00:00+00:00,64.15600614659152,64.15600614659152,64.15600614659152,64.15600614659152,149991735.97635993
2026-06-12 02:00:00+00:00,64.2401417395705,64.2401417395705,64.2401417395705,64.2401417395705,146371548.69149837
2026-06-12 03:00:00+00:00,64.39338234119712,64.39338234119712,64.39338234119712,64.39338234119712,143759887.80172777
2026-06-12 04:00:00+00:00,64.50126531963443,64.50126531963443,64.50126531963443,64.50126531963443,139407225.67582116
2026-06-12 05:00:00+00:00,64.45242970031651,64.45242970031651,64.45242970031651,64.45242970031651,137821741.70269668
2026-06-12 06:00:00+00:00,63.814429413789895,63.814429413789895,63.814429413789895,63.814429413789895,136990030.59626165
2026-06-12 07:00:00+00:00,63.23171574789993,63.23171574789993,63.23171574789993,63.23171574789993,135256180.37226123
2026-06-12 08:00:00+00:00,63.6642776063684,63.6642776063684,63.6642776063684,63.6642776063684,136587110.4591078
2026-06-12 09:00:00+00:00,64.30579094543212,64.30579094543212,64.30579094543212,64.30579094543212,137866714.01562554
2026-06-12 10:00:00+00:00,65.03474646126551,65.03474646126551,65.03474646126551,65.03474646126551,137393600.05005226
2026-06-12 11:00:00+00:00,64.5975321021431,64.5975321021431,64.5975321021431,64.5975321021431,136171319.47663456
2026-06-12 12:00:00+00:00,64.643899738127,64.643899738127,64.643899738127,64.643899738127,134613163.561729
2026-06-12 13:00:00+00:00,64.59572643343614,64.59572643343614,64.59572643343614,64.59572643343614,130165523.32382955
2026-06-12 14:00:00+00:00,63.88269556060422,63.88269556060422,63.88269556060422,63.88269556060422,130083847.71215694
2026-06-12 15:00:00+00:00,65.19924087610971,65.19924087610971,65.19924087610971,65.19924087610971,131707565.21749008
2026-06-12 16:00:00+00:00,64.08193625271112,64.08193625271112,64.08193625271112,64.08193625271112,131284523.08085874
2026-06-12 17:00:00+00:00,64.757880903838,64.757880903838,64.757880903838,64.757880903838,131109607.38047177
2026-06-12 18:00:00+00:00,64.82154292956736,64.82154292956736,64.82154292956736,64.82154292956736,115836187.30503686
2026-06-12 19:00:00+00:00,64.69994034173654,64.69994034173654,64.69994034173654,64.69994034173654,115053198.55362464
2026-06-12 20:00:00+00:00,64.8126810568712,64.8126810568712,64.8126810568712,64.8126810568712,113370742.31991544
2026-06-12 21:00:00+00:00,64.6989823263852,64.6989823263852,64.6989823263852,64.6989823263852,111367415.77894802
2026-06-12 22:00:00+00:00,64.36300032586202,64.36300032586202,64.36300032586202,64.36300032586202,111204858.72108738
2026-06-12 23:00:00+00:00,64.29484741974713,64.29484741974713,64.29484741974713,64.29484741974713,110938086.06994912
2026-06-13 00:00:00+00:00,64.18445065736434,64.18445065736434,64.18445065736434,64.18445065736434,108936503.12207015
2026-06-13 01:00:00+00:00,64.33003253011441,64.33003253011441,64.33003253011441,64.33003253011441,108850226.9132669
2026-06-13 02:00:00+00:00,64.84875809038473,64.84875809038473,64.84875809038473,64.84875809038473,109647264.0400004
2026-06-13 03:00:00+00:00,65.256727507131,65.256727507131,65.256727507131,65.256727507131,113773088.42763035
2026-06-13 04:00:00+00:00,65.28208876899919,65.28208876899919,65.28208876899919,65.28208876899919,114040874.71467502
2026-06-13 05:00:00+00:00,64.99935848957516,64.99935848957516,64.99935848957516,64.99935848957516,111995702.49463071
2026-06-13 06:00:00+00:00,65.19417962999094,65.19417962999094,65.19417962999094,65.19417962999094,112578899.32519002
2026-06-13 07:00:00+00:00,65.82469078133643,65.82469078133643,65.82469078133643,65.82469078133643,113015007.29945472
2026-06-13 08:00:00+00:00,66.20939511984629,66.20939511984629,66.20939511984629,66.20939511984629,115055417.23384887
2026-06-13 09:00:00+00:00,66.30885929321542,66.30885929321542,66.30885929321542,66.30885929321542,113265923.01566349
2026-06-13 10:00:00+00:00,66.44555978525561,66.44555978525561,66.44555978525561,66.44555978525561,112620276.52313234
2026-06-13 11:00:00+00:00,66.72874094422195,66.72874094422195,66.72874094422195,66.72874094422195,113877433.21696682
2026-06-13 12:00:00+00:00,66.8407469843467,66.8407469843467,66.8407469843467,66.8407469843467,115776205.42123309
2026-06-13 13:00:00+00:00,66.91457910076542,66.91457910076542,66.91457910076542,66.91457910076542,116226746.67438842
2026-06-13 14:00:00+00:00,66.86294791586519,66.86294791586519,66.86294791586519,66.86294791586519,113024887.30449946
2026-06-13 15:00:00+00:00,67.1119277868709,67.1119277868709,67.1119277868709,67.1119277868709,111168858.47338568
2026-06-13 16:00:00+00:00,67.00481794296887,67.00481794296887,67.00481794296887,67.00481794296887,109104953.90772821
2026-06-13 17:00:00+00:00,66.11964892908837,66.11964892908837,66.11964892908837,66.11964892908837,108114376.62099484
2026-06-13 18:00:00+00:00,66.11356168944167,66.11356168944167,66.11356168944167,66.11356168944167,107288157.22723056
2026-06-13 19:00:00+00:00,66.341419281035,66.341419281035,66.341419281035,66.341419281035,106579278.51937965
2026-06-13 20:00:00+00:00,66.42021226460447,66.42021226460447,66.42021226460447,66.42021226460447,103933376.87893277
2026-06-13 21:00:00+00:00,66.38509923880017,66.38509923880017,66.38509923880017,66.38509923880017,104916274.79157849
2026-06-13 22:00:00+00:00,67.18427917838542,67.18427917838542,67.18427917838542,67.18427917838542,107482502.97697891
2026-06-13 23:00:00+00:00,66.97598342254233,66.97598342254233,66.97598342254233,66.97598342254233,106109433.2598002
2026-06-14 00:00:00+00:00,67.06858780570695,67.06858780570695,67.06858780570695,67.06858780570695,107968750.8396167
2026-06-14 01:00:00+00:00,67.43066864132261,67.43066864132261,67.43066864132261,67.43066864132261,110859982.44962749
2026-06-14 02:00:00+00:00,67.30985136730922,67.30985136730922,67.30985136730922,67.30985136730922,111356172.1377073
2026-06-14 03:00:00+00:00,67.43083929794906,67.43083929794906,67.43083929794906,67.43083929794906,109802109.28927206
2026-06-14 04:00:00+00:00,67.12701143735183,67.12701143735183,67.12701143735183,67.12701143735183,108908659.18443891
2026-06-14 05:00:00+00:00,66.74780082490898,66.74780082490898,66.74780082490898,66.74780082490898,108934186.95730735
2026-06-14 06:00:00+00:00,66.40909040335052,66.40909040335052,66.40909040335052,66.40909040335052,109282210.66375504
2026-06-14 07:00:00+00:00,66.11760533385578,66.11760533385578,66.11760533385578,66.11760533385578,107618195.51301901
2026-06-14 08:00:00+00:00,66.07271661912782,66.07271661912782,66.07271661912782,66.07271661912782,104796785.25830604
2026-06-14 09:00:00+00:00,66.15655244227183,66.15655244227183,66.15655244227183,66.15655244227183,103730424.04655114
2026-06-14 10:00:00+00:00,66.39568940967709,66.39568940967709,66.39568940967709,66.39568940967709,103131290.06183703
2026-06-14 11:00:00+00:00,66.0496352186985,66.0496352186985,66.0496352186985,66.0496352186985,99888493.38576922
2026-06-14 12:00:00+00:00,65.9991751163584,65.9991751163584,65.9991751163584,65.9991751163584,97336504.46347791
2026-06-14 13:00:00+00:00,65.63943844110166,65.63943844110166,65.63943844110166,65.63943844110166,96883786.74097474
2026-06-14 14:00:00+00:00,66.0011304975559,66.0011304975559,66.0011304975559,66.0011304975559,96304913.18181455
2026-06-14 15:00:00+00:00,65.54524724039612,65.54524724039612,65.54524724039612,65.54524724039612,95924845.0242369
2026-06-14 16:00:00+00:00,65.55503633405152,65.55503633405152,65.55503633405152,65.55503633405152,93985853.3375023
2026-06-14 17:00:00+00:00,65.50115710619907,65.50115710619907,65.50115710619907,65.50115710619907,92093343.64951992
2026-06-14 18:00:00+00:00,65.29498891053075,65.29498891053075,65.29498891053075,65.29498891053075,85500224.78995691
2026-06-14 19:00:00+00:00,65.5069064421639,65.5069064421639,65.5069064421639,65.5069064421639,85084147.54715335
2026-06-14 20:00:00+00:00,65.44998969483376,65.44998969483376,65.44998969483376,65.44998969483376,84562279.89255337
2026-06-14 21:00:00+00:00,65.85923469133283,65.85923469133283,65.85923469133283,65.85923469133283,90368933.2457445
2026-06-14 22:00:00+00:00,67.66611209913478,67.66611209913478,67.66611209913478,67.66611209913478,94547529.7622686
2026-06-14 23:00:00+00:00,67.80319592965787,67.80319592965787,67.80319592965787,67.80319592965787,98490750.61378944
2026-06-15 00:00:00+00:00,68.30307486502944,68.30307486502944,68.30307486502944,68.30307486502944,101170967.98055205
2026-06-15 01:00:00+00:00,68.23925228012916,68.23925228012916,68.23925228012916,68.23925228012916,101805434.69349748
2026-06-15 02:00:00+00:00,68.3593616785164,68.3593616785164,68.3593616785164,68.3593616785164,102739353.32266293
2026-06-15 03:00:00+00:00,68.56924925952666,68.56924925952666,68.56924925952666,68.56924925952666,103378611.03444396
2026-06-15 04:00:00+00:00,68.93741535919575,68.93741535919575,68.93741535919575,68.93741535919575,107206274.91481957
2026-06-15 05:00:00+00:00,68.86060627221214,68.86060627221214,68.86060627221214,68.86060627221214,108023648.13120542
2026-06-15 06:00:00+00:00,69.20095906788345,69.20095906788345,69.20095906788345,69.20095906788345,107423361.96556222
2026-06-15 07:00:00+00:00,69.84809691389815,69.84809691389815,69.84809691389815,69.84809691389815,111546461.41826499
2026-06-15 08:00:00+00:00,70.08564369578889,70.08564369578889,70.08564369578889,70.08564369578889,120601686.80738704
2026-06-15 09:00:00+00:00,72.25952090428368,72.25952090428368,72.25952090428368,72.25952090428368,139673919.20010197
2026-06-15 10:00:00+00:00,73.24841914439872,73.24841914439872,73.24841914439872,73.24841914439872,153485717.42498818
2026-06-15 11:00:00+00:00,74.01119999627007,74.01119999627007,74.01119999627007,74.01119999627007,169000492.16899967
2026-06-15 12:00:00+00:00,74.10267994459471,74.10267994459471,74.10267994459471,74.10267994459471,179278707.36180526
2026-06-15 13:00:00+00:00,73.88903884571168,73.88903884571168,73.88903884571168,73.88903884571168,175433031.34851268
2026-06-15 14:00:00+00:00,75.0947663904812,75.0947663904812,75.0947663904812,75.0947663904812,198654946.9188567
2026-06-15 15:00:00+00:00,75.83214425026557,75.83214425026557,75.83214425026557,75.83214425026557,207496358.00214055
2026-06-15 16:00:00+00:00,77.48262488380219,77.48262488380219,77.48262488380219,77.48262488380219,216849600.08334443
2026-06-15 17:00:00+00:00,76.44047617852696,76.44047617852696,76.44047617852696,76.44047617852696,225609171.19162476
2026-06-15 18:00:00+00:00,75.83728912653916,75.83728912653916,75.83728912653916,75.83728912653916,227272391.6584622
2026-06-15 19:00:00+00:00,75.33793157389118,75.33793157389118,75.33793157389118,75.33793157389118,228647074.7948641
2026-06-15 20:00:00+00:00,74.38849872652094,74.38849872652094,74.38849872652094,74.38849872652094,229433135.7361577
2026-06-15 21:00:00+00:00,74.19021103614467,74.19021103614467,74.19021103614467,74.19021103614467,230421333.626146
2026-06-15 22:00:00+00:00,73.9216450153068,73.9216450153068,73.9216450153068,73.9216450153068,226063977.85037896
2026-06-15 23:00:00+00:00,73.4082759338363,73.4082759338363,73.4082759338363,73.4082759338363,229713459.08475783
2026-06-16 00:00:00+00:00,73.72706985393312,73.72706985393312,73.72706985393312,73.72706985393312,230665446.84415895
2026-06-16 01:00:00+00:00,73.98927475887747,73.98927475887747,73.98927475887747,73.98927475887747,232054347.28279898
2026-06-16 02:00:00+00:00,73.34317589710062,73.34317589710062,73.34317589710062,73.34317589710062,229216828.86842322
2026-06-16 03:00:00+00:00,72.6073890876586,72.6073890876586,72.6073890876586,72.6073890876586,232282518.39255738
2026-06-16 04:00:00+00:00,73.62257943127925,73.62257943127925,73.62257943127925,73.62257943127925,239028815.81343177
2026-06-16 05:00:00+00:00,73.66442756781585,73.66442756781585,73.66442756781585,73.66442756781585,235471153.73271683
2026-06-16 06:00:00+00:00,74.2435022284856,74.2435022284856,74.2435022284856,74.2435022284856,239874176.84265915
2026-06-16 07:00:00+00:00,74.92107936766322,74.92107936766322,74.92107936766322,74.92107936766322,243128839.19890064
2026-06-16 08:00:00+00:00,75.72013848954379,75.72013848954379,75.72013848954379,75.72013848954379,238064805.3535743
2026-06-16 09:00:00+00:00,75.42553107861495,75.42553107861495,75.42553107861495,75.42553107861495,231617471.1944834
2026-06-16 10:00:00+00:00,74.85349215637407,74.85349215637407,74.85349215637407,74.85349215637407,220383139.59257916
2026-06-16 11:00:00+00:00,75.21995487300921,75.21995487300921,75.21995487300921,75.21995487300921,211174899.87501803
2026-06-16 12:00:00+00:00,75.36189271861839,75.36189271861839,75.36189271861839,75.36189271861839,203662799.3674507
2026-06-16 13:00:00+00:00,75.68338256385724,75.68338256385724,75.68338256385724,75.68338256385724,200386075.99227643
2026-06-16 14:00:00+00:00,74.59942365104443,74.59942365104443,74.59942365104443,74.59942365104443,188204981.57061762
2026-06-16 15:00:00+00:00,73.17848244185554,73.17848244185554,73.17848244185554,73.17848244185554,184332487.9791679
2026-06-16 16:00:00+00:00,74.28246898780206,74.28246898780206,74.28246898780206,74.28246898780206,184623081.01815054
2026-06-16 17:00:00+00:00,74.11310326947165,74.11310326947165,74.11310326947165,74.11310326947165,178341219.21356386
2026-06-16 18:00:00+00:00,75.44963841541107,75.44963841541107,75.44963841541107,75.44963841541107,177786970.1800919
2026-06-16 19:00:00+00:00,76.06876639591731,76.06876639591731,76.06876639591731,76.06876639591731,185415033.18799648
2026-06-16 20:00:00+00:00,75.9260511636029,75.9260511636029,75.9260511636029,75.9260511636029,183813621.46118572
2026-06-16 21:00:00+00:00,76.36587391660962,76.36587391660962,76.36587391660962,76.36587391660962,185808066.13909796
2026-06-16 22:00:00+00:00,76.64682292117732,76.64682292117732,76.64682292117732,76.64682292117732,184179111.57421952
2026-06-16 23:00:00+00:00,76.44777938585695,76.44777938585695,76.44777938585695,76.44777938585695,174524747.18823877
2026-06-17 00:00:00+00:00,75.84652935865482,75.84652935865482,75.84652935865482,75.84652935865482,174130177.38857844
2026-06-17 01:00:00+00:00,76.48653666956129,76.48653666956129,76.48653666956129,76.48653666956129,174538707.84429356
2026-06-17 02:00:00+00:00,77.33758141997582,77.33758141997582,77.33758141997582,77.33758141997582,180055024.46243796
2026-06-17 03:00:00+00:00,76.91789049288258,76.91789049288258,76.91789049288258,76.91789049288258,178242018.4659352
2026-06-17 04:00:00+00:00,76.29972974464106,76.29972974464106,76.29972974464106,76.29972974464106,180719488.61239433
2026-06-17 05:00:00+00:00,76.21462850760697,76.21462850760697,76.21462850760697,76.21462850760697,179339982.26660004
2026-06-17 06:00:00+00:00,76.24536936931143,76.24536936931143,76.24536936931143,76.24536936931143,181183005.8690721
2026-06-17 07:00:00+00:00,76.10638588134371,76.10638588134371,76.10638588134371,76.10638588134371,181185643.26340842
2026-06-17 08:00:00+00:00,76.37905763999852,76.37905763999852,76.37905763999852,76.37905763999852,182276286.56304535
2026-06-17 09:00:00+00:00,75.66449848315608,75.66449848315608,75.66449848315608,75.66449848315608,180806234.28149912
2026-06-17 10:00:00+00:00,75.722912090141,75.722912090141,75.722912090141,75.722912090141,181369740.01411566
2026-06-17 11:00:00+00:00,74.99566140440031,74.99566140440031,74.99566140440031,74.99566140440031,178990442.55532995
2026-06-17 12:00:00+00:00,74.50786058909316,74.50786058909316,74.50786058909316,74.50786058909316,186122127.723911
2026-06-17 13:00:00+00:00,75.37186025339352,75.37186025339352,75.37186025339352,75.37186025339352,188638472.25216275
2026-06-17 14:00:00+00:00,74.96202082495978,74.96202082495978,74.96202082495978,74.96202082495978,188969484.4397439
2026-06-17 15:00:00+00:00,74.9412042936072,74.9412042936072,74.9412042936072,74.9412042936072,183442015.23200783
2026-06-17 16:00:00+00:00,76.39497271505533,76.39497271505533,76.39497271505533,76.39497271505533,178775211.47808343
2026-06-17 17:00:00+00:00,76.59556337603532,76.59556337603532,76.59556337603532,76.59556337603532,188711730.84331194
2026-06-17 18:00:00+00:00,76.87891514295309,76.87891514295309,76.87891514295309,76.87891514295309,189077373.54498765
2026-06-17 19:00:00+00:00,75.94943663777468,75.94943663777468,75.94943663777468,75.94943663777468,206182700.85582286
2026-06-17 20:00:00+00:00,73.65040068319274,73.65040068319274,73.65040068319274,73.65040068319274,206497151.73044002
2026-06-17 21:00:00+00:00,74.10380496751053,74.10380496751053,74.10380496751053,74.10380496751053,211466068.011442
2026-06-17 22:00:00+00:00,73.4069587694949,73.4069587694949,73.4069587694949,73.4069587694949,210396013.23687035
2026-06-17 23:00:00+00:00,73.51142650728016,73.51142650728016,73.51142650728016,73.51142650728016,210244709.91892534
2026-06-18 00:00:00+00:00,73.82996560800957,73.82996560800957,73.82996560800957,73.82996560800957,210350593.1146849
2026-06-18 01:00:00+00:00,73.85796436013106,73.85796436013106,73.85796436013106,73.85796436013106,207520614.33433515
2026-06-18 02:00:00+00:00,74.29516105453395,74.29516105453395,74.29516105453395,74.29516105453395,205871985.20968708
2026-06-18 03:00:00+00:00,75.75077995009745,75.75077995009745,75.75077995009745,75.75077995009745,209183830.15653378
2026-06-18 04:00:00+00:00,73.87226701644535,73.87226701644535,73.87226701644535,73.87226701644535,202535464.70515433
2026-06-18 05:00:00+00:00,73.58598453219767,73.58598453219767,73.58598453219767,73.58598453219767,201841591.37523797
2026-06-18 06:00:00+00:00,73.3405913922226,73.3405913922226,73.3405913922226,73.3405913922226,201618777.56956023
2026-06-18 07:00:00+00:00,73.64004553180173,73.64004553180173,73.64004553180173,73.64004553180173,199962403.84576684
2026-06-18 08:00:00+00:00,74.27394139821207,74.27394139821207,74.27394139821207,74.27394139821207,198715690.99495727
2026-06-18 09:00:00+00:00,74.32065165375471,74.32065165375471,74.32065165375471,74.32065165375471,194406331.33045626
2026-06-18 10:00:00+00:00,74.54859103865263,74.54859103865263,74.54859103865263,74.54859103865263,191371771.96764117
2026-06-18 11:00:00+00:00,73.94204236615101,73.94204236615101,73.94204236615101,73.94204236615101,186270724.5151802
2026-06-18 12:00:00+00:00,73.43442989153263,73.43442989153263,73.43442989153263,73.43442989153263,180630281.24488693
2026-06-18 13:00:00+00:00,73.93219174403576,73.93219174403576,73.93219174403576,73.93219174403576,175004808.0112487
2026-06-18 14:00:00+00:00,73.0923603370833,73.0923603370833,73.0923603370833,73.0923603370833,173564053.83053648
2026-06-18 15:00:00+00:00,73.88520507133194,73.88520507133194,73.88520507133194,73.88520507133194,176012483.64984354
2026-06-18 16:00:00+00:00,70.90731232798332,70.90731232798332,70.90731232798332,70.90731232798332,173613629.13926712
2026-06-18 17:00:00+00:00,71.9345801294061,71.9345801294061,71.9345801294061,71.9345801294061,177527471.2655527
2026-06-18 18:00:00+00:00,71.68416665491684,71.68416665491684,71.68416665491684,71.68416665491684,178181628.69177398
2026-06-18 19:00:00+00:00,71.87105358722597,71.87105358722597,71.87105358722597,71.87105358722597,155847310.16597757
2026-06-18 20:00:00+00:00,73.47529447896265,73.47529447896265,73.47529447896265,73.47529447896265,149405139.68019333
2026-06-18 21:00:00+00:00,74.12438635402988,74.12438635402988,74.12438635402988,74.12438635402988,153602482.51725155
2026-06-18 22:00:00+00:00,73.89703984409095,73.89703984409095,73.89703984409095,73.89703984409095,146299762.41179505
2026-06-18 23:00:00+00:00,74.1904014812365,74.1904014812365,74.1904014812365,74.1904014812365,154873726.0064158
2026-06-19 00:00:00+00:00,74.80965037865609,74.80965037865609,74.80965037865609,74.80965037865609,157800483.6923226
2026-06-19 01:00:00+00:00,75.6911066373068,75.6911066373068,75.6911066373068,75.6911066373068,154070185.28565314
2026-06-19 02:00:00+00:00,75.0321612312126,75.0321612312126,75.0321612312126,75.0321612312126,154566243.97417897
2026-06-19 03:00:00+00:00,74.27724390655999,74.27724390655999,74.27724390655999,74.27724390655999,159044322.98960826
2026-06-19 04:00:00+00:00,73.10820466346044,73.10820466346044,73.10820466346044,73.10820466346044,151557068.65562445
2026-06-19 05:00:00+00:00,72.06086851477599,72.06086851477599,72.06086851477599,72.06086851477599,148150222.9181413
2026-06-19 06:00:00+00:00,73.29603156432005,73.29603156432005,73.29603156432005,73.29603156432005,150903101.2907654
2026-06-19 07:00:00+00:00,73.19742520625171,73.19742520625171,73.19742520625171,73.19742520625171,164907991.19411752
2026-06-19 08:00:00+00:00,72.24614797769736,72.24614797769736,72.24614797769736,72.24614797769736,163667062.0703464
2026-06-19 09:00:00+00:00,72.5546634147027,72.5546634147027,72.5546634147027,72.5546634147027,163172969.66313404
2026-06-19 10:00:00+00:00,72.42289084346187,72.42289084346187,72.42289084346187,72.42289084346187,163027357.98499998
2026-06-19 11:00:00+00:00,72.4331002664521,72.4331002664521,72.4331002664521,72.4331002664521,163677570.28130054
2026-06-19 12:00:00+00:00,72.29323750789491,72.29323750789491,72.29323750789491,72.29323750789491,162920729.9791179
2026-06-19 13:00:00+00:00,72.94664540961641,72.94664540961641,72.94664540961641,72.94664540961641,163131333.37453997
2026-06-19 14:00:00+00:00,73.71468091172305,73.71468091172305,73.71468091172305,73.71468091172305,164361098.61568272
2026-06-19 15:00:00+00:00,73.23735349002496,73.23735349002496,73.23735349002496,73.23735349002496,160375497.64382255
2026-06-19 16:00:00+00:00,73.21934112431087,73.21934112431087,73.21934112431087,73.21934112431087,153321882.8220907
2026-06-19 17:00:00+00:00,72.56602369748691,72.56602369748691,72.56602369748691,72.56602369748691,145518505.89514413
2026-06-19 18:00:00+00:00,73.01904609652247,73.01904609652247,73.01904609652247,73.01904609652247,145989000.25873774
2026-06-19 19:00:00+00:00,72.48297526531238,72.48297526531238,72.48297526531238,72.48297526531238,146061003.31098303
2026-06-19 20:00:00+00:00,72.14550430408201,72.14550430408201,72.14550430408201,72.14550430408201,144242227.7002869
2026-06-19 21:00:00+00:00,72.66155960023865,72.66155960023865,72.66155960023865,72.66155960023865,140132325.57086062
2026-06-19 22:00:00+00:00,72.33572664502636,72.33572664502636,72.33572664502636,72.33572664502636,136049517.2588872
2026-06-19 23:00:00+00:00,72.79322432525178,72.79322432525178,72.79322432525178,72.79322432525178,135663182.88569477
2026-06-20 00:00:00+00:00,73.56787618235208,73.56787618235208,73.56787618235208,73.56787618235208,134470398.44852096
2026-06-20 01:00:00+00:00,74.01833242118941,74.01833242118941,74.01833242118941,74.01833242118941,131473320.06628262
2026-06-20 02:00:00+00:00,73.94772354177472,73.94772354177472,73.94772354177472,73.94772354177472,130101474.55812995
2026-06-20 03:00:00+00:00,73.1610113902303,73.1610113902303,73.1610113902303,73.1610113902303,128491587.77937354
2026-06-20 04:00:00+00:00,73.39225106579202,73.39225106579202,73.39225106579202,73.39225106579202,124168762.4313871
2026-06-20 05:00:00+00:00,74.07345771924867,74.07345771924867,74.07345771924867,74.07345771924867,123495237.69431207
2026-06-20 06:00:00+00:00,74.8130696995168,74.8130696995168,74.8130696995168,74.8130696995168,123279592.3486175
2026-06-20 07:00:00+00:00,74.56164278998455,74.56164278998455,74.56164278998455,74.56164278998455,110605693.06497799
2026-06-20 08:00:00+00:00,74.25680134117688,74.25680134117688,74.25680134117688,74.25680134117688,108796741.62456731
2026-06-20 09:00:00+00:00,74.14246385816811,74.14246385816811,74.14246385816811,74.14246385816811,107479533.29072121
2026-06-20 10:00:00+00:00,74.69866881289616,74.69866881289616,74.69866881289616,74.69866881289616,105740109.50222142
2026-06-20 11:00:00+00:00,75.17806970080876,75.17806970080876,75.17806970080876,75.17806970080876,105888469.4746644
2026-06-20 12:00:00+00:00,74.65417295336533,74.65417295336533,74.65417295336533,74.65417295336533,105223508.46332738
2026-06-20 13:00:00+00:00,74.48464343987712,74.48464343987712,74.48464343987712,74.48464343987712,104644432.5099268
2026-06-20 14:00:00+00:00,74.10524185171973,74.10524185171973,74.10524185171973,74.10524185171973,102729667.9439528
2026-06-20 15:00:00+00:00,75.50130483587117,75.50130483587117,75.50130483587117,75.50130483587117,104587155.31368424
2026-06-20 16:00:00+00:00,75.69049467907003,75.69049467907003,75.69049467907003,75.69049467907003,110695511.96234223
2026-06-20 17:00:00+00:00,74.76992278266766,74.76992278266766,74.76992278266766,74.76992278266766,110021206.50493127
2026-06-20 18:00:00+00:00,73.29070467582017,73.29070467582017,73.29070467582017,73.29070467582017,111348991.07180862
2026-06-20 19:00:00+00:00,73.52026516608649,73.52026516608649,73.52026516608649,73.52026516608649,111640146.0528733
2026-06-20 20:00:00+00:00,73.98837894914713,73.98837894914713,73.98837894914713,73.98837894914713,113144659.09025435
2026-06-20 21:00:00+00:00,74.85862145070607,74.85862145070607,74.85862145070607,74.85862145070607,112406618.22508043
2026-06-20 22:00:00+00:00,75.10330559540414,75.10330559540414,75.10330559540414,75.10330559540414,117665772.48451397
2026-06-20 23:00:00+00:00,76.54654266765654,76.54654266765654,76.54654266765654,76.54654266765654,124476592.47677055
2026-06-21 00:00:00+00:00,75.99412445214746,75.99412445214746,75.99412445214746,75.99412445214746,124000991.82861906
2026-06-21 01:00:00+00:00,75.81381838337073,75.81381838337073,75.81381838337073,75.81381838337073,124085371.81848416
2026-06-21 02:00:00+00:00,75.56536666379843,75.56536666379843,75.56536666379843,75.56536666379843,123515898.08692494
2026-06-21 03:00:00+00:00,75.69409489205329,75.69409489205329,75.69409489205329,75.69409489205329,123556140.69129303
2026-06-21 04:00:00+00:00,76.219482572945,76.219482572945,76.219482572945,76.219482572945,124822740.94374508
2026-06-21 05:00:00+00:00,75.76101031288968,75.76101031288968,75.76101031288968,75.76101031288968,125129412.86784054
2026-06-21 06:00:00+00:00,75.62602060027912,75.62602060027912,75.62602060027912,75.62602060027912,123369917.31597358
2026-06-21 07:00:00+00:00,75.66715915298155,75.66715915298155,75.66715915298155,75.66715915298155,120105332.72142838
2026-06-21 08:00:00+00:00,75.8216082477198,75.8216082477198,75.8216082477198,75.8216082477198,122979462.40854907
2026-06-21 09:00:00+00:00,74.73593879021593,74.73593879021593,74.73593879021593,74.73593879021593,125426155.49223201
2026-06-21 10:00:00+00:00,74.79919048561175,74.79919048561175,74.79919048561175,74.79919048561175,127681993.78746653
2026-06-21 11:00:00+00:00,74.45897439210356,74.45897439210356,74.45897439210356,74.45897439210356,128583617.14630063
2026-06-21 12:00:00+00:00,73.9497198822348,73.9497198822348,73.9497198822348,73.9497198822348,127419090.8356245
2026-06-21 13:00:00+00:00,74.5990015197685,74.5990015197685,74.5990015197685,74.5990015197685,129953197.12843469
2026-06-21 14:00:00+00:00,74.64478124286018,74.64478124286018,74.64478124286018,74.64478124286018,130215844.76135786
2026-06-21 15:00:00+00:00,74.7459235971235,74.7459235971235,74.7459235971235,74.7459235971235,126942792.66415532
2026-06-21 16:00:00+00:00,75.01009367568605,75.01009367568605,75.01009367568605,75.01009367568605,122844584.08728537
2026-06-21 17:00:00+00:00,74.41113824412774,74.41113824412774,74.41113824412774,74.41113824412774,121520184.08863702
2026-06-21 18:00:00+00:00,74.28023311504984,74.28023311504984,74.28023311504984,74.28023311504984,115821551.67293362
2026-06-21 19:00:00+00:00,74.33457185196268,74.33457185196268,74.33457185196268,74.33457185196268,115182600.77078083
2026-06-21 20:00:00+00:00,74.6336877470101,74.6336877470101,74.6336877470101,74.6336877470101,113998705.7777546
2026-06-21 21:00:00+00:00,74.23882519640097,74.23882519640097,74.23882519640097,74.23882519640097,111311849.1770506
2026-06-21 22:00:00+00:00,74.29159650609266,74.29159650609266,74.29159650609266,74.29159650609266,113729126.74769855
2026-06-21 23:00:00+00:00,73.88383523229423,73.88383523229423,73.88383523229423,73.88383523229423,110199280.26115024
2026-06-22 00:00:00+00:00,73.98030505594501,73.98030505594501,73.98030505594501,73.98030505594501,110731823.70441134
2026-06-22 01:00:00+00:00,75.8503659474198,75.8503659474198,75.8503659474198,75.8503659474198,115406820.17395452
2026-06-22 02:00:00+00:00,75.95087224281272,75.95087224281272,75.95087224281272,75.95087224281272,123362811.53831531
2026-06-22 03:00:00+00:00,75.50619388650692,75.50619388650692,75.50619388650692,75.50619388650692,123882239.79890053
2026-06-22 04:00:00+00:00,74.8359535099099,74.8359535099099,74.8359535099099,74.8359535099099,122869229.43358892
2026-06-22 05:00:00+00:00,75.73159179624939,75.73159179624939,75.73159179624939,75.73159179624939,123761640.79406378
2026-06-22 06:00:00+00:00,75.52557933231667,75.52557933231667,75.52557933231667,75.52557933231667,124152386.93191202
2026-06-22 07:00:00+00:00,75.2444890423878,75.2444890423878,75.2444890423878,75.2444890423878,124316617.33243375
2026-06-22 08:00:00+00:00,75.8036832183111,75.8036832183111,75.8036832183111,75.8036832183111,125919262.90863715
2026-06-22 09:00:00+00:00,75.53686335562942,75.53686335562942,75.53686335562942,75.53686335562942,122430870.00912173
2026-06-22 10:00:00+00:00,75.46679244567123,75.46679244567123,75.46679244567123,75.46679244567123,121321324.78887576
2026-06-22 11:00:00+00:00,75.89268056598162,75.89268056598162,75.89268056598162,75.89268056598162,120144356.8623742
2026-06-22 12:00:00+00:00,76.62687615356035,76.62687615356035,76.62687615356035,76.62687615356035,125327830.74596976
2026-06-22 13:00:00+00:00,76.80305327560998,76.80305327560998,76.80305327560998,76.80305327560998,126812719.7850235
2026-06-22 14:00:00+00:00,76.6387715564522,76.6387715564522,76.6387715564522,76.6387715564522,130078908.86189972
2026-06-22 15:00:00+00:00,74.95503196449845,74.95503196449845,74.95503196449845,74.95503196449845,133872704.16444579
2026-06-22 16:00:00+00:00,75.65397102900887,75.65397102900887,75.65397102900887,75.65397102900887,141666615.88676313
2026-06-22 17:00:00+00:00,75.43690211355073,75.43690211355073,75.43690211355073,75.43690211355073,143608416.12175447
2026-06-22 18:00:00+00:00,75.80670154038636,75.80670154038636,75.80670154038636,75.80670154038636,146219785.19226882
2026-06-22 19:00:00+00:00,75.39634951108837,75.39634951108837,75.39634951108837,75.39634951108837,142753076.87277386
2026-06-22 20:00:00+00:00,75.27292267278692,75.27292267278692,75.27292267278692,75.27292267278692,144131356.1019401
2026-06-22 21:00:00+00:00,75.28281195404426,75.28281195404426,75.28281195404426,75.28281195404426,144217666.35925332
2026-06-22 22:00:00+00:00,75.16882791750676,75.16882791750676,75.16882791750676,75.16882791750676,144429755.202188
2026-06-22 23:00:00+00:00,74.86189792718795,74.86189792718795,74.86189792718795,74.86189792718795,143121025.6507623
2026-06-23 00:00:00+00:00,74.94259165864939,74.94259165864939,74.94259165864939,74.94259165864939,140397535.69999447
2026-06-23 01:00:00+00:00,75.45807974187815,75.45807974187815,75.45807974187815,75.45807974187815,134536770.42933252
2026-06-23 02:00:00+00:00,75.3736306884034,75.3736306884034,75.3736306884034,75.3736306884034,127811231.00051542
2026-06-23 03:00:00+00:00,75.87149039291802,75.87149039291802,75.87149039291802,75.87149039291802,128059829.0132966
2026-06-23 04:00:00+00:00,75.8026450637002,75.8026450637002,75.8026450637002,75.8026450637002,128006004.15017629
2026-06-23 05:00:00+00:00,74.62404635234037,74.62404635234037,74.62404635234037,74.62404635234037,130929220.48948203
2026-06-23 06:00:00+00:00,73.78454092955111,73.78454092955111,73.78454092955111,73.78454092955111,132665155.52180158
2026-06-23 07:00:00+00:00,72.25681781766599,72.25681781766599,72.25681781766599,72.25681781766599,148701995.8200167
2026-06-23 08:00:00+00:00,72.12937552369765,72.12937552369765,72.12937552369765,72.12937552369765,150577448.8664151
2026-06-23 09:00:00+00:00,71.29905528420288,71.29905528420288,71.29905528420288,71.29905528420288,158592084.69361022
2026-06-23 10:00:00+00:00,71.66354636318337,71.66354636318337,71.66354636318337,71.66354636318337,162164552.19671345
2026-06-23 11:00:00+00:00,72.11350657673563,72.11350657673563,72.11350657673563,72.11350657673563,163891754.0475935
2026-06-23 12:00:00+00:00,72.71315045886715,72.71315045886715,72.71315045886715,72.71315045886715,166367039.87176746
2026-06-23 13:00:00+00:00,72.09574570109281,72.09574570109281,72.09574570109281,72.09574570109281,167475080.82423705
2026-06-23 14:00:00+00:00,72.32010284462449,72.32010284462449,72.32010284462449,72.32010284462449,172802281.57414192
2026-06-23 15:00:00+00:00,73.09061278604594,73.09061278604594,73.09061278604594,73.09061278604594,176222999.75826135
2026-06-23 16:00:00+00:00,71.98063616794332,71.98063616794332,71.98063616794332,71.98063616794332,172276519.18129903
2026-06-23 17:00:00+00:00,71.86106308481999,71.86106308481999,71.86106308481999,71.86106308481999,174346250.278641
2026-06-23 18:00:00+00:00,71.74914145309565,71.74914145309565,71.74914145309565,71.74914145309565,174755875.8457235
2026-06-23 19:00:00+00:00,71.84760437752155,71.84760437752155,71.84760437752155,71.84760437752155,174665644.33940297
2026-06-23 20:00:00+00:00,72.05599743520116,72.05599743520116,72.05599743520116,72.05599743520116,176141447.38610289
2026-06-23 21:00:00+00:00,72.05166993586428,72.05166993586428,72.05166993586428,72.05166993586428,176902403.54213157
2026-06-23 22:00:00+00:00,72.36313470623197,72.36313470623197,72.36313470623197,72.36313470623197,177963931.37782127
2026-06-23 23:00:00+00:00,72.57909551344812,72.57909551344812,72.57909551344812,72.57909551344812,177828447.45277652
2026-06-24 00:00:00+00:00,72.36172349709702,72.36172349709702,72.36172349709702,72.36172349709702,176128301.02713344
2026-06-24 01:00:00+00:00,72.70660139925005,72.70660139925005,72.70660139925005,72.70660139925005,179912208.72688648
2026-06-24 02:00:00+00:00,72.57138834435395,72.57138834435395,72.57138834435395,72.57138834435395,181062381.40582666
2026-06-24 03:00:00+00:00,71.71231428864094,71.71231428864094,71.71231428864094,71.71231428864094,179565954.86276677
2026-06-24 04:00:00+00:00,72.05552149636254,72.05552149636254,72.05552149636254,72.05552149636254,179446429.4099189
2026-06-24 05:00:00+00:00,71.82355686494463,71.82355686494463,71.82355686494463,71.82355686494463,177195737.45566076
2026-06-24 06:00:00+00:00,71.73743175317564,71.73743175317564,71.73743175317564,71.73743175317564,175062747.44559824
2026-06-24 07:00:00+00:00,71.78274288397355,71.78274288397355,71.78274288397355,71.78274288397355,159355481.8679229
2026-06-24 08:00:00+00:00,71.44928190642621,71.44928190642621,71.44928190642621,71.44928190642621,156721000.84729594
2026-06-24 09:00:00+00:00,71.71364185127928,71.71364185127928,71.71364185127928,71.71364185127928,146695280.00052452
2026-06-24 10:00:00+00:00,72.42371354736228,72.42371354736228,72.42371354736228,72.42371354736228,146467873.28315195
2026-06-24 11:00:00+00:00,74.43605744722183,74.43605744722183,74.43605744722183,74.43605744722183,160642280.23405054
2026-06-24 12:00:00+00:00,75.8141461988475,75.8141461988475,75.8141461988475,75.8141461988475,179573378.62959078
2026-06-24 13:00:00+00:00,76.66885575096745,76.66885575096745,76.66885575096745,76.66885575096745,202860059.21393538
2026-06-24 14:00:00+00:00,74.29403779924193,74.29403779924193,74.29403779924193,74.29403779924193,211714461.56943217
2026-06-24 15:00:00+00:00,76.51091211642022,76.51091211642022,76.51091211642022,76.51091211642022,225493799.38643855
2026-06-24 16:00:00+00:00,75.65544251960506,75.65544251960506,75.65544251960506,75.65544251960506,236502837.04129523
2026-06-24 17:00:00+00:00,74.78509449200502,74.78509449200502,74.78509449200502,74.78509449200502,248208655.17142028
2026-06-24 18:00:00+00:00,72.18643025162885,72.18643025162885,72.18643025162885,72.18643025162885,247335640.60186422
2026-06-24 19:00:00+00:00,75.37737353031127,75.37737353031127,75.37737353031127,75.37737353031127,287390008.2878875
2026-06-24 20:00:00+00:00,75.38375559972599,75.38375559972599,75.38375559972599,75.38375559972599,291418654.53609735
2026-06-24 21:00:00+00:00,77.26720444629939,77.26720444629939,77.26720444629939,77.26720444629939,314677920.3598694
2026-06-24 22:00:00+00:00,78.32078930594874,78.32078930594874,78.32078930594874,78.32078930594874,331249490.6471199
2026-06-24 23:00:00+00:00,79.01360742726453,79.01360742726453,79.01360742726453,79.01360742726453,355798491.7162703
2026-06-25 00:00:00+00:00,79.94157285992512,79.94157285992512,79.94157285992512,79.94157285992512,375665958.9421448
2026-06-25 01:00:00+00:00,78.86988504395107,78.86988504395107,78.86988504395107,78.86988504395107,372615559.57079464
2026-06-25 02:00:00+00:00,80.87177124789473,80.87177124789473,80.87177124789473,80.87177124789473,400993256.8436158
2026-06-25 03:00:00+00:00,82.608038758267,82.608038758267,82.608038758267,82.608038758267,424950933.82873386
2026-06-25 04:00:00+00:00,82.91028862423845,82.91028862423845,82.91028862423845,82.91028862423845,441708394.82597065
2026-06-25 05:00:00+00:00,83.80193679209836,83.80193679209836,83.80193679209836,83.80193679209836,453253229.9306218
2026-06-25 06:00:00+00:00,83.08187579543186,83.08187579543186,83.08187579543186,83.08187579543186,473497696.1196889
2026-06-25 07:00:00+00:00,81.44312922512859,81.44312922512859,81.44312922512859,81.44312922512859,472410606.9807824
2026-06-25 08:00:00+00:00,81.9201421997093,81.9201421997093,81.9201421997093,81.9201421997093,502224095.13191336
2026-06-25 09:00:00+00:00,81.75480442931166,81.75480442931166,81.75480442931166,81.75480442931166,508387929.27634823
2026-06-25 10:00:00+00:00,82.43392956779606,82.43392956779606,82.43392956779606,82.43392956779606,518594615.0810464
2026-06-25 11:00:00+00:00,82.35744033687148,82.35744033687148,82.35744033687148,82.35744033687148,510808055.90351295
2026-06-25 12:00:00+00:00,82.0855156250994,82.0855156250994,82.0855156250994,82.0855156250994,490532266.33718777
2026-06-25 13:00:00+00:00,83.21948927770725,83.21948927770725,83.21948927770725,83.21948927770725,470287861.0486156
2026-06-25 14:00:00+00:00,77.993260201524,77.993260201524,77.993260201524,77.993260201524,468302660.28969747
2026-06-25 15:00:00+00:00,80.82406304806555,80.82406304806555,80.82406304806555,80.82406304806555,506825159.67115515
2026-06-25 16:00:00+00:00,82.0447713746166,82.0447713746166,82.0447713746166,82.0447713746166,501209594.9289207
2026-06-25 17:00:00+00:00,80.88140569236721,80.88140569236721,80.88140569236721,80.88140569236721,489206960.244906
2026-06-25 18:00:00+00:00,83.84141695426426,83.84141695426426,83.84141695426426,83.84141695426426,545424329.5951446
2026-06-25 19:00:00+00:00,80.48940434949007,80.48940434949007,80.48940434949007,80.48940434949007,518485929.48796296
2026-06-25 20:00:00+00:00,80.66980696553172,80.66980696553172,80.66980696553172,80.66980696553172,518393633.51058024
2026-06-25 21:00:00+00:00,81.37819751074615,81.37819751074615,81.37819751074615,81.37819751074615,518062398.1185787
2026-06-25 22:00:00+00:00,82.05887936269065,82.05887936269065,82.05887936269065,82.05887936269065,515794769.80425125
2026-06-25 23:00:00+00:00,81.52409004353792,81.52409004353792,81.52409004353792,81.52409004353792,495367218.2396792
2026-06-26 00:00:00+00:00,82.33192443962999,82.33192443962999,82.33192443962999,82.33192443962999,491592400.4142457
2026-06-26 01:00:00+00:00,81.89550913128825,81.89550913128825,81.89550913128825,81.89550913128825,481453329.8312362
2026-06-26 02:00:00+00:00,82.51037280128425,82.51037280128425,82.51037280128425,82.51037280128425,475617913.27028173
2026-06-26 03:00:00+00:00,81.74078047909093,81.74078047909093,81.74078047909093,81.74078047909093,477835550.63534653
2026-06-26 04:00:00+00:00,83.38442906183924,83.38442906183924,83.38442906183924,83.38442906183924,480566651.780498
2026-06-26 05:00:00+00:00,83.3960531451997,83.3960531451997,83.3960531451997,83.3960531451997,483341706.8012508
2026-06-26 06:00:00+00:00,83.72035861812284,83.72035861812284,83.72035861812284,83.72035861812284,479553569.6883448
2026-06-26 07:00:00+00:00,86.13074760316977,86.13074760316977,86.13074760316977,86.13074760316977,472577178.6866175
2026-06-26 08:00:00+00:00,86.28540183192054,86.28540183192054,86.28540183192054,86.28540183192054,484778597.3150537
2026-06-26 09:00:00+00:00,85.7101390966962,85.7101390966962,85.7101390966962,85.7101390966962,481821265.8649698
2026-06-26 10:00:00+00:00,85.18468684226117,85.18468684226117,85.18468684226117,85.18468684226117,476733894.3848602
2026-06-26 11:00:00+00:00,84.693333481109,84.693333481109,84.693333481109,84.693333481109,472478137.7197328
2026-06-26 12:00:00+00:00,86.13753997475916,86.13753997475916,86.13753997475916,86.13753997475916,481617802.65099335
2026-06-26 13:00:00+00:00,86.09470632927088,86.09470632927088,86.09470632927088,86.09470632927088,508283499.4591477
2026-06-26 14:00:00+00:00,88.07172471801893,88.07172471801893,88.07172471801893,88.07172471801893,499690052.58711773
2026-06-26 15:00:00+00:00,88.34510245049977,88.34510245049977,88.34510245049977,88.34510245049977,485402995.9070961
2026-06-26 16:00:00+00:00,92.87235017517698,92.87235017517698,92.87235017517698,92.87235017517698,503043858.8183421
2026-06-26 17:00:00+00:00,95.88751709446218,95.88751709446218,95.88751709446218,95.88751709446218,561906135.2113937
2026-06-26 18:00:00+00:00,96.62990086182057,96.62990086182057,96.62990086182057,96.62990086182057,562321571.6662532
2026-06-26 19:00:00+00:00,95.2881771656073,95.2881771656073,95.2881771656073,95.2881771656073,539427922.0278015
2026-06-26 20:00:00+00:00,95.47460756964375,95.47460756964375,95.47460756964375,95.47460756964375,546622012.7545489
2026-06-26 21:00:00+00:00,93.1532076565774,93.1532076565774,93.1532076565774,93.1532076565774,533378298.4514491
2026-06-26 22:00:00+00:00,92.99577122876373,92.99577122876373,92.99577122876373,92.99577122876373,534117831.73161477
2026-06-26 23:00:00+00:00,95.70095632822478,95.70095632822478,95.70095632822478,95.70095632822478,568742636.6651399
2026-06-27 00:00:00+00:00,94.9620203647956,94.9620203647956,94.9620203647956,94.9620203647956,581647812.8872466
2026-06-27 01:00:00+00:00,94.42914353101062,94.42914353101062,94.42914353101062,94.42914353101062,568790567.2645262
2026-06-27 02:00:00+00:00,94.83533547855829,94.83533547855829,94.83533547855829,94.83533547855829,568987322.3490365
2026-06-27 03:00:00+00:00,96.18512167234852,96.18512167234852,96.18512167234852,96.18512167234852,578393317.1463212
2026-06-27 04:00:00+00:00,92.55072056917311,92.55072056917311,92.55072056917311,92.55072056917311,549302491.1437039
2026-06-27 05:00:00+00:00,93.94419161159622,93.94419161159622,93.94419161159622,93.94419161159622,557880144.649045
2026-06-27 06:00:00+00:00,94.61892400076349,94.61892400076349,94.61892400076349,94.61892400076349,559399292.9019285
2026-06-27 07:00:00+00:00,95.54620749978515,95.54620749978515,95.54620749978515,95.54620749978515,567331971.8594323
2026-06-27 08:00:00+00:00,96.05707646027791,96.05707646027791,96.05707646027791,96.05707646027791,567102556.2172201
2026-06-27 09:00:00+00:00,95.73401208015723,95.73401208015723,95.73401208015723,95.73401208015723,546458144.8315358
2026-06-27 10:00:00+00:00,94.71619540678252,94.71619540678252,94.71619540678252,94.71619540678252,533095951.145123
2026-06-27 11:00:00+00:00,96.11148714431597,96.11148714431597,96.11148714431597,96.11148714431597,536918058.1040789
2026-06-27 12:00:00+00:00,96.88658860320706,96.88658860320706,96.88658860320706,96.88658860320706,546853848.2423865
2026-06-27 13:00:00+00:00,96.74067391082349,96.74067391082349,96.74067391082349,96.74067391082349,516906605.52287316
2026-06-27 14:00:00+00:00,97.8588004568294,97.8588004568294,97.8588004568294,97.8588004568294,502854591.1182421
2026-06-27 15:00:00+00:00,96.87751656176279,96.87751656176279,96.87751656176279,96.87751656176279,507328877.67785794
2026-06-27 16:00:00+00:00,96.06046702966995,96.06046702966995,96.06046702966995,96.06046702966995,474754785.74012107
2026-06-27 17:00:00+00:00,95.3031144557647,95.3031144557647,95.3031144557647,95.3031144557647,434852864.032665
2026-06-27 18:00:00+00:00,95.04198932492642,95.04198932492642,95.04198932492642,95.04198932492642,404736376.00384355
2026-06-27 19:00:00+00:00,94.47841242907555,94.47841242907555,94.47841242907555,94.47841242907555,390187109.2057958
2026-06-27 20:00:00+00:00,93.73953013840381,93.73953013840381,93.73953013840381,93.73953013840381,375588215.6889379
2026-06-27 21:00:00+00:00,93.65865383442515,93.65865383442515,93.65865383442515,93.65865383442515,365694317.1476345
2026-06-27 22:00:00+00:00,93.34605422834355,93.34605422834355,93.34605422834355,93.34605422834355,356776107.2678135
2026-06-27 23:00:00+00:00,95.34708462064711,95.34708462064711,95.34708462064711,95.34708462064711,354584077.49845517
2026-06-28 00:00:00+00:00,93.88898743543866,93.88898743543866,93.88898743543866,93.88898743543866,340432077.4070569
2026-06-28 01:00:00+00:00,93.92780897707438,93.92780897707438,93.92780897707438,93.92780897707438,330656628.17771304
2026-06-28 02:00:00+00:00,94.28873540728904,94.28873540728904,94.28873540728904,94.28873540728904,333922369.14963275
2026-06-28 03:00:00+00:00,93.88265825841532,93.88265825841532,93.88265825841532,93.88265825841532,318883495.4697651
2026-06-28 04:00:00+00:00,94.67639445228029,94.67639445228029,94.67639445228029,94.67639445228029,304426194.56181973
2026-06-28 05:00:00+00:00,94.42338622986772,94.42338622986772,94.42338622986772,94.42338622986772,293056049.23227257
2026-06-28 06:00:00+00:00,94.13936115487387,94.13936115487387,94.13936115487387,94.13936115487387,286374561.3415316
2026-06-28 07:00:00+00:00,92.9695865579712,92.9695865579712,92.9695865579712,92.9695865579712,273864988.1329274
2026-06-28 08:00:00+00:00,90.79107889494863,90.79107889494863,90.79107889494863,90.79107889494863,283621901.4877254
2026-06-28 09:00:00+00:00,91.47492094647131,91.47492094647131,91.47492094647131,91.47492094647131,288880617.0518346
2026-06-28 10:00:00+00:00,90.22328154404788,90.22328154404788,90.22328154404788,90.22328154404788,286236642.08166903
2026-06-28 11:00:00+00:00,88.91181394894464,88.91181394894464,88.91181394894464,88.91181394894464,287237608.00155705
2026-06-28 12:00:00+00:00,89.13727327101202,89.13727327101202,89.13727327101202,89.13727327101202,291249178.3579824
2026-06-28 13:00:00+00:00,89.41053765705205,89.41053765705205,89.41053765705205,89.41053765705205,296154825.2717462
2026-06-28 14:00:00+00:00,88.54663295919579,88.54663295919579,88.54663295919579,88.54663295919579,276525669.86409104
2026-06-28 15:00:00+00:00,88.44530718648629,88.44530718648629,88.44530718648629,88.44530718648629,271305960.83269286
2026-06-28 16:00:00+00:00,88.97724067148674,88.97724067148674,88.97724067148674,88.97724067148674,266822537.7087445
2026-06-28 17:00:00+00:00,88.40553718379296,88.40553718379296,88.40553718379296,88.40553718379296,264880575.2965
2026-06-28 18:00:00+00:00,89.89229266031619,89.89229266031619,89.89229266031619,89.89229266031619,263077534.30478805
2026-06-28 19:00:00+00:00,89.73480028694486,89.73480028694486,89.73480028694486,89.73480028694486,258333991.15872237
2026-06-28 20:00:00+00:00,90.06627783176243,90.06627783176243,90.06627783176243,90.06627783176243,256987189.2857657
2026-06-28 21:00:00+00:00,89.92194366079566,89.92194366079566,89.92194366079566,89.92194366079566,260152364.47225
2026-06-28 22:00:00+00:00,91.02878432311962,91.02878432311962,91.02878432311962,91.02878432311962,253906247.47340348
2026-06-28 23:00:00+00:00,90.46572910630563,90.46572910630563,90.46572910630563,90.46572910630563,267059542.53429312
2026-06-29 00:00:00+00:00,91.40130452980374,91.40130452980374,91.40130452980374,91.40130452980374,276222340.8790592
2026-06-29 01:00:00+00:00,91.54658731553202,91.54658731553202,91.54658731553202,91.54658731553202,280215130.6052757
2026-06-29 02:00:00+00:00,91.15403374958426,91.15403374958426,91.15403374958426,91.15403374958426,276329499.1098322
2026-06-29 03:00:00+00:00,92.2732580681263,92.2732580681263,92.2732580681263,92.2732580681263,280510537.91872793
2026-06-29 04:00:00+00:00,93.88892542879731,93.88892542879731,93.88892542879731,93.88892542879731,289774575.01006377
2026-06-29 05:00:00+00:00,92.97435428852866,92.97435428852866,92.97435428852866,92.97435428852866,288823773.70496565
2026-06-29 06:00:00+00:00,93.94712683049183,93.94712683049183,93.94712683049183,93.94712683049183,299190146.5335205
2026-06-29 07:00:00+00:00,92.40161010171231,92.40161010171231,92.40161010171231,92.40161010171231,296677414.13775
2026-06-29 08:00:00+00:00,91.49247143740472,91.49247143740472,91.49247143740472,91.49247143740472,283526218.4671433
2026-06-29 09:00:00+00:00,90.8560638485302,90.8560638485302,90.8560638485302,90.8560638485302,270911422.88175017
2026-06-29 10:00:00+00:00,91.61284177430262,91.61284177430262,91.61284177430262,91.61284177430262,269076707.8276313
2026-06-29 11:00:00+00:00,92.21558055845114,92.21558055845114,92.21558055845114,92.21558055845114,264494752.45481944
2026-06-29 12:00:00+00:00,92.30818278646338,92.30818278646338,92.30818278646338,92.30818278646338,258467265.32404852
2026-06-29 13:00:00+00:00,92.27992296878637,92.27992296878637,92.27992296878637,92.27992296878637,258470939.68349972
2026-06-29 14:00:00+00:00,91.07822272716021,91.07822272716021,91.07822272716021,91.07822272716021,261008766.23493528
2026-06-29 15:00:00+00:00,89.99245483110815,89.99245483110815,89.99245483110815,89.99245483110815,271836556.4318738
2026-06-29 16:00:00+00:00,90.48202819888762,90.48202819888762,90.48202819888762,90.48202819888762,274233554.5533568
2026-06-29 17:00:00+00:00,91.65790277418309,91.65790277418309,91.65790277418309,91.65790277418309,283449969.5795636
2026-06-29 18:00:00+00:00,92.40581704515886,92.40581704515886,92.40581704515886,92.40581704515886,289271621.70090425
2026-06-29 19:00:00+00:00,92.11632302708769,92.11632302708769,92.11632302708769,92.11632302708769,291056451.190874
2026-06-29 20:00:00+00:00,93.10750284660797,93.10750284660797,93.10750284660797,93.10750284660797,296809137.7030942
2026-06-29 21:00:00+00:00,92.24935509902438,92.24935509902438,92.24935509902438,92.24935509902438,291015554.5227979
2026-06-29 22:00:00+00:00,91.93683538671549,91.93683538671549,91.93683538671549,91.93683538671549,282219697.1705172
2026-06-29 23:00:00+00:00,91.97080542822326,91.97080542822326,91.97080542822326,91.97080542822326,270749146.05075085
2026-06-30 00:00:00+00:00,91.32893211650911,91.32893211650911,91.32893211650911,91.32893211650911,264736329.0537376
2026-06-30 01:00:00+00:00,90.55300848871099,90.55300848871099,90.55300848871099,90.55300848871099,258319908.85371092
2026-06-30 02:00:00+00:00,90.79740930719399,90.79740930719399,90.79740930719399,90.79740930719399,258244501.61537415
2026-06-30 03:00:00+00:00,90.58237458218527,90.58237458218527,90.58237458218527,90.58237458218527,253766242.0081618
2026-06-30 04:00:00+00:00,89.70184171135331,89.70184171135331,89.70184171135331,89.70184171135331,244313823.98951623
2026-06-30 05:00:00+00:00,89.89819002784243,89.89819002784243,89.89819002784243,89.89819002784243,240816419.506973
2026-06-30 06:00:00+00:00,90.00084549543024,90.00084549543024,90.00084549543024,90.00084549543024,230051760.13478243
2026-06-30 07:00:00+00:00,90.86036128637878,90.86036128637878,90.86036128637878,90.86036128637878,228154305.59678864
2026-06-30 08:00:00+00:00,90.11131233811332,90.11131233811332,90.11131233811332,90.11131233811332,229126335.91893876
2026-06-30 09:00:00+00:00,89.7659640134425,89.7659640134425,89.7659640134425,89.7659640134425,232423728.33168408
2026-06-30 10:00:00+00:00,89.01661916306956,89.01661916306956,89.01661916306956,89.01661916306956,231435953.51078653
2026-06-30 11:00:00+00:00,89.529314607583,89.529314607583,89.529314607583,89.529314607583,231328088.95944133
2026-06-30 12:00:00+00:00,88.28323146299063,88.28323146299063,88.28323146299063,88.28323146299063,227056382.98332712
2026-06-30 13:00:00+00:00,86.38732716881813,86.38732716881813,86.38732716881813,86.38732716881813,224356007.31020758
2026-06-30 14:00:00+00:00,86.5437047108748,86.5437047108748,86.5437047108748,86.5437047108748,226480792.6796676
2026-06-30 15:00:00+00:00,85.0310097458244,85.0310097458244,85.0310097458244,85.0310097458244,214312812.92579398
2026-06-30 16:00:00+00:00,85.27919660901664,85.27919660901664,85.27919660901664,85.27919660901664,213539571.59097105
2026-06-30 17:00:00+00:00,85.78787658539825,85.78787658539825,85.78787658539825,85.78787658539825,209455079.55995107
2026-06-30 18:00:00+00:00,85.06086271073131,85.06086271073131,85.06086271073131,85.06086271073131,202624965.27962455
2026-06-30 19:00:00+00:00,85.20816894114112,85.20816894114112,85.20816894114112,85.20816894114112,199174429.46430603
2026-06-30 20:00:00+00:00,85.18064442580837,85.18064442580837,85.18064442580837,85.18064442580837,197203535.18735805
2026-06-30 21:00:00+00:00,85.29772536606815,85.29772536606815,85.29772536606815,85.29772536606815,198603056.3165633
2026-06-30 22:00:00+00:00,85.27591461076312,85.27591461076312,85.27591461076312,85.27591461076312,197468175.0269176
2026-06-30 23:00:00+00:00,84.77711823758597,84.77711823758597,84.77711823758597,84.77711823758597,198413469.81325006
2026-07-01 00:00:00+00:00,85.0750652436657,85.0750652436657,85.0750652436657,85.0750652436657,199758379.27569684
2026-07-01 01:00:00+00:00,86.00794651251384,86.00794651251384,86.00794651251384,86.00794651251384,205144675.3447189
2026-07-01 02:00:00+00:00,85.88480361729128,85.88480361729128,85.88480361729128,85.88480361729128,209610237.54439354
2026-07-01 03:00:00+00:00,87.01258930734333,87.01258930734333,87.01258930734333,87.01258930734333,218449251.692772
2026-07-01 04:00:00+00:00,87.12590098678179,87.12590098678179,87.12590098678179,87.12590098678179,219891283.30115327
2026-07-01 05:00:00+00:00,87.1094963354514,87.1094963354514,87.1094963354514,87.1094963354514,222256724.56630751
2026-07-01 06:00:00+00:00,86.40711083304043,86.40711083304043,86.40711083304043,86.40711083304043,222941661.1992855
2026-07-01 07:00:00+00:00,85.59251072882343,85.59251072882343,85.59251072882343,85.59251072882343,219935778.3059385
2026-07-01 08:00:00+00:00,85.43773264887301,85.43773264887301,85.43773264887301,85.43773264887301,213838716.50733545
2026-07-01 09:00:00+00:00,87.45874163211836,87.45874163211836,87.45874163211836,87.45874163211836,214966797.97253883
2026-07-01 10:00:00+00:00,87.0702924212895,87.0702924212895,87.0702924212895,87.0702924212895,215226894.5822622
2026-07-01 11:00:00+00:00,85.86286231451898,85.86286231451898,85.86286231451898,85.86286231451898,211704080.96394572
2026-07-01 12:00:00+00:00,86.17062770123381,86.17062770123381,86.17062770123381,86.17062770123381,209201252.03169304
2026-07-01 13:00:00+00:00,85.82507451397488,85.82507451397488,85.82507451397488,85.82507451397488,203376319.12844715
2026-07-01 14:00:00+00:00,86.56047175742822,86.56047175742822,86.56047175742822,86.56047175742822,201401630.72723255
2026-07-01 15:00:00+00:00,86.43491855284819,86.43491855284819,86.43491855284819,86.43491855284819,196963198.15828055
2026-07-01 16:00:00+00:00,86.87700837617315,86.87700837617315,86.87700837617315,86.87700837617315,203129400.5447974
2026-07-01 17:00:00+00:00,85.84522504836147,85.84522504836147,85.84522504836147,85.84522504836147,200449692.14815694
2026-07-01 18:00:00+00:00,86.22590086548703,86.22590086548703,86.22590086548703,86.22590086548703,205168330.23461798
2026-07-01 19:00:00+00:00,85.60843471537379,85.60843471537379,85.60843471537379,85.60843471537379,204166515.2353458
2026-07-01 20:00:00+00:00,85.34806916066039,85.34806916066039,85.34806916066039,85.34806916066039,202571645.53346628
2026-07-01 21:00:00+00:00,85.62754691665315,85.62754691665315,85.62754691665315,85.62754691665315,202725408.88071695
2026-07-01 22:00:00+00:00,86.2601987585879,86.2601987585879,86.2601987585879,86.2601987585879,205513707.08024624
2026-07-01 23:00:00+00:00,84.39115446194188,84.39115446194188,84.39115446194188,84.39115446194188,207877487.45067805
2026-07-02 00:00:00+00:00,83.14396909079291,83.14396909079291,83.14396909079291,83.14396909079291,216075627.46973273
2026-07-02 01:00:00+00:00,83.8702855653839,83.8702855653839,83.8702855653839,83.8702855653839,216231279.2035758
2026-07-02 02:00:00+00:00,84.21784503685501,84.21784503685501,84.21784503685501,84.21784503685501,213453441.40447497
2026-07-02 03:00:00+00:00,85.44305181977762,85.44305181977762,85.44305181977762,85.44305181977762,211733888.70538276
2026-07-02 04:00:00+00:00,85.52526751668046,85.52526751668046,85.52526751668046,85.52526751668046,209836289.66297513
2026-07-02 05:00:00+00:00,85.05765119188486,85.05765119188486,85.05765119188486,85.05765119188486,208817120.68185443
2026-07-02 06:00:00+00:00,85.0081373933493,85.0081373933493,85.0081373933493,85.0081373933493,208770755.86506304
2026-07-02 07:00:00+00:00,84.47147877333703,84.47147877333703,84.47147877333703,84.47147877333703,205873603.5591531
2026-07-02 08:00:00+00:00,84.56523004511355,84.56523004511355,84.56523004511355,84.56523004511355,204864530.58657974
2026-07-02 09:00:00+00:00,85.04884884798315,85.04884884798315,85.04884884798315,85.04884884798315,201754337.96190026
2026-07-02 10:00:00+00:00,85.56076268334847,85.56076268334847,85.56076268334847,85.56076268334847,203818295.92120996
2026-07-02 11:00:00+00:00,86.42272551931771,86.42272551931771,86.42272551931771,86.42272551931771,208106664.07963154
2026-07-02 12:00:00+00:00,87.23684502921473,87.23684502921473,87.23684502921473,87.23684502921473,215906709.51100785
2026-07-02 13:00:00+00:00,87.470477050146,87.470477050146,87.470477050146,87.470477050146,218625005.26379305
2026-07-02 14:00:00+00:00,87.7090203080694,87.7090203080694,87.7090203080694,87.7090203080694,220313702.28292665
2026-07-02 15:00:00+00:00,86.44016692497868,86.44016692497868,86.44016692497868,86.44016692497868,218788334.107866
2026-07-02 16:00:00+00:00,86.11197748582964,86.11197748582964,86.11197748582964,86.11197748582964,213376007.47985145
2026-07-02 17:00:00+00:00,87.54322395447132,87.54322395447132,87.54322395447132,87.54322395447132,217860597.36805746
2026-07-02 18:00:00+00:00,87.05214389966072,87.05214389966072,87.05214389966072,87.05214389966072,213169046.27414262
2026-07-02 19:00:00+00:00,87.20223590379906,87.20223590379906,87.20223590379906,87.20223590379906,214091561.13420632
2026-07-02 20:00:00+00:00,86.8769516757308,86.8769516757308,86.8769516757308,86.8769516757308,215495197.15125307
2026-07-02 21:00:00+00:00,86.84829461946927,86.84829461946927,86.84829461946927,86.84829461946927,215097416.76883966
2026-07-02 22:00:00+00:00,86.54741155105988,86.54741155105988,86.54741155105988,86.54741155105988,215761196.72424588
2026-07-02 23:00:00+00:00,86.29183142452874,86.29183142452874,86.29183142452874,86.29183142452874,207143177.36887333
2026-07-03 00:00:00+00:00,86.14407760437977,86.14407760437977,86.14407760437977,86.14407760437977,195432346.3178445
2026-07-03 01:00:00+00:00,85.75365163676305,85.75365163676305,85.75365163676305,85.75365163676305,192283069.08151707
2026-07-03 02:00:00+00:00,86.19524105656052,86.19524105656052,86.19524105656052,86.19524105656052,191975229.61145523
2026-07-03 03:00:00+00:00,85.99694378472017,85.99694378472017,85.99694378472017,85.99694378472017,191711213.9426725
2026-07-03 04:00:00+00:00,86.12529399894456,86.12529399894456,86.12529399894456,86.12529399894456,189441863.683467
2026-07-03 05:00:00+00:00,86.29234843917477,86.29234843917477,86.29234843917477,86.29234843917477,187720273.1075031
2026-07-03 06:00:00+00:00,86.08637661789719,86.08637661789719,86.08637661789719,86.08637661789719,190037124.00945956
2026-07-03 07:00:00+00:00,86.04579259683614,86.04579259683614,86.04579259683614,86.04579259683614,190092513.74809107
2026-07-03 08:00:00+00:00,85.93046285558756,85.93046285558756,85.93046285558756,85.93046285558756,191205169.04887587
2026-07-03 09:00:00+00:00,86.11273985725613,86.11273985725613,86.11273985725613,86.11273985725613,195233326.85106552
2026-07-03 10:00:00+00:00,86.534758776546,86.534758776546,86.534758776546,86.534758776546,195604937.94733393
2026-07-03 11:00:00+00:00,86.68610679765527,86.68610679765527,86.68610679765527,86.68610679765527,202173806.8450422
2026-07-03 12:00:00+00:00,86.79164720852758,86.79164720852758,86.79164720852758,86.79164720852758,200134617.67624855
2026-07-03 13:00:00+00:00,87.06296972960331,87.06296972960331,87.06296972960331,87.06296972960331,196300125.43351802
2026-07-03 14:00:00+00:00,88.46993059256732,88.46993059256732,88.46993059256732,88.46993059256732,194775795.60657385
2026-07-03 15:00:00+00:00,90.61356298051064,90.61356298051064,90.61356298051064,90.61356298051064,215978742.6320135
2026-07-03 16:00:00+00:00,88.76243289421535,88.76243289421535,88.76243289421535,88.76243289421535,221594534.7946588
2026-07-03 17:00:00+00:00,88.68924590231121,88.68924590231121,88.68924590231121,88.68924590231121,221738099.15789965
2026-07-03 18:00:00+00:00,88.34965405529495,88.34965405529495,88.34965405529495,88.34965405529495,223671066.18760997
2026-07-03 19:00:00+00:00,87.42204678495291,87.42204678495291,87.42204678495291,87.42204678495291,227777118.7639541
2026-07-03 20:00:00+00:00,86.96471641784264,86.96471641784264,86.96471641784264,86.96471641784264,227833694.54994303
2026-07-03 21:00:00+00:00,87.40268334517532,87.40268334517532,87.40268334517532,87.40268334517532,232988230.43718246
2026-07-03 22:00:00+00:00,87.72880242083664,87.72880242083664,87.72880242083664,87.72880242083664,239747658.3066803
2026-07-03 23:00:00+00:00,87.515939708433,87.515939708433,87.515939708433,87.515939708433,241597091.38740283
2026-07-04 00:00:00+00:00,87.50518896666648,87.50518896666648,87.50518896666648,87.50518896666648,242319326.00486588
2026-07-04 01:00:00+00:00,88.00268164498632,88.00268164498632,88.00268164498632,88.00268164498632,241880226.12315935
2026-07-04 02:00:00+00:00,88.55444427233446,88.55444427233446,88.55444427233446,88.55444427233446,247771783.30166468
2026-07-04 03:00:00+00:00,88.2299745873676,88.2299745873676,88.2299745873676,88.2299745873676,249223271.63479656
2026-07-04 04:00:00+00:00,88.86014960164259,88.86014960164259,88.86014960164259,88.86014960164259,248160956.0233523
2026-07-04 05:00:00+00:00,89.02784109001104,89.02784109001104,89.02784109001104,89.02784109001104,251034016.02932242
2026-07-04 06:00:00+00:00,88.50250045433478,88.50250045433478,88.50250045433478,88.50250045433478,245055675.1627112
2026-07-04 07:00:00+00:00,87.16874036462494,87.16874036462494,87.16874036462494,87.16874036462494,241370767.87992954
2026-07-04 08:00:00+00:00,87.59260687151584,87.59260687151584,87.59260687151584,87.59260687151584,242259844.87595817
2026-07-04 09:00:00+00:00,87.63801563222162,87.63801563222162,87.63801563222162,87.63801563222162,242714611.64138782
2026-07-04 10:00:00+00:00,87.39572136748632,87.39572136748632,87.39572136748632,87.39572136748632,238425556.34296548
2026-07-04 11:00:00+00:00,87.84852010243904,87.84852010243904,87.84852010243904,87.84852010243904,228929058.46818984
2026-07-04 12:00:00+00:00,87.92446616895383,87.92446616895383,87.92446616895383,87.92446616895383,226388237.52566835
2026-07-04 13:00:00+00:00,87.85841482639317,87.85841482639317,87.85841482639317,87.85841482639317,222452548.65411273
2026-07-04 14:00:00+00:00,88.40244799529871,88.40244799529871,88.40244799529871,88.40244799529871,213296847.61027017
2026-07-04 15:00:00+00:00,88.97780007435952,88.97780007435952,88.97780007435952,88.97780007435952,200546281.23283643
2026-07-04 16:00:00+00:00,89.5441399741188,89.5441399741188,89.5441399741188,89.5441399741188,192471471.50259694
2026-07-04 17:00:00+00:00,89.2417963182295,89.2417963182295,89.2417963182295,89.2417963182295,189789851.36820927
2026-07-04 18:00:00+00:00,90.14919442427934,90.14919442427934,90.14919442427934,90.14919442427934,188734216.3943639
2026-07-04 19:00:00+00:00,89.82991901309323,89.82991901309323,89.82991901309323,89.82991901309323,181181290.41288692
2026-07-04 20:00:00+00:00,89.26444314385833,89.26444314385833,89.26444314385833,89.26444314385833,167452797.14814818
2026-07-04 21:00:00+00:00,89.41805461055456,89.41805461055456,89.41805461055456,89.41805461055456,167181471.96488214
2026-07-04 22:00:00+00:00,89.30880198899173,89.30880198899173,89.30880198899173,89.30880198899173,157171167.10076648
2026-07-04 23:00:00+00:00,88.76957236127524,88.76957236127524,88.76957236127524,88.76957236127524,152495857.61315563
2026-07-05 00:00:00+00:00,88.56515465632599,88.56515465632599,88.56515465632599,88.56515465632599,153853307.16071668
2026-07-05 01:00:00+00:00,88.45293721564369,88.45293721564369,88.45293721564369,88.45293721564369,152209817.97573316
2026-07-05 02:00:00+00:00,88.12321879603546,88.12321879603546,88.12321879603546,88.12321879603546,145255777.97890693
2026-07-05 03:00:00+00:00,87.2285282060247,87.2285282060247,87.2285282060247,87.2285282060247,138113501.61202484
2026-07-05 04:00:00+00:00,87.4870208035792,87.4870208035792,87.4870208035792,87.4870208035792,137852193.4088377
2026-07-05 05:00:00+00:00,87.70987227741328,87.70987227741328,87.70987227741328,87.70987227741328,135046896.45816654
2026-07-05 06:00:00+00:00,87.33658454087306,87.33658454087306,87.33658454087306,87.33658454087306,132312042.90826613
2026-07-05 07:00:00+00:00,87.49894416912174,87.49894416912174,87.49894416912174,87.49894416912174,131608446.34524146
2026-07-05 08:00:00+00:00,87.87143338936698,87.87143338936698,87.87143338936698,87.87143338936698,128976606.32932805
2026-07-05 09:00:00+00:00,88.2098640241774,88.2098640241774,88.2098640241774,88.2098640241774,129511740.2119538
2026-07-05 10:00:00+00:00,87.52118588560971,87.52118588560971,87.52118588560971,87.52118588560971,129115834.49930887
2026-07-05 11:00:00+00:00,88.29633563265722,88.29633563265722,88.29633563265722,88.29633563265722,129014796.94088617
2026-07-05 12:00:00+00:00,88.06173115501358,88.06173115501358,88.06173115501358,88.06173115501358,129303004.43101527
2026-07-05 13:00:00+00:00,88.00301154535246,88.00301154535246,88.00301154535246,88.00301154535246,131606827.29592812
2026-07-05 14:00:00+00:00,88.6527199831592,88.6527199831592,88.6527199831592,88.6527199831592,136929578.85887492
2026-07-05 15:00:00+00:00,89.2461376976019,89.2461376976019,89.2461376976019,89.2461376976019,132024489.77588041
2026-07-05 16:00:00+00:00,89.33402854008237,89.33402854008237,89.33402854008237,89.33402854008237,127157735.6886251
2026-07-05 17:00:00+00:00,89.1545846024821,89.1545846024821,89.1545846024821,89.1545846024821,126739616.32302545
2026-07-05 18:00:00+00:00,88.5918345445296,88.5918345445296,88.5918345445296,88.5918345445296,124044861.31609759
2026-07-05 19:00:00+00:00,88.41129737806712,88.41129737806712,88.41129737806712,88.41129737806712,122485092.01026991
2026-07-05 20:00:00+00:00,88.42973664468627,88.42973664468627,88.42973664468627,88.42973664468627,121471435.16535586
2026-07-05 21:00:00+00:00,88.68506281033572,88.68506281033572,88.68506281033572,88.68506281033572,120685856.21050026
2026-07-05 22:00:00+00:00,89.16990829948291,89.16990829948291,89.16990829948291,89.16990829948291,123530478.09620781
2026-07-05 23:00:00+00:00,89.13510589737149,89.13510589737149,89.13510589737149,89.13510589737149,124603775.72123136
2026-07-06 00:00:00+00:00,89.01179990418505,89.01179990418505,89.01179990418505,89.01179990418505,123660424.91922411
2026-07-06 01:00:00+00:00,89.19832571217219,89.19832571217219,89.19832571217219,89.19832571217219,124154741.79713158
2026-07-06 02:00:00+00:00,88.51441995819305,88.51441995819305,88.51441995819305,88.51441995819305,121717085.20516899
2026-07-06 03:00:00+00:00,88.55250864414062,88.55250864414062,88.55250864414062,88.55250864414062,126329505.41351546
2026-07-06 04:00:00+00:00,88.3617188351338,88.3617188351338,88.3617188351338,88.3617188351338,128429357.66678086
2026-07-06 05:00:00+00:00,89.22842820105849,89.22842820105849,89.22842820105849,89.22842820105849,131599711.99401607
2026-07-06 06:00:00+00:00,89.70701005980422,89.70701005980422,89.70701005980422,89.70701005980422,135094428.4312861
2026-07-06 07:00:00+00:00,89.99494733218876,89.99494733218876,89.99494733218876,89.99494733218876,141337225.7709785
2026-07-06 08:00:00+00:00,90.721733379588,90.721733379588,90.721733379588,90.721733379588,145248805.23852283
2026-07-06 09:00:00+00:00,89.62239695947028,89.62239695947028,89.62239695947028,89.62239695947028,148060963.81730002
2026-07-06 10:00:00+00:00,90.73029888244793,90.73029888244793,90.73029888244793,90.73029888244793,151935744.04576662
2026-07-06 11:00:00+00:00,92.40578261783425,92.40578261783425,92.40578261783425,92.40578261783425,160936374.18693033
2026-07-06 12:00:00+00:00,91.62274849297658,91.62274849297658,91.62274849297658,91.62274849297658,166175632.7455387
2026-07-06 13:00:00+00:00,90.8817118781197,90.8817118781197,90.8817118781197,90.8817118781197,176920753.97657368
2026-07-06 14:00:00+00:00,93.12457037021501,93.12457037021501,93.12457037021501,93.12457037021501,200016549.26003724
2026-07-06 15:00:00+00:00,93.44531837262453,93.44531837262453,93.44531837262453,93.44531837262453,210354412.87219802
2026-07-06 16:00:00+00:00,96.328766345537,96.328766345537,96.328766345537,96.328766345537,233593385.81183735
2026-07-06 17:00:00+00:00,95.98630406148543,95.98630406148543,95.98630406148543,95.98630406148543,246378967.24849653
2026-07-06 18:00:00+00:00,95.60724867651666,95.60724867651666,95.60724867651666,95.60724867651666,250326082.12993228
2026-07-06 19:00:00+00:00,95.32588913276952,95.32588913276952,95.32588913276952,95.32588913276952,252387562.33996654
2026-07-06 20:00:00+00:00,96.26349284402345,96.26349284402345,96.26349284402345,96.26349284402345,256280318.78179395
2026-07-06 21:00:00+00:00,95.69614517077346,95.69614517077346,95.69614517077346,95.69614517077346,258152507.9407064
2026-07-06 22:00:00+00:00,95.56406108553065,95.56406108553065,95.56406108553065,95.56406108553065,263418478.183172
2026-07-06 23:00:00+00:00,94.39987838542027,94.39987838542027,94.39987838542027,94.39987838542027,263083762.95169365
2026-07-07 00:00:00+00:00,94.14200666111914,94.14200666111914,94.14200666111914,94.14200666111914,266130672.62761572
2026-07-07 01:00:00+00:00,93.4862673550371,93.4862673550371,93.4862673550371,93.4862673550371,268926509.36590093
2026-07-07 02:00:00+00:00,92.91085228980549,92.91085228980549,92.91085228980549,92.91085228980549,274426332.95261353
2026-07-07 03:00:00+00:00,91.79162648567747,91.79162648567747,91.79162648567747,91.79162648567747,274391587.8599659
2026-07-07 04:00:00+00:00,91.74938870858726,91.74938870858726,91.74938870858726,91.74938870858726,278646987.4645142
2026-07-07 05:00:00+00:00,91.46622589147874,91.46622589147874,91.46622589147874,91.46622589147874,274834543.5222226
2026-07-07 06:00:00+00:00,92.12094335526268,92.12094335526268,92.12094335526268,92.12094335526268,275535672.5539542
2026-07-07 07:00:00+00:00,92.52245559634942,92.52245559634942,92.52245559634942,92.52245559634942,273626956.5034016
2026-07-07 08:00:00+00:00,93.38912999771229,93.38912999771229,93.38912999771229,93.38912999771229,281072001.5167893
2026-07-07 09:00:00+00:00,93.19845182202762,93.19845182202762,93.19845182202762,93.19845182202762,279315017.0555297
2026-07-07 10:00:00+00:00,94.30492556159274,94.30492556159274,94.30492556159274,94.30492556159274,288001484.44383854
2026-07-07 11:00:00+00:00,92.45455790858104,92.45455790858104,92.45455790858104,92.45455790858104,271833738.9622929
2026-07-07 12:00:00+00:00,93.2372416781055,93.2372416781055,93.2372416781055,93.2372416781055,273526061.4586028
2026-07-07 13:00:00+00:00,92.54524348790945,92.54524348790945,92.54524348790945,92.54524348790945,250296521.94371468
2026-07-07 14:00:00+00:00,92.259431252634,92.259431252634,92.259431252634,92.259431252634,233669829.6432526
2026-07-07 15:00:00+00:00,91.28435410493371,91.28435410493371,91.28435410493371,91.28435410493371,228108126.408149
2026-07-07 16:00:00+00:00,92.2908415704017,92.2908415704017,92.2908415704017,92.2908415704017,223053130.89306003
2026-07-07 17:00:00+00:00,92.25918062683668,92.25918062683668,92.25918062683668,92.25918062683668,216897276.47497648
2026-07-07 18:00:00+00:00,92.88826332551446,92.88826332551446,92.88826332551446,92.88826332551446,213978952.53769496
2026-07-07 19:00:00+00:00,91.50056941426342,91.50056941426342,91.50056941426342,91.50056941426342,217539069.93533865
2026-07-07 20:00:00+00:00,91.09451121105994,91.09451121105994,91.09451121105994,91.09451121105994,225554756.66303477
2026-07-07 21:00:00+00:00,91.28052190141096,91.28052190141096,91.28052190141096,91.28052190141096,221709664.90481895
2026-07-07 22:00:00+00:00,90.6581734028277,90.6581734028277,90.6581734028277,90.6581734028277,218809201.79117784
2026-07-07 23:00:00+00:00,90.92953157936019,90.92953157936019,90.92953157936019,90.92953157936019,217531423.71543637
2026-07-08 00:00:00+00:00,90.02136739547826,90.02136739547826,90.02136739547826,90.02136739547826,213516304.39489293
2026-07-08 01:00:00+00:00,89.69082610628796,89.69082610628796,89.69082610628796,89.69082610628796,213015727.17386827
2026-07-08 02:00:00+00:00,88.33167750363833,88.33167750363833,88.33167750363833,88.33167750363833,215751582.14976156
2026-07-08 03:00:00+00:00,88.44934998045024,88.44934998045024,88.44934998045024,88.44934998045024,208252475.5249883
2026-07-08 04:00:00+00:00,87.962588118549,87.962588118549,87.962588118549,87.962588118549,208997543.65845487
2026-07-08 05:00:00+00:00,88.2727347093015,88.2727347093015,88.2727347093015,88.2727347093015,213660438.7235104
2026-07-08 06:00:00+00:00,88.2586342219901,88.2586342219901,88.2586342219901,88.2586342219901,205428533.76262122
2026-07-08 07:00:00+00:00,88.57754394557723,88.57754394557723,88.57754394557723,88.57754394557723,209000736.53955287
2026-07-08 08:00:00+00:00,88.94847015984566,88.94847015984566,88.94847015984566,88.94847015984566,202568015.5125735
2026-07-08 09:00:00+00:00,86.90730339069245,86.90730339069245,86.90730339069245,86.90730339069245,207407765.909963
2026-07-08 10:00:00+00:00,87.3600412036691,87.3600412036691,87.3600412036691,87.3600412036691,216689333.95125806
2026-07-08 11:00:00+00:00,87.53158028095523,87.53158028095523,87.53158028095523,87.53158028095523,215365552.64033976
2026-07-08 12:00:00+00:00,87.85994726590206,87.85994726590206,87.85994726590206,87.85994726590206,215192839.61324984
2026-07-08 13:00:00+00:00,87.13879700305635,87.13879700305635,87.13879700305635,87.13879700305635,210194109.2821427
2026-07-08 14:00:00+00:00,87.57349208874096,87.57349208874096,87.57349208874096,87.57349208874096,220905367.18550953
2026-07-08 15:00:00+00:00,86.76366007414094,86.76366007414094,86.76366007414094,86.76366007414094,212359463.9325692
2026-07-08 16:00:00+00:00,86.9959880851112,86.9959880851112,86.9959880851112,86.9959880851112,208832995.11506528
2026-07-08 17:00:00+00:00,87.78907934409912,87.78907934409912,87.78907934409912,87.78907934409912,221320265.6014927
2026-07-08 18:00:00+00:00,87.77962540202026,87.77962540202026,87.77962540202026,87.77962540202026,222140430.04825634
2026-07-08 19:00:00+00:00,88.3908640506364,88.3908640506364,88.3908640506364,88.3908640506364,223402434.34517062
2026-07-08 20:00:00+00:00,87.94304340297882,87.94304340297882,87.94304340297882,87.94304340297882,209528830.30882737
2026-07-08 21:00:00+00:00,87.73889052569939,87.73889052569939,87.73889052569939,87.73889052569939,210683879.46898678
2026-07-08 22:00:00+00:00,88.20005510721492,88.20005510721492,88.20005510721492,88.20005510721492,210182452.74045113
2026-07-08 23:00:00+00:00,88.51046852886515,88.51046852886515,88.51046852886515,88.51046852886515,205646409.94066048
2026-07-09 00:00:00+00:00,88.22401283149152,88.22401283149152,88.22401283149152,88.22401283149152,209552186.51242653
2026-07-09 01:00:00+00:00,87.88906360445174,87.88906360445174,87.88906360445174,87.88906360445174,204406997.18761736
2026-07-09 02:00:00+00:00,87.36120284756016,87.36120284756016,87.36120284756016,87.36120284756016,213270570.90032926
2026-07-09 03:00:00+00:00,87.11338572910546,87.11338572910546,87.11338572910546,87.11338572910546,210340602.95238805
2026-07-09 04:00:00+00:00,87.12871851409975,87.12871851409975,87.12871851409975,87.12871851409975,212687254.89274764
2026-07-09 05:00:00+00:00,87.75034864390202,87.75034864390202,87.75034864390202,87.75034864390202,217989107.60899964
2026-07-09 06:00:00+00:00,88.31000444402694,88.31000444402694,88.31000444402694,88.31000444402694,223683614.09901336
2026-07-09 07:00:00+00:00,88.46950356673679,88.46950356673679,88.46950356673679,88.46950356673679,217897337.5370421
2026-07-09 08:00:00+00:00,88.48602340990739,88.48602340990739,88.48602340990739,88.48602340990739,218576002.1561601
2026-07-09 09:00:00+00:00,88.30295162010233,88.30295162010233,88.30295162010233,88.30295162010233,209362119.4524804
2026-07-09 10:00:00+00:00,88.39489197835589,88.39489197835589,88.39489197835589,88.39489197835589,5974.278107258857
2026-07-09 11:00:00+00:00,88.45140576375378,88.45140576375378,88.45140576375378,88.45140576375378,185868728.93157843
2026-07-09 12:00:00+00:00,89.10795739722843,89.10795739722843,89.10795739722843,89.10795739722843,191460270.89045218
2026-07-09 13:00:00+00:00,90.02748529325972,90.02748529325972,90.02748529325972,90.02748529325972,199416899.95483032
2026-07-09 14:00:00+00:00,91.45252619396219,91.45252619396219,91.45252619396219,91.45252619396219,209689318.04361728
2026-07-09 15:00:00+00:00,90.99227533986424,90.99227533986424,90.99227533986424,90.99227533986424,207860274.71099675
2026-07-09 16:00:00+00:00,92.29849769667001,92.29849769667001,92.29849769667001,92.29849769667001,209939983.48468524
2026-07-09 17:00:00+00:00,91.71208130853363,91.71208130853363,91.71208130853363,91.71208130853363,212829865.7111798
2026-07-09 18:00:00+00:00,91.62592916976477,91.62592916976477,91.62592916976477,91.62592916976477,210999920.92957386
2026-07-09 19:00:00+00:00,91.40006544114581,91.40006544114581,91.40006544114581,91.40006544114581,212959591.24433357
2026-07-09 20:00:00+00:00,90.89709679495624,90.89709679495624,90.89709679495624,90.89709679495624,211279908.88603896
2026-07-09 21:00:00+00:00,91.03015859475742,91.03015859475742,91.03015859475742,91.03015859475742,210479967.07673374
2026-07-09 22:00:00+00:00,90.59144239430665,90.59144239430665,90.59144239430665,90.59144239430665,205443609.90747514
2026-07-09 23:00:00+00:00,91.0933678657884,91.0933678657884,91.0933678657884,91.0933678657884,211127872.2476741
2026-07-10 00:00:00+00:00,91.27266706411243,91.27266706411243,91.27266706411243,91.27266706411243,212564267.4027677
2026-07-10 01:00:00+00:00,91.22923808753883,91.22923808753883,91.22923808753883,91.22923808753883,212449255.5165625
2026-07-10 02:00:00+00:00,92.65346180338013,92.65346180338013,92.65346180338013,92.65346180338013,202904050.4732481
2026-07-10 03:00:00+00:00,92.25372178765895,92.25372178765895,92.25372178765895,92.25372178765895,200643757.8409586
2026-07-10 04:00:00+00:00,93.502409419249,93.502409419249,93.502409419249,93.502409419249,199897119.63255048
2026-07-10 05:00:00+00:00,93.40634416621121,93.40634416621121,93.40634416621121,93.40634416621121,205217280.14250162
2026-07-10 06:00:00+00:00,92.7883060430296,92.7883060430296,92.7883060430296,92.7883060430296,211239400.29452705
2026-07-10 07:00:00+00:00,93.28371923459254,93.28371923459254,93.28371923459254,93.28371923459254,205341043.3486157
2026-07-10 08:00:00+00:00,94.14079365872591,94.14079365872591,94.14079365872591,94.14079365872591,217877110.13934878
2026-07-10 09:00:00+00:00,94.70375545458356,94.70375545458356,94.70375545458356,94.70375545458356,222967368.86695695
2026-07-10 10:00:00+00:00,97.6799891650474,97.6799891650474,97.6799891650474,97.6799891650474,236145331.23641747
2026-07-10 11:00:00+00:00,96.52294202332274,96.52294202332274,96.52294202332274,96.52294202332274,249426521.34474492
2026-07-10 12:00:00+00:00,96.2785862709102,96.2785862709102,96.2785862709102,96.2785862709102,247855447.35413978
2026-07-10 13:00:00+00:00,95.84331576374034,95.84331576374034,95.84331576374034,95.84331576374034,239218204.2631427
2026-07-10 14:00:00+00:00,95.38916543761086,95.38916543761086,95.38916543761086,95.38916543761086,247408710.4035723
2026-07-10 15:00:00+00:00,94.48563281970821,94.48563281970821,94.48563281970821,94.48563281970821,245378613.30635858
2026-07-10 16:00:00+00:00,95.48003356424658,95.48003356424658,95.48003356424658,95.48003356424658,246014000.01259714
2026-07-10 17:00:00+00:00,95.06912524747166,95.06912524747166,95.06912524747166,95.06912524747166,242226172.32042244
2026-07-10 18:00:00+00:00,95.19582719722293,95.19582719722293,95.19582719722293,95.19582719722293,241727234.16607907
2026-07-10 19:00:00+00:00,95.14450871013106,95.14450871013106,95.14450871013106,95.14450871013106,235570965.5141578
2026-07-10 20:00:00+00:00,96.12460677598949,96.12460677598949,96.12460677598949,96.12460677598949,244819995.80178916
2026-07-10 21:00:00+00:00,97.02635645183662,97.02635645183662,97.02635645183662,97.02635645183662,244694155.0877437
2026-07-10 22:00:00+00:00,97.07575048976328,97.07575048976328,97.07575048976328,97.07575048976328,246500855.54810798
2026-07-10 23:00:00+00:00,96.54145672247839,96.54145672247839,96.54145672247839,96.54145672247839,252705207.54515535
2026-07-11 00:00:00+00:00,95.69107762521104,95.69107762521104,95.69107762521104,95.69107762521104,248088810.70667246
2026-07-11 01:00:00+00:00,94.99418512422396,94.99418512422396,94.99418512422396,94.99418512422396,247406823.52022013
2026-07-11 02:00:00+00:00,94.85138264392238,94.85138264392238,94.85138264392238,94.85138264392238,242075907.505343
2026-07-11 03:00:00+00:00,94.9747812965596,94.9747812965596,94.9747812965596,94.9747812965596,243178430.73158774
2026-07-11 04:00:00+00:00,94.67305667424536,94.67305667424536,94.67305667424536,94.67305667424536,240738285.29352
2026-07-11 05:00:00+00:00,94.75195882406067,94.75195882406067,94.75195882406067,94.75195882406067,228728415.69519517
2026-07-11 06:00:00+00:00,94.95848843557617,94.95848843557617,94.95848843557617,94.95848843557617,235814751.84475532
2026-07-11 07:00:00+00:00,95.24446565344178,95.24446565344178,95.24446565344178,95.24446565344178,234992879.4486853
2026-07-11 08:00:00+00:00,96.04451976468833,96.04451976468833,96.04451976468833,96.04451976468833,231287046.64981055
2026-07-11 09:00:00+00:00,96.41206224261472,96.41206224261472,96.41206224261472,96.41206224261472,223608821.7531782
2026-07-11 10:00:00+00:00,96.33707036980589,96.33707036980589,96.33707036980589,96.33707036980589,216146645.5799722
2026-07-11 11:00:00+00:00,96.88077456518415,96.88077456518415,96.88077456518415,96.88077456518415,201756005.63293356
2026-07-11 12:00:00+00:00,97.31338575211299,97.31338575211299,97.31338575211299,97.31338575211299,200722454.7107287
2026-07-11 13:00:00+00:00,97.87966236394168,97.87966236394168,97.87966236394168,97.87966236394168,207038557.7250116
2026-07-11 14:00:00+00:00,98.54978275165399,98.54978275165399,98.54978275165399,98.54978275165399,191923845.15393433
2026-07-11 15:00:00+00:00,98.12556376309593,98.12556376309593,98.12556376309593,98.12556376309593,201762346.64378288
2026-07-11 16:00:00+00:00,100.00923730374363,100.00923730374363,100.00923730374363,100.00923730374363,209667197.43307778
2026-07-11 17:00:00+00:00,99.57396511915982,99.57396511915982,99.57396511915982,99.57396511915982,222386801.7028326
2026-07-11 18:00:00+00:00,99.91632072221685,99.91632072221685,99.91632072221685,99.91632072221685,216653159.65055794
2026-07-11 19:00:00+00:00,101.06302065080385,101.06302065080385,101.06302065080385,101.06302065080385,228244219.20960417
2026-07-11 20:00:00+00:00,101.75693981834235,101.75693981834235,101.75693981834235,101.75693981834235,231021727.79840547
2026-07-11 21:00:00+00:00,100.91311770650148,100.91311770650148,100.91311770650148,100.91311770650148,229996471.9026815
2026-07-11 22:00:00+00:00,100.67196424798864,100.67196424798864,100.67196424798864,100.67196424798864,233546783.4429162
2026-07-11 23:00:00+00:00,99.98860819776793,99.98860819776793,99.98860819776793,99.98860819776793,237094747.17147368
2026-07-12 00:00:00+00:00,98.08650576980592,98.08650576980592,98.08650576980592,98.08650576980592,237085945.017224
2026-07-12 01:00:00+00:00,97.6792117808514,97.6792117808514,97.6792117808514,97.6792117808514,236492612.83708274
2026-07-12 02:00:00+00:00,98.77315319261616,98.77315319261616,98.77315319261616,98.77315319261616,235063960.14118865
2026-07-12 03:00:00+00:00,98.93132933593058,98.93132933593058,98.93132933593058,98.93132933593058,241523623.94685176
2026-07-12 04:00:00+00:00,98.34606497726254,98.34606497726254,98.34606497726254,98.34606497726254,240260590.3142524
2026-07-12 05:00:00+00:00,98.30953582993416,98.30953582993416,98.30953582993416,98.30953582993416,241255765.60301408
2026-07-12 06:00:00+00:00,98.75020790216394,98.75020790216394,98.75020790216394,98.75020790216394,238476365.16344744
2026-07-12 07:00:00+00:00,97.50335152468587,97.50335152468587,97.50335152468587,97.50335152468587,238716900.42814574
2026-07-12 08:00:00+00:00,97.33837683035745,97.33837683035745,97.33837683035745,97.33837683035745,234095425.1136521
2026-07-12 09:00:00+00:00,98.41749249435463,98.41749249435463,98.41749249435463,98.41749249435463,234817320.41305843
2026-07-12 10:00:00+00:00,97.94727016217496,97.94727016217496,97.94727016217496,97.94727016217496,235118344.3296791
2026-07-12 11:00:00+00:00,97.65406391941742,97.65406391941742,97.65406391941742,97.65406391941742,227976276.77630815
2026-07-12 12:00:00+00:00,97.61860853290368,97.61860853290368,97.61860853290368,97.61860853290368,227103391.5828089
2026-07-12 13:00:00+00:00,98.08062866088135,98.08062866088135,98.08062866088135,98.08062866088135,222800497.28379428
2026-07-12 14:00:00+00:00,99.3217164201141,99.3217164201141,99.3217164201141,99.3217164201141,224580976.3697235
2026-07-12 15:00:00+00:00,99.10086978280125,99.10086978280125,99.10086978280125,99.10086978280125,209616396.50751996
2026-07-12 16:00:00+00:00,98.68398927613023,98.68398927613023,98.68398927613023,98.68398927613023,208220005.59221423
2026-07-12 17:00:00+00:00,99.09348253524028,99.09348253524028,99.09348253524028,99.09348253524028,208307918.4895309
2026-07-12 18:00:00+00:00,98.1672489361449,98.1672489361449,98.1672489361449,98.1672489361449,198054718.48674628
2026-07-12 19:00:00+00:00,98.14454341591944,98.14454341591944,98.14454341591944,98.14454341591944,191068572.42634994
2026-07-12 20:00:00+00:00,98.47249023873451,98.47249023873451,98.47249023873451,98.47249023873451,180960651.8485075
2026-07-12 21:00:00+00:00,98.49650478440759,98.49650478440759,98.49650478440759,98.49650478440759,175677368.87627327
2026-07-12 22:00:00+00:00,97.761071192483,97.761071192483,97.761071192483,97.761071192483,177393806.36378235
2026-07-12 23:00:00+00:00,97.61852869916136,97.61852869916136,97.61852869916136,97.61852869916136,176305364.9100253
2026-07-13 00:00:00+00:00,96.9060926202664,96.9060926202664,96.9060926202664,96.9060926202664,168784421.73451963
2026-07-13 01:00:00+00:00,96.77767540140681,96.77767540140681,96.77767540140681,96.77767540140681,168356825.67212647
2026-07-13 02:00:00+00:00,96.23407680182235,96.23407680182235,96.23407680182235,96.23407680182235,167228428.39263046
2026-07-13 03:00:00+00:00,96.05910576063067,96.05910576063067,96.05910576063067,96.05910576063067,167484102.12544867
2026-07-13 04:00:00+00:00,94.98046987853161,94.98046987853161,94.98046987853161,94.98046987853161,169709186.05872387
2026-07-13 05:00:00+00:00,94.1674444097897,94.1674444097897,94.1674444097897,94.1674444097897,168642727.65996304
2026-07-13 06:00:00+00:00,94.62952997024048,94.62952997024048,94.62952997024048,94.62952997024048,175192630.48633444
2026-07-13 07:00:00+00:00,94.20679520236094,94.20679520236094,94.20679520236094,94.20679520236094,169821889.60732454
2026-07-13 08:00:00+00:00,95.00250614109336,95.00250614109336,95.00250614109336,95.00250614109336,174116306.6724228
2026-07-13 09:00:00+00:00,95.54529698547361,95.54529698547361,95.54529698547361,95.54529698547361,175986566.87010694
2026-07-13 10:00:00+00:00,95.24102791921733,95.24102791921733,95.24102791921733,95.24102791921733,172997047.71856934
2026-07-13 11:00:00+00:00,96.26961388573925,96.26961388573925,96.26961388573925,96.26961388573925,172353705.86056167
2026-07-13 12:00:00+00:00,95.5858455854859,95.5858455854859,95.5858455854859,95.5858455854859,177846085.98059168
2026-07-13 13:00:00+00:00,95.11990486878652,95.11990486878652,95.11990486878652,95.11990486878652,180040335.9256478
2026-07-13 14:00:00+00:00,94.90383482035251,94.90383482035251,94.90383482035251,94.90383482035251,183755023.2204373
2026-07-13 15:00:00+00:00,95.70596927964364,95.70596927964364,95.70596927964364,95.70596927964364,187688606.32196903
2026-07-13 16:00:00+00:00,94.89206990442757,94.89206990442757,94.89206990442757,94.89206990442757,169421453.8070434
2026-07-13 17:00:00+00:00,95.00271412990806,95.00271412990806,95.00271412990806,95.00271412990806,185102206.9533467
2026-07-13 18:00:00+00:00,93.65583791990016,93.65583791990016,93.65583791990016,93.65583791990016,195702415.97101673
2026-07-13 19:00:00+00:00,94.2848226336701,94.2848226336701,94.2848226336701,94.2848226336701,197566067.20401362
2026-07-13 20:00:00+00:00,94.77339001753558,94.77339001753558,94.77339001753558,94.77339001753558,198249537.05489758
2026-07-13 21:00:00+00:00,94.19195559116349,94.19195559116349,94.19195559116349,94.19195559116349,198573819.29709646
2026-07-13 22:00:00+00:00,93.6798179197316,93.6798179197316,93.6798179197316,93.6798179197316,195691860.44425887
2026-07-13 23:00:00+00:00,93.87477280518927,93.87477280518927,93.87477280518927,93.87477280518927,193731228.27603135
2026-07-14 00:00:00+00:00,94.49931788404983,94.49931788404983,94.49931788404983,94.49931788404983,192380310.93985096
2026-07-14 01:00:00+00:00,95.62958427306684,95.62958427306684,95.62958427306684,95.62958427306684,189663257.67191735
2026-07-14 02:00:00+00:00,95.9315111751226,95.9315111751226,95.9315111751226,95.9315111751226,189855364.60565624
2026-07-14 03:00:00+00:00,95.52662638688815,95.52662638688815,95.52662638688815,95.52662638688815,188839960.36653647
2026-07-14 04:00:00+00:00,96.00300962256931,96.00300962256931,96.00300962256931,96.00300962256931,177973204.04929075
2026-07-14 05:00:00+00:00,96.02934429289462,96.02934429289462,96.02934429289462,96.02934429289462,176421873.94113725
2026-07-14 06:00:00+00:00,95.78644116961209,95.78644116961209,95.78644116961209,95.78644116961209,179948645.64474654
2026-07-14 07:00:00+00:00,95.84597222939956,95.84597222939956,95.84597222939956,95.84597222939956,175650150.08869278
2026-07-14 08:00:00+00:00,95.18907013984315,95.18907013984315,95.18907013984315,95.18907013984315,178149761.47601223
2026-07-14 09:00:00+00:00,95.49000247660366,95.49000247660366,95.49000247660366,95.49000247660366,178244041.3909799
2026-07-14 10:00:00+00:00,96.00329692508247,96.00329692508247,96.00329692508247,96.00329692508247,185019405.2235041
2026-07-14 11:00:00+00:00,96.1494552771392,96.1494552771392,96.1494552771392,96.1494552771392,184735528.25219536
2026-07-14 12:00:00+00:00,96.54459897871126,96.54459897871126,96.54459897871126,96.54459897871126,185829780.9005564
2026-07-14 13:00:00+00:00,98.08742603567408,98.08742603567408,98.08742603567408,98.08742603567408,201668502.54281998
2026-07-14 14:00:00+00:00,99.26370659974008,99.26370659974008,99.26370659974008,99.26370659974008,212950276.55479756
2026-07-14 15:00:00+00:00,98.64231004457687,98.64231004457687,98.64231004457687,98.64231004457687,214228932.4786035
2026-07-14 16:00:00+00:00,99.75451693522388,99.75451693522388,99.75451693522388,99.75451693522388,228569359.15887854
2026-07-14 17:00:00+00:00,99.92243550705332,99.92243550705332,99.92243550705332,99.92243550705332,222647534.3178661
2026-07-14 18:00:00+00:00,99.40323605560044,99.40323605560044,99.40323605560044,99.40323605560044,215051321.74783385
2026-07-14 19:00:00+00:00,98.83428975262964,98.83428975262964,98.83428975262964,98.83428975262964,212775448.2360818
2026-07-14 20:00:00+00:00,98.99765096346076,98.99765096346076,98.99765096346076,98.99765096346076,213425458.16534317
2026-07-14 21:00:00+00:00,99.37590994333031,99.37590994333031,99.37590994333031,99.37590994333031,218949826.24019247
2026-07-14 22:00:00+00:00,98.74366378261632,98.74366378261632,98.74366378261632,98.74366378261632,218656700.54114532
2026-07-14 23:00:00+00:00,98.71981530098071,98.71981530098071,98.71981530098071,98.71981530098071,218523523.619779
2026-07-15 00:00:00+00:00,98.87193303555618,98.87193303555618,98.87193303555618,98.87193303555618,218607216.85926676
2026-07-15 01:00:00+00:00,99.29620396390266,99.29620396390266,99.29620396390266,99.29620396390266,219895951.39330265
2026-07-15 02:00:00+00:00,98.65219003609096,98.65219003609096,98.65219003609096,98.65219003609096,217994913.895618
2026-07-15 03:00:00+00:00,98.0216836116366,98.0216836116366,98.0216836116366,98.0216836116366,217012979.24079132
2026-07-15 04:00:00+00:00,98.61029414596884,98.61029414596884,98.61029414596884,98.61029414596884,219571124.2540631
2026-07-15 05:00:00+00:00,98.25716335321641,98.25716335321641,98.25716335321641,98.25716335321641,218405173.04321218
2026-07-15 06:00:00+00:00,98.57786460944658,98.57786460944658,98.57786460944658,98.57786460944658,213399633.70588395
2026-07-15 07:00:00+00:00,98.14202392529748,98.14202392529748,98.14202392529748,98.14202392529748,226693128.9220575
2026-07-15 08:00:00+00:00,97.0720320794082,97.0720320794082,97.0720320794082,97.0720320794082,228459940.77932447
2026-07-15 09:00:00+00:00,97.75702620597018,97.75702620597018,97.75702620597018,97.75702620597018,231451837.5140297
2026-07-15 10:00:00+00:00,97.90270802507575,97.90270802507575,97.90270802507575,97.90270802507575,227878015.63691926
2026-07-15 11:00:00+00:00,98.04794108973033,98.04794108973033,98.04794108973033,98.04794108973033,229204644.94827512
2026-07-15 12:00:00+00:00,98.29895117484206,98.29895117484206,98.29895117484206,98.29895117484206,227320784.9360051
2026-07-15 13:00:00+00:00,99.31463929562078,99.31463929562078,99.31463929562078,99.31463929562078,218625729.2196673
2026-07-15 14:00:00+00:00,98.1451585878165,98.1451585878165,98.1451585878165,98.1451585878165,216966899.69388178
2026-07-15 15:00:00+00:00,97.67464749884637,97.67464749884637,97.67464749884637,97.67464749884637,213167278.28268525
2026-07-15 16:00:00+00:00,97.08487657117173,97.08487657117173,97.08487657117173,97.08487657117173,199102844.83083728
2026-07-15 17:00:00+00:00,96.38774212742113,96.38774212742113,96.38774212742113,96.38774212742113,197986547.08589685
2026-07-15 18:00:00+00:00,96.70182002401577,96.70182002401577,96.70182002401577,96.70182002401577,200001074.46036342
2026-07-15 19:00:00+00:00,96.6515668467478,96.6515668467478,96.6515668467478,96.6515668467478,199656967.32418486
2026-07-15 20:00:00+00:00,96.82016396195023,96.82016396195023,96.82016396195023,96.82016396195023,199496220.8675551
2026-07-15 21:00:00+00:00,96.6796943999671,96.6796943999671,96.6796943999671,96.6796943999671,196828558.1035948
2026-07-15 22:00:00+00:00,96.4086396043801,96.4086396043801,96.4086396043801,96.4086396043801,196192906.42260113
2026-07-15 23:00:00+00:00,96.28506036285971,96.28506036285971,96.28506036285971,96.28506036285971,194461115.8463678
2026-07-16 00:00:00+00:00,95.74009491889744,95.74009491889744,95.74009491889744,95.74009491889744,194932080.25696886
2026-07-16 01:00:00+00:00,95.71902023819617,95.71902023819617,95.71902023819617,95.71902023819617,193723413.33187556
2026-07-16 02:00:00+00:00,96.28030069263055,96.28030069263055,96.28030069263055,96.28030069263055,195047519.63369465
2026-07-16 03:00:00+00:00,96.6128796816815,96.6128796816815,96.6128796816815,96.6128796816815,195446935.6283458
2026-07-16 04:00:00+00:00,96.22886388931035,96.22886388931035,96.22886388931035,96.22886388931035,194739972.9419267
2026-07-16 05:00:00+00:00,96.11275967977292,96.11275967977292,96.11275967977292,96.11275967977292,193307669.2286957
2026-07-16 06:00:00+00:00,96.14910713575783,96.14910713575783,96.14910713575783,96.14910713575783,192197418.84346214
2026-07-16 07:00:00+00:00,95.6798478227931,95.6798478227931,95.6798478227931,95.6798478227931,180277893.54017955
2026-07-16 08:00:00+00:00,94.47922144089422,94.47922144089422,94.47922144089422,94.47922144089422,185061425.67274275
2026-07-16 09:00:00+00:00,94.169929484243,94.169929484243,94.169929484243,94.169929484243,190303264.74554065
2026-07-16 10:00:00+00:00,94.72221772412107,94.72221772412107,94.72221772412107,94.72221772412107,191828842.5035205
2026-07-16 11:00:00+00:00,94.68095282172473,94.68095282172473,94.68095282172473,94.68095282172473,191091956.116033
2026-07-16 12:00:00+00:00,94.01920870987503,94.01920870987503,94.01920870987503,94.01920870987503,191062449.0474573
2026-07-16 13:00:00+00:00,93.99071730863521,93.99071730863521,93.99071730863521,93.99071730863521,190238704.70045632
2026-07-16 14:00:00+00:00,94.12112351226357,94.12112351226357,94.12112351226357,94.12112351226357,183711119.8226015
2026-07-16 15:00:00+00:00,93.10188944562093,93.10188944562093,93.10188944562093,93.10188944562093,181383668.95410964
2026-07-16 16:00:00+00:00,92.42969305989051,92.42969305989051,92.42969305989051,92.42969305989051,179035428.15035307
2026-07-16 17:00:00+00:00,92.07267222050055,92.07267222050055,92.07267222050055,92.07267222050055,174292434.6036526
2026-07-16 18:00:00+00:00,92.15501760993921,92.15501760993921,92.15501760993921,92.15501760993921,176742088.50607297
2026-07-16 19:00:00+00:00,92.4722765992554,92.4722765992554,92.4722765992554,92.4722765992554,173007412.56908935
2026-07-16 20:00:00+00:00,92.35737716335386,92.35737716335386,92.35737716335386,92.35737716335386,173895603.70039234
2026-07-16 21:00:00+00:00,92.2657117993748,92.2657117993748,92.2657117993748,92.2657117993748,175238068.0426751
2026-07-16 22:00:00+00:00,92.12545406836334,92.12545406836334,92.12545406836334,92.12545406836334,175901548.44853517
2026-07-16 23:00:00+00:00,91.38936333057191,91.38936333057191,91.38936333057191,91.38936333057191,182571190.19511518
2026-07-17 00:00:00+00:00,91.13383730937959,91.13383730937959,91.13383730937959,91.13383730937959,185985505.98518476
2026-07-17 01:00:00+00:00,91.3382627067609,91.3382627067609,91.3382627067609,91.3382627067609,187656920.48545378
2026-07-17 02:00:00+00:00,90.48560238459554,90.48560238459554,90.48560238459554,90.48560238459554,190341840.94277665
2026-07-17 03:00:00+00:00,90.31518648765794,90.31518648765794,90.31518648765794,90.31518648765794,190708972.69275245
2026-07-17 04:00:00+00:00,90.6746811915569,90.6746811915569,90.6746811915569,90.6746811915569,188050053.9630297
2026-07-17 05:00:00+00:00,91.20167092205514,91.20167092205514,91.20167092205514,91.20167092205514,190435237.1602358
2026-07-17 06:00:00+00:00,90.41716376114381,90.41716376114381,90.41716376114381,90.41716376114381,197165809.9167569
2026-07-17 07:00:00+00:00,90.81934209673453,90.81934209673453,90.81934209673453,90.81934209673453,191600943.02468383
2026-07-17 08:00:00+00:00,90.43249302172585,90.43249302172585,90.43249302172585,90.43249302172585,188472232.03317985
2026-07-17 09:00:00+00:00,90.37114758868464,90.37114758868464,90.37114758868464,90.37114758868464,183399015.06808138
2026-07-17 10:00:00+00:00,90.7262448615148,90.7262448615148,90.7262448615148,90.7262448615148,183227651.7626861
2026-07-17 11:00:00+00:00,90.60059099800768,90.60059099800768,90.60059099800768,90.60059099800768,182130731.9982591
2026-07-17 12:00:00+00:00,90.73401888894944,90.73401888894944,90.73401888894944,90.73401888894944,179009370.820956
2026-07-17 13:00:00+00:00,90.45423622820681,90.45423622820681,90.45423622820681,90.45423622820681,177222079.3741226
2026-07-17 14:00:00+00:00,90.87188480743572,90.87188480743572,90.87188480743572,90.87188480743572,180528679.61974856
2026-07-17 15:00:00+00:00,90.7718913844085,90.7718913844085,90.7718913844085,90.7718913844085,178667069.43171015
2026-07-17 16:00:00+00:00,91.4135472395061,91.4135472395061,91.4135472395061,91.4135472395061,169672790.2583928
2026-07-17 17:00:00+00:00,91.2114443079726,91.2114443079726,91.2114443079726,91.2114443079726,169154907.3787483
2026-07-17 18:00:00+00:00,90.87538844551857,90.87538844551857,90.87538844551857,90.87538844551857,181321769.70025343
2026-07-17 19:00:00+00:00,90.7997005109336,90.7997005109336,90.7997005109336,90.7997005109336,180228030.41298574
2026-07-17 20:00:00+00:00,90.46151910366486,90.46151910366486,90.46151910366486,90.46151910366486,179760471.86377993
2026-07-17 21:00:00+00:00,90.50173470380567,90.50173470380567,90.50173470380567,90.50173470380567,173181409.20210302
2026-07-17 22:00:00+00:00,90.55525584356411,90.55525584356411,90.55525584356411,90.55525584356411,173413759.8472737
2026-07-17 23:00:00+00:00,90.10673820808607,90.10673820808607,90.10673820808607,90.10673820808607,171307102.4681785
2026-07-18 00:00:00+00:00,89.95682270344092,89.95682270344092,89.95682270344092,89.95682270344092,174585912.6190315
2026-07-18 01:00:00+00:00,89.69060881986715,89.69060881986715,89.69060881986715,89.69060881986715,171967548.23010594
2026-07-18 02:00:00+00:00,89.58697219721013,89.58697219721013,89.58697219721013,89.58697219721013,166367577.76317444
2026-07-18 03:00:00+00:00,89.40061527532063,89.40061527532063,89.40061527532063,89.40061527532063,165987415.08659005
2026-07-18 04:00:00+00:00,89.4996188023098,89.4996188023098,89.4996188023098,89.4996188023098,165210320.6806541
2026-07-18 05:00:00+00:00,88.71530392873377,88.71530392873377,88.71530392873377,88.71530392873377,167949023.66217113
2026-07-18 06:00:00+00:00,87.98809662961587,87.98809662961587,87.98809662961587,87.98809662961587,171845614.18980598
2026-07-18 07:00:00+00:00,87.97044183880374,87.97044183880374,87.97044183880374,87.97044183880374,179546187.32655472
2026-07-18 08:00:00+00:00,87.93263470352508,87.93263470352508,87.93263470352508,87.93263470352508,171615746.23524427
2026-07-18 09:00:00+00:00,88.19626512384676,88.19626512384676,88.19626512384676,88.19626512384676,166221725.7433804
2026-07-18 10:00:00+00:00,87.93788149892622,87.93788149892622,87.93788149892622,87.93788149892622,169501199.50279254
2026-07-18 11:00:00+00:00,87.72435108770996,87.72435108770996,87.72435108770996,87.72435108770996,177150413.12783387
2026-07-18 12:00:00+00:00,87.79168752932817,87.79168752932817,87.79168752932817,87.79168752932817,178586613.37323695
2026-07-18 13:00:00+00:00,88.0489932323965,88.0489932323965,88.0489932323965,88.0489932323965,179986621.86538494
2026-07-18 14:00:00+00:00,87.99967727452126,87.99967727452126,87.99967727452126,87.99967727452126,173016111.00101554
2026-07-18 15:00:00+00:00,88.89732882829706,88.89732882829706,88.89732882829706,88.89732882829706,172887425.05690265
2026-07-18 16:00:00+00:00,88.80807631688928,88.80807631688928,88.80807631688928,88.80807631688928,170012700.9574749
2026-07-18 17:00:00+00:00,88.81492949735912,88.81492949735912,88.81492949735912,88.81492949735912,166524244.2243046
2026-07-18 18:00:00+00:00,89.08922967744674,89.08922967744674,89.08922967744674,89.08922967744674,155751729.4117634
2026-07-18 19:00:00+00:00,89.3384117307713,89.3384117307713,89.3384117307713,89.3384117307713,157955452.37554795
2026-07-18 20:00:00+00:00,89.51984844062102,89.51984844062102,89.51984844062102,89.51984844062102,156674350.83963066
2026-07-18 21:00:00+00:00,89.73500404568972,89.73500404568972,89.73500404568972,89.73500404568972,156653502.06479603
2026-07-18 22:00:00+00:00,89.87011580356015,89.87011580356015,89.87011580356015,89.87011580356015,157407799.3445049
2026-07-18 23:00:00+00:00,90.01482843105896,90.01482843105896,90.01482843105896,90.01482843105896,155652769.39174718
2026-07-19 00:00:00+00:00,89.9129364614221,89.9129364614221,89.9129364614221,89.9129364614221,152569709.62929153
2026-07-19 01:00:00+00:00,90.15435133456354,90.15435133456354,90.15435133456354,90.15435133456354,152441293.97126287
2026-07-19 02:00:00+00:00,89.76748215953117,89.76748215953117,89.76748215953117,89.76748215953117,150673424.89915177
2026-07-19 03:00:00+00:00,90.06436200801616,90.06436200801616,90.06436200801616,90.06436200801616,150153877.7726579
2026-07-19 04:00:00+00:00,90.04070922163271,90.04070922163271,90.04070922163271,90.04070922163271,149717198.96847886
2026-07-19 05:00:00+00:00,90.15193135696717,90.15193135696717,90.15193135696717,90.15193135696717,144346700.71692014
2026-07-19 06:00:00+00:00,90.58625884523265,90.58625884523265,90.58625884523265,90.58625884523265,138360666.96674508
2026-07-19 07:00:00+00:00,90.43984647077272,90.43984647077272,90.43984647077272,90.43984647077272,128569624.95678379
2026-07-19 08:00:00+00:00,90.74884231697156,90.74884231697156,90.74884231697156,90.74884231697156,129930811.64506632
2026-07-19 09:00:00+00:00,90.37127105398127,90.37127105398127,90.37127105398127,90.37127105398127,130200796.67434505
2026-07-19 10:00:00+00:00,90.21625899281563,90.21625899281563,90.21625899281563,90.21625899281563,128363783.19074272
2026-07-19 11:00:00+00:00,89.98011508285002,89.98011508285002,89.98011508285002,89.98011508285002,124696506.47014289
2026-07-19 12:00:00+00:00,89.25204591138656,89.25204591138656,89.25204591138656,89.25204591138656,123235048.6389849
2026-07-19 13:00:00+00:00,89.50410758255349,89.50410758255349,89.50410758255349,89.50410758255349,123539623.23461995
2026-07-19 14:00:00+00:00,89.53535052945783,89.53535052945783,89.53535052945783,89.53535052945783,123744558.16940157
2026-07-19 15:00:00+00:00,89.6514721480425,89.6514721480425,89.6514721480425,89.6514721480425,119990129.82132138
2026-07-19 16:00:00+00:00,89.60436667782596,89.60436667782596,89.60436667782596,89.60436667782596,115824633.74930172
2026-07-19 17:00:00+00:00,89.11641434759483,89.11641434759483,89.11641434759483,89.11641434759483,115973058.58325145
2026-07-19 18:00:00+00:00,89.15758181794638,89.15758181794638,89.15758181794638,89.15758181794638,115878674.78269842
2026-07-19 19:00:00+00:00,88.89602756454934,88.89602756454934,88.89602756454934,88.89602756454934,114385009.89531481
2026-07-19 20:00:00+00:00,89.06678475690184,89.06678475690184,89.06678475690184,89.06678475690184,114082696.3992172
2026-07-19 21:00:00+00:00,89.00191370838897,89.00191370838897,89.00191370838897,89.00191370838897,114162988.14366561
2026-07-19 22:00:00+00:00,88.88243947017605,88.88243947017605,88.88243947017605,88.88243947017605,113423339.37922588
2026-07-19 23:00:00+00:00,89.18621139442277,89.18621139442277,89.18621139442277,89.18621139442277,114573203.50428544
2026-07-20 00:00:00+00:00,89.48708248478194,89.48708248478194,89.48708248478194,89.48708248478194,115124153.8285216
2026-07-20 01:00:00+00:00,89.37921802707265,89.37921802707265,89.37921802707265,89.37921802707265,117558179.24954191
2026-07-20 02:00:00+00:00,88.94646499604563,88.94646499604563,88.94646499604563,88.94646499604563,118214721.66477348
2026-07-20 03:00:00+00:00,89.58685917306511,89.58685917306511,89.58685917306511,89.58685917306511,119231688.45129582
2026-07-20 04:00:00+00:00,89.71234247280704,89.71234247280704,89.71234247280704,89.71234247280704,119509558.17182007
2026-07-20 05:00:00+00:00,89.51498652021668,89.51498652021668,89.51498652021668,89.51498652021668,120569478.87103271
2026-07-20 06:00:00+00:00,89.11702918745333,89.11702918745333,89.11702918745333,89.11702918745333,121368913.29352097
2026-07-20 07:00:00+00:00,89.70126752615788,89.70126752615788,89.70126752615788,89.70126752615788,126871331.33948745
2026-07-20 08:00:00+00:00,90.16036987993405,90.16036987993405,90.16036987993405,90.16036987993405,127775894.57952498
2026-07-20 09:00:00+00:00,89.84987846885936,89.84987846885936,89.84987846885936,89.84987846885936,129176852.70512436
2026-07-20 10:00:00+00:00,90.73472652286935,90.73472652286935,90.73472652286935,90.73472652286935,131676282.46726805
2026-07-20 11:00:00+00:00,90.4304864170656,90.4304864170656,90.4304864170656,90.4304864170656,132931214.54430296
2026-07-20 12:00:00+00:00,90.89261022991236,90.89261022991236,90.89261022991236,90.89261022991236,127623025.62674122
2026-07-20 13:00:00+00:00,90.34939741140994,90.34939741140994,90.34939741140994,90.34939741140994,134306775.87285575
2026-07-20 14:00:00+00:00,89.56825138868871,89.56825138868871,89.56825138868871,89.56825138868871,136836706.2398242
2026-07-20 15:00:00+00:00,88.44756273151741,88.44756273151741,88.44756273151741,88.44756273151741,138461740.84491542
2026-07-20 16:00:00+00:00,89.62597325677382,89.62597325677382,89.62597325677382,89.62597325677382,151851403.74087143
2026-07-20 17:00:00+00:00,89.24375628154759,89.24375628154759,89.24375628154759,89.24375628154759,154830740.5107362
2026-07-20 18:00:00+00:00,89.14149498546051,89.14149498546051,89.14149498546051,89.14149498546051,159935930.1210869
2026-07-20 19:00:00+00:00,89.41189382839706,89.41189382839706,89.41189382839706,89.41189382839706,163907422.25147372
2026-07-20 20:00:00+00:00,89.59065523867027,89.59065523867027,89.59065523867027,89.59065523867027,167056899.01576683
2026-07-20 21:00:00+00:00,89.78266482082451,89.78266482082451,89.78266482082451,89.78266482082451,168050362.16066575
2026-07-20 22:00:00+00:00,89.54253720418376,89.54253720418376,89.54253720418376,89.54253720418376,166999057.95836112
2026-07-20 23:00:00+00:00,89.54884227853971,89.54884227853971,89.54884227853971,89.54884227853971,165810282.1189784
2026-07-21 00:00:00+00:00,89.76685275168255,89.76685275168255,89.76685275168255,89.76685275168255,164462423.49745867
2026-07-21 01:00:00+00:00,90.71525271312468,90.71525271312468,90.71525271312468,90.71525271312468,166830754.55224255
2026-07-21 02:00:00+00:00,90.61795615151188,90.61795615151188,90.61795615151188,90.61795615151188,166315145.0879474
2026-07-21 03:00:00+00:00,90.81937217529617,90.81937217529617,90.81937217529617,90.81937217529617,161526465.3927799
2026-07-21 04:00:00+00:00,92.51352501248132,92.51352501248132,92.51352501248132,92.51352501248132,170842345.17088968
2026-07-21 05:00:00+00:00,92.81573310094637,92.81573310094637,92.81573310094637,92.81573310094637,181932017.11607304
2026-07-21 06:00:00+00:00,93.01946059636259,93.01946059636259,93.01946059636259,93.01946059636259,183302071.31985837
2026-07-21 07:00:00+00:00,93.54384747889384,93.54384747889384,93.54384747889384,93.54384747889384,188992306.52444446
2026-07-21 08:00:00+00:00,94.86196954057093,94.86196954057093,94.86196954057093,94.86196954057093,198468911.22408468
2026-07-21 09:00:00+00:00,94.71983315307419,94.71983315307419,94.71983315307419,94.71983315307419,201249241.39888978
2026-07-21 10:00:00+00:00,95.26984480740886,95.26984480740886,95.26984480740886,95.26984480740886,205037143.85700136
2026-07-21 11:00:00+00:00,94.36466081990694,94.36466081990694,94.36466081990694,94.36466081990694,211858838.84884888
2026-07-21 12:00:00+00:00,94.75425566200063,94.75425566200063,94.75425566200063,94.75425566200063,214828924.3141129
2026-07-21 13:00:00+00:00,94.17561931150975,94.17561931150975,94.17561931150975,94.17561931150975,214991628.22043386
2026-07-21 14:00:00+00:00,94.647877397597,94.647877397597,94.647877397597,94.647877397597,214856736.39395583
2026-07-21 15:00:00+00:00,94.53644922853968,94.53644922853968,94.53644922853968,94.53644922853968,209161056.2574245
2026-07-21 16:00:00+00:00,96.02817483399899,96.02817483399899,96.02817483399899,96.02817483399899,220309595.07296354
2026-07-21 17:00:00+00:00,96.19547352278472,96.19547352278472,96.19547352278472,96.19547352278472,215466248.76474515
2026-07-21 18:00:00+00:00,95.0296155349988,95.0296155349988,95.0296155349988,95.0296155349988,214630168.97321522
2026-07-21 19:00:00+00:00,95.59169244630056,95.59169244630056,95.59169244630056,95.59169244630056,209151645.79325137
2026-07-21 20:00:00+00:00,95.29175321542348,95.29175321542348,95.29175321542348,95.29175321542348,207554456.62417325
2026-07-21 21:00:00+00:00,94.9035958244992,94.9035958244992,94.9035958244992,94.9035958244992,212105741.34816405
2026-07-21 22:00:00+00:00,95.07747320305684,95.07747320305684,95.07747320305684,95.07747320305684,213237343.8230072
2026-07-21 23:00:00+00:00,95.77241256619935,95.77241256619935,95.77241256619935,95.77241256619935,208703339.02281165
2026-07-22 00:00:00+00:00,95.56901273682537,95.56901273682537,95.56901273682537,95.56901273682537,210704974.94747922
2026-07-22 01:00:00+00:00,95.71283172541442,95.71283172541442,95.71283172541442,95.71283172541442,209225218.76287767
2026-07-22 02:00:00+00:00,96.76290365075971,96.76290365075971,96.76290365075971,96.76290365075971,217126219.30679658
2026-07-22 03:00:00+00:00,96.91848576080841,96.91848576080841,96.91848576080841,96.91848576080841,218795270.11406037
2026-07-22 04:00:00+00:00,96.03529347968933,96.03529347968933,96.03529347968933,96.03529347968933,213865628.6230995
2026-07-22 05:00:00+00:00,96.9581884216597,96.9581884216597,96.9581884216597,96.9581884216597,210670949.80690148
2026-07-22 06:00:00+00:00,96.03743542642562,96.03743542642562,96.03743542642562,96.03743542642562,224917538.53906962
2026-07-22 07:00:00+00:00,95.6325152284678,95.6325152284678,95.6325152284678,95.6325152284678,228916308.66343972
2026-07-22 08:00:00+00:00,95.58267620137971,95.58267620137971,95.58267620137971,95.58267620137971,233117456.44410655
2026-07-22 09:00:00+00:00,96.22290811399738,96.22290811399738,96.22290811399738,96.22290811399738,237874164.75858435
2026-07-22 10:00:00+00:00,95.38943269402044,95.38943269402044,95.38943269402044,95.38943269402044,236953672.804795
2026-07-22 11:00:00+00:00,96.03759285766486,96.03759285766486,96.03759285766486,96.03759285766486,239584107.93360332
2026-07-22 12:00:00+00:00,96.0099398091604,96.0099398091604,96.0099398091604,96.0099398091604,238811958.94579595
2026-07-22 13:00:00+00:00,96.63683853907021,96.63683853907021,96.63683853907021,96.63683853907021,242686655.42219433
2026-07-22 14:00:00+00:00,97.83610734828942,97.83610734828942,97.83610734828942,97.83610734828942,246173480.5924326
2026-07-22 15:00:00+00:00,97.15604582428453,97.15604582428453,97.15604582428453,97.15604582428453,261824944.8455479
2026-07-22 16:00:00+00:00,97.4825594617648,97.4825594617648,97.4825594617648,97.4825594617648,256225120.14634922
2026-07-22 17:00:00+00:00,98.5005895948073,98.5005895948073,98.5005895948073,98.5005895948073,266593653.01634127
2026-07-22 18:00:00+00:00,97.3242350019222,97.3242350019222,97.3242350019222,97.3242350019222,269847531.067659
2026-07-22 19:00:00+00:00,97.86387368938055,97.86387368938055,97.86387368938055,97.86387368938055,278201351.38159114
2026-07-22 20:00:00+00:00,97.76966499912794,97.76966499912794,97.76966499912794,97.76966499912794,271656933.51449966
2026-07-22 21:00:00+00:00,98.16034243145509,98.16034243145509,98.16034243145509,98.16034243145509,279858585.372385
2026-07-22 22:00:00+00:00,98.01607785410059,98.01607785410059,98.01607785410059,98.01607785410059,283996702.6692705
2026-07-22 23:00:00+00:00,97.44221684783606,97.44221684783606,97.44221684783606,97.44221684783606,272428980.57072586
2026-07-23 00:00:00+00:00,97.37989153603958,97.37989153603958,97.37989153603958,97.37989153603958,276540171.2123773
2026-07-23 01:00:00+00:00,98.0233499251484,98.0233499251484,98.0233499251484,98.0233499251484,285933270.4229382
2026-07-23 02:00:00+00:00,98.2087559988518,98.2087559988518,98.2087559988518,98.2087559988518,283207258.71032923
2026-07-23 03:00:00+00:00,97.85966059680464,97.85966059680464,97.85966059680464,97.85966059680464,280062018.55990946
2026-07-23 04:00:00+00:00,96.82560146685977,96.82560146685977,96.82560146685977,96.82560146685977,269225122.1778113
2026-07-23 05:00:00+00:00,96.82439775895287,96.82439775895287,96.82439775895287,96.82439775895287,267355973.60976782
2026-07-23 06:00:00+00:00,97.20238335416727,97.20238335416727,97.20238335416727,97.20238335416727,252922228.31434324
2026-07-23 07:00:00+00:00,97.36745919765605,97.36745919765605,97.36745919765605,97.36745919765605,249938217.63503733
2026-07-23 08:00:00+00:00,97.03721650278531,97.03721650278531,97.03721650278531,97.03721650278531,233875395.25777316
2026-07-23 09:00:00+00:00,97.27934834802298,97.27934834802298,97.27934834802298,97.27934834802298,219914471.21734083
2026-07-23 10:00:00+00:00,97.26085531234055,97.26085531234055,97.26085531234055,97.26085531234055,214593151.8235533
2026-07-23 11:00:00+00:00,97.01145776751846,97.01145776751846,97.01145776751846,97.01145776751846,210213324.19211698
2026-07-23 12:00:00+00:00,96.57904481818885,96.57904481818885,96.57904481818885,96.57904481818885,208990287.41535348
2026-07-23 13:00:00+00:00,96.14152855827753,96.14152855827753,96.14152855827753,96.14152855827753,213973339.84727752
2026-07-23 14:00:00+00:00,96.09111525999117,96.09111525999117,96.09111525999117,96.09111525999117,208863530.29964364
2026-07-23 15:00:00+00:00,95.86803900757134,95.86803900757134,95.86803900757134,95.86803900757134,195593601.07787302
2026-07-23 16:00:00+00:00,95.82464121906663,95.82464121906663,95.82464121906663,95.82464121906663,192042803.98404136
2026-07-23 17:00:00+00:00,96.00858447843822,96.00858447843822,96.00858447843822,96.00858447843822,179529914.9762836
2026-07-23 18:00:00+00:00,95.31385180886453,95.31385180886453,95.31385180886453,95.31385180886453,176149265.15038058
2026-07-23 19:00:00+00:00,95.43599598818926,95.43599598818926,95.43599598818926,95.43599598818926,169319122.04458714
2026-07-23 20:00:00+00:00,95.36032836775195,95.36032836775195,95.36032836775195,95.36032836775195,168483727.64702165
2026-07-23 21:00:00+00:00,96.15881234889922,96.15881234889922,96.15881234889922,96.15881234889922,168267820.28271863
2026-07-23 22:00:00+00:00,95.65352067592353,95.65352067592353,95.65352067592353,95.65352067592353,158370781.58331165
2026-07-23 23:00:00+00:00,95.83671747618196,95.83671747618196,95.83671747618196,95.83671747618196,161032012.41609815
2026-07-24 00:00:00+00:00,94.91083798819406,94.91083798819406,94.91083798819406,94.91083798819406,152761591.44628125
2026-07-24 01:00:00+00:00,95.23292297350783,95.23292297350783,95.23292297350783,95.23292297350783,159714209.85775152
2026-07-24 02:00:00+00:00,95.47730727283113,95.47730727283113,95.47730727283113,95.47730727283113,159544919.64672318
2026-07-24 03:00:00+00:00,94.80960435354608,94.80960435354608,94.80960435354608,94.80960435354608,156744890.95181683
2026-07-24 04:00:00+00:00,95.336686870958,95.336686870958,95.336686870958,95.336686870958,150663663.15325245
2026-07-24 05:00:00+00:00,95.11471938402809,95.11471938402809,95.11471938402809,95.11471938402809,154937320.82424876
2026-07-24 06:00:00+00:00,95.76839171472422,95.76839171472422,95.76839171472422,95.76839171472422,158036372.2485267
2026-07-24 07:00:00+00:00,96.40817385902241,96.40817385902241,96.40817385902241,96.40817385902241,160554653.22455907
2026-07-24 08:00:00+00:00,96.18789660820889,96.18789660820889,96.18789660820889,96.18789660820889,160214737.14237937
2026-07-24 09:00:00+00:00,95.78837585469141,95.78837585469141,95.78837585469141,95.78837585469141,165016439.67785847
2026-07-24 10:00:00+00:00,96.09643134191062,96.09643134191062,96.09643134191062,96.09643134191062,167636611.30605707
2026-07-24 11:00:00+00:00,95.54593851006199,95.54593851006199,95.54593851006199,95.54593851006199,164728378.82089406
2026-07-24 12:00:00+00:00,95.54098809146409,95.54098809146409,95.54098809146409,95.54098809146409,162265910.91313538
2026-07-24 13:00:00+00:00,94.68007636857308,94.68007636857308,94.68007636857308,94.68007636857308,155734395.94428304
2026-07-24 14:00:00+00:00,94.19528768424298,94.19528768424298,94.19528768424298,94.19528768424298,157338821.43657413
2026-07-24 15:00:00+00:00,94.53241762768708,94.53241762768708,94.53241762768708,94.53241762768708,158385146.2795114
2026-07-24 16:00:00+00:00,94.61916624261546,94.61916624261546,94.61916624261546,94.61916624261546,156939228.9746773
2026-07-24 17:00:00+00:00,94.51199431574112,94.51199431574112,94.51199431574112,94.51199431574112,154360902.0677029
2026-07-24 18:00:00+00:00,94.09765618549093,94.09765618549093,94.09765618549093,94.09765618549093,153637253.13022003
2026-07-24 19:00:00+00:00,93.93822678884496,93.93822678884496,93.93822678884496,93.93822678884496,152147167.35374826
2026-07-24 20:00:00+00:00,93.79251068947009,93.79251068947009,93.79251068947009,93.79251068947009,149986001.38024402
2026-07-24 21:00:00+00:00,93.60737636383567,93.60737636383567,93.60737636383567,93.60737636383567,148415370.49044442
2026-07-24 22:00:00+00:00,92.62862227969558,92.62862227969558,92.62862227969558,92.62862227969558,149260477.19199482
2026-07-24 23:00:00+00:00,93.0532194348103,93.0532194348103,93.0532194348103,93.0532194348103,151308194.4863752
2026-07-25 00:00:00+00:00,92.82944717071607,92.82944717071607,92.82944717071607,92.82944717071607,149234759.14544034
2026-07-25 01:00:00+00:00,91.88010587018506,91.88010587018506,91.88010587018506,91.88010587018506,151130866.62250063
2026-07-25 02:00:00+00:00,91.00104101413682,91.00104101413682,91.00104101413682,91.00104101413682,152998600.62090907
2026-07-25 03:00:00+00:00,91.0574604347059,91.0574604347059,91.0574604347059,91.0574604347059,153329442.81332365
2026-07-25 04:00:00+00:00,91.56363048521308,91.56363048521308,91.56363048521308,91.56363048521308,155320173.74969348
2026-07-25 05:00:00+00:00,91.63034741473508,91.63034741473508,91.63034741473508,91.63034741473508,155982921.1309059
2026-07-25 06:00:00+00:00,91.53270821875049,91.53270821875049,91.53270821875049,91.53270821875049,156875616.93918943
2026-07-25 07:00:00+00:00,91.24189219698934,91.24189219698934,91.24189219698934,91.24189219698934,155794072.38913304
2026-07-25 08:00:00+00:00,90.81178070389886,90.81178070389886,90.81178070389886,90.81178070389886,154525912.4705663
2026-07-25 09:00:00+00:00,90.81542838957544,90.81542838957544,90.81542838957544,90.81542838957544,143253644.44458476
2026-07-25 10:00:00+00:00,91.14100819255145,91.14100819255145,91.14100819255145,91.14100819255145,140553412.47230393
2026-07-25 11:00:00+00:00,90.94756665255869,90.94756665255869,90.94756665255869,90.94756665255869,139293568.8704789
2026-07-25 12:00:00+00:00,90.75162301308228,90.75162301308228,90.75162301308228,90.75162301308228,138566122.52734804
2026-07-25 13:00:00+00:00,90.76376449435352,90.76376449435352,90.76376449435352,90.76376449435352,137501736.62544706
2026-07-25 14:00:00+00:00,90.73866871980833,90.73866871980833,90.73866871980833,90.73866871980833,135748434.5842315
2026-07-25 15:00:00+00:00,91.36296229860044,91.36296229860044,91.36296229860044,91.36296229860044,132981831.43162689
2026-07-25 16:00:00+00:00,91.84542172378048,91.84542172378048,91.84542172378048,91.84542172378048,132014804.84663978
2026-07-25 17:00:00+00:00,91.91312018678114,91.91312018678114,91.91312018678114,91.91312018678114,132670881.85537378
2026-07-25 18:00:00+00:00,92.53460399208464,92.53460399208464,92.53460399208464,92.53460399208464,132333752.14586565
2026-07-25 19:00:00+00:00,92.01770344038549,92.01770344038549,92.01770344038549,92.01770344038549,125795305.836032
2026-07-25 20:00:00+00:00,91.73044692071848,91.73044692071848,91.73044692071848,91.73044692071848,124384990.63120018
2026-07-25 21:00:00+00:00,91.21509611898183,91.21509611898183,91.21509611898183,91.21509611898183,128802919.63977344
2026-07-25 22:00:00+00:00,91.51069080301843,91.51069080301843,91.51069080301843,91.51069080301843,121615702.37628868
2026-07-25 23:00:00+00:00,92.27645918447696,92.27645918447696,92.27645918447696,92.27645918447696,124204538.32269265
2026-07-26 00:00:00+00:00,92.04800806406968,92.04800806406968,92.04800806406968,92.04800806406968,123440725.94310221
2026-07-26 01:00:00+00:00,92.09422787738588,92.09422787738588,92.09422787738588,92.09422787738588,119075578.85501526
2026-07-26 02:00:00+00:00,92.25752296802048,92.25752296802048,92.25752296802048,92.25752296802048,115079463.45257396
2026-07-26 03:00:00+00:00,92.49867329092518,92.49867329092518,92.49867329092518,92.49867329092518,118680889.67769755
2026-07-26 04:00:00+00:00,92.2529196913907,92.2529196913907,92.2529196913907,92.2529196913907,117429251.43508008
2026-07-26 05:00:00+00:00,92.1487838698904,92.1487838698904,92.1487838698904,92.1487838698904,114488769.85037749
2026-07-26 06:00:00+00:00,92.12759020984169,92.12759020984169,92.12759020984169,92.12759020984169,120386049.08669624
2026-07-26 07:00:00+00:00,93.51626406198999,93.51626406198999,93.51626406198999,93.51626406198999,143032737.555296
2026-07-26 08:00:00+00:00,93.00767606146762,93.00767606146762,93.00767606146762,93.00767606146762,141758823.18728527
2026-07-26 09:00:00+00:00,93.1282823121683,93.1282823121683,93.1282823121683,93.1282823121683,142667292.2463713
2026-07-26 10:00:00+00:00,93.33635167357681,93.33635167357681,93.33635167357681,93.33635167357681,144275049.9079905
2026-07-26 11:00:00+00:00,95.77489391309868,95.77489391309868,95.77489391309868,95.77489391309868,154512054.72460043
2026-07-26 12:00:00+00:00,95.92184653544784,95.92184653544784,95.92184653544784,95.92184653544784,165898906.31987414
2026-07-26 13:00:00+00:00,95.65468558959458,95.65468558959458,95.65468558959458,95.65468558959458,175669401.00119552
2026-07-26 14:00:00+00:00,96.1584449255912,96.1584449255912,96.1584449255912,96.1584449255912,181710623.2525847
2026-07-26 15:00:00+00:00,96.24773064025167,96.24773064025167,96.24773064025167,96.24773064025167,196601885.70344037
2026-07-26 16:00:00+00:00,97.75266180986804,97.75266180986804,97.75266180986804,97.75266180986804,224597622.21639037
2026-07-26 17:00:00+00:00,96.85322211805638,96.85322211805638,96.85322211805638,96.85322211805638,227581480.003448
2026-07-26 18:00:00+00:00,96.6765929185701,96.6765929185701,96.6765929185701,96.6765929185701,230149271.28780693
2026-07-26 19:00:00+00:00,96.27050904477301,96.27050904477301,96.27050904477301,96.27050904477301,231659453.70382503
2026-07-26 20:00:00+00:00,96.37854974044069,96.37854974044069,96.37854974044069,96.37854974044069,233143216.4034429
2026-07-26 21:00:00+00:00,97.07383516902178,97.07383516902178,97.07383516902178,97.07383516902178,241088480.44702134
2026-07-26 22:00:00+00:00,98.60862106231417,98.60862106231417,98.60862106231417,98.60862106231417,250350353.53400388
2026-07-26 23:00:00+00:00,100.30462915243274,100.30462915243274,100.30462915243274,100.30462915243274,275844838.14635956
2026-07-27 00:00:00+00:00,101.69254136896929,101.69254136896929,101.69254136896929,101.69254136896929,290093531.2502575
2026-07-27 01:00:00+00:00,100.79336104290795,100.79336104290795,100.79336104290795,100.79336104290795,296368435.6708712
2026-07-27 02:00:00+00:00,100.88796825166679,100.88796825166679,100.88796825166679,100.88796825166679,303423592.4225956
2026-07-27 03:00:00+00:00,99.94646096463097,99.94646096463097,99.94646096463097,99.94646096463097,304103112.361919
2026-07-27 04:00:00+00:00,99.89934050260307,99.89934050260307,99.89934050260307,99.89934050260307,302473144.2779614
2026-07-27 05:00:00+00:00,100.42978751099915,100.42978751099915,100.42978751099915,100.42978751099915,307276649.69038785
2026-07-27 06:00:00+00:00,101.00552145284767,101.00552145284767,101.00552145284767,101.00552145284767,301530769.0393773
2026-07-27 07:00:00+00:00,101.75289707712919,101.75289707712919,101.75289707712919,101.75289707712919,297289318.26797616
2026-07-27 08:00:00+00:00,102.055713912169,102.055713912169,102.055713912169,102.055713912169,303890364.7764599
2026-07-27 09:00:00+00:00,101.18736117023082,101.18736117023082,101.18736117023082,101.18736117023082,305057378.4357974
2026-07-27 10:00:00+00:00,101.18571808294584,101.18571808294584,101.18571808294584,101.18571808294584,310146566.1529054
2026-07-27 11:00:00+00:00,101.0888693528254,101.0888693528254,101.0888693528254,101.0888693528254,294965247.9504774
2026-07-27 12:00:00+00:00,100.71647005392242,100.71647005392242,100.71647005392242,100.71647005392242,287254258.23542696
2026-07-27 13:00:00+00:00,100.99671364835298,100.99671364835298,100.99671364835298,100.99671364835298,289268310.31419736
2026-07-27 14:00:00+00:00,100.18450873935942,100.18450873935942,100.18450873935942,100.18450873935942,287321611.87681615
2026-07-27 15:00:00+00:00,99.71968078275503,99.71968078275503,99.71968078275503,99.71968078275503,279263471.46595764
2026-07-27 16:00:00+00:00,98.71715346904602,98.71715346904602,98.71715346904602,98.71715346904602,266894001.76106444
2026-07-27 17:00:00+00:00,99.45948190651333,99.45948190651333,99.45948190651333,99.45948190651333,265887617.6731756
2026-07-27 18:00:00+00:00,99.62385844445156,99.62385844445156,99.62385844445156,99.62385844445156,272606515.29786164
2026-07-27 19:00:00+00:00,99.03842764725087,99.03842764725087,99.03842764725087,99.03842764725087,272270473.1275653
2026-07-27 20:00:00+00:00,99.76819348433055,99.76819348433055,99.76819348433055,99.76819348433055,275052348.8924895
2026-07-27 21:00:00+00:00,99.57093615137167,99.57093615137167,99.57093615137167,99.57093615137167,271718797.97596484
2026-07-27 22:00:00+00:00,99.24151566379265,99.24151566379265,99.24151566379265,99.24151566379265,266801963.43587366
2026-07-27 23:00:00+00:00,97.35143228376936,97.35143228376936,97.35143228376936,97.35143228376936,252147352.90200144
2026-07-28 00:00:00+00:00,98.02999450818079,98.02999450818079,98.02999450818079,98.02999450818079,248935842.7713401
2026-07-28 01:00:00+00:00,97.74353074615321,97.74353074615321,97.74353074615321,97.74353074615321,245061449.38761103
2026-07-28 02:00:00+00:00,96.96546963761037,96.96546963761037,96.96546963761037,96.96546963761037,241907404.7564548
2026-07-28 03:00:00+00:00,97.50099421033563,97.50099421033563,97.50099421033563,97.50099421033563,244785013.87379113
2026-07-28 04:00:00+00:00,97.91543526626792,97.91543526626792,97.91543526626792,97.91543526626792,246258982.4133424
2026-07-28 05:00:00+00:00,97.74098670125773,97.74098670125773,97.74098670125773,97.74098670125773,242416251.44189635
2026-07-28 06:00:00+00:00,97.53387981085743,97.53387981085743,97.53387981085743,97.53387981085743,236743979.9756143
2026-07-28 07:00:00+00:00,97.85729402417662,97.85729402417662,97.85729402417662,97.85729402417662,233979333.83854207
2026-07-28 08:00:00+00:00,97.07754219068394,97.07754219068394,97.07754219068394,97.07754219068394,228237216.2675904
2026-07-28 09:00:00+00:00,97.08205791836227,97.08205791836227,97.08205791836227,97.08205791836227,227016473.44596624
2026-07-28 10:00:00+00:00,96.96228378033713,96.96228378033713,96.96228378033713,96.96228378033713,229986119.50536394
2026-07-28 11:00:00+00:00,96.84020276893327,96.84020276893327,96.84020276893327,96.84020276893327,231068448.7525494
2026-07-28 12:00:00+00:00,96.5485467153994,96.5485467153994,96.5485467153994,96.5485467153994,232947608.04010826
2026-07-28 13:00:00+00:00,98.03383086169347,98.03383086169347,98.03383086169347,98.03383086169347,236741213.3706504
2026-07-28 14:00:00+00:00,97.44778942267567,97.44778942267567,97.44778942267567,97.44778942267567,235417179.66545126
2026-07-28 15:00:00+00:00,99.28724662922023,99.28724662922023,99.28724662922023,99.28724662922023,236397010.58845523
2026-07-28 16:00:00+00:00,100.23704291483679,100.23704291483679,100.23704291483679,100.23704291483679,241054275.80166298
2026-07-28 17:00:00+00:00,101.01529607104109,101.01529607104109,101.01529607104109,101.01529607104109,253040009.1984481
2026-07-28 18:00:00+00:00,100.44744572515586,100.44744572515586,100.44744572515586,100.44744572515586,249479610.9519077
2026-07-28 19:00:00+00:00,101.19429107094868,101.19429107094868,101.19429107094868,101.19429107094868,255235619.30362025
2026-07-28 20:00:00+00:00,101.19029227317091,101.19029227317091,101.19029227317091,101.19029227317091,258137453.36468282
2026-07-28 21:00:00+00:00,101.15930387372019,101.15930387372019,101.15930387372019,101.15930387372019,261714826.22285447
2026-07-28 22:00:00+00:00,100.68177286427759,100.68177286427759,100.68177286427759,100.68177286427759,263267467.04361114
2026-07-28 23:00:00+00:00,99.62389724646023,99.62389724646023,99.62389724646023,99.62389724646023,254268696.12457624
2026-07-29 00:00:00+00:00,101.24139535269852,101.24139535269852,101.24139535269852,101.24139535269852,260574421.4380974
2026-07-29 01:00:00+00:00,101.12035912148345,101.12035912148345,101.12035912148345,101.12035912148345,262948009.24393865
2026-07-29 02:00:00+00:00,100.45705151043116,100.45705151043116,100.45705151043116,100.45705151043116,261841015.86421067
2026-07-29 03:00:00+00:00,99.82035540675024,99.82035540675024,99.82035540675024,99.82035540675024,258628310.73733717
2026-07-29 04:00:00+00:00,98.1066030435044,98.1066030435044,98.1066030435044,98.1066030435044,260477216.75544605
2026-07-29 05:00:00+00:00,98.40189668053227,98.40189668053227,98.40189668053227,98.40189668053227,267270828.9577109
2026-07-29 06:00:00+00:00,98.31036186776053,98.31036186776053,98.31036186776053,98.31036186776053,271243713.65212095
2026-07-29 07:00:00+00:00,98.34751582386858,98.34751582386858,98.34751582386858,98.34751582386858,273008422.72783226
2026-07-29 08:00:00+00:00,98.0059101704257,98.0059101704257,98.0059101704257,98.0059101704257,271612107.39907575
2026-07-29 09:00:00+00:00,97.9629523575079,97.9629523575079,97.9629523575079,97.9629523575079,278448283.91509765
2026-07-29 10:00:00+00:00,98.66069635351923,98.66069635351923,98.66069635351923,98.66069635351923,280963021.23274666
2026-07-29 11:00:00+00:00,97.13727858950448,97.13727858950448,97.13727858950448,97.13727858950448,277790016.8061348
2026-07-29 12:00:00+00:00,98.02906235930513,98.02906235930513,98.02906235930513,98.02906235930513,283458866.69756746
2026-07-29 13:00:00+00:00,98.13397941717717,98.13397941717717,98.13397941717717,98.13397941717717,287069374.50150037
2026-07-29 14:00:00+00:00,98.70854189384984,98.70854189384984,98.70854189384984,98.70854189384984,289537784.8830463
2026-07-29 15:00:00+00:00,98.36816700967195,98.36816700967195,98.36816700967195,98.36816700967195,289167224.06713825
2026-07-29 16:00:00+00:00,98.33368690278124,98.33368690278124,98.33368690278124,98.33368690278124,307168657.8419754
2026-07-29 17:00:00+00:00,98.86130260732527,98.86130260732527,98.86130260732527,98.86130260732527,313915554.0436509
2026-07-29 18:00:00+00:00,100.33797834084021,100.33797834084021,100.33797834084021,100.33797834084021,319075336.9214311
2026-07-29 19:00:00+00:00,99.67755894898785,99.67755894898785,99.67755894898785,99.67755894898785,321140722.4202316
2026-07-29 20:00:00+00:00,96.74424836229875,96.74424836229875,96.74424836229875,96.74424836229875,317916517.33745956
2026-07-29 21:00:00+00:00,95.24042598848241,95.24042598848241,95.24042598848241,95.24042598848241,317832949.3809505
2026-07-29 22:00:00+00:00,95.75411774723665,95.75411774723665,95.75411774723665,95.75411774723665,325032532.516389
2026-07-29 23:00:00+00:00,96.26687943295202,96.26687943295202,96.26687943295202,96.26687943295202,327998018.19502836
2026-07-30 00:00:00+00:00,95.78221950833662,95.78221950833662,95.78221950833662,95.78221950833662,320744187.4889674
2026-07-30 01:00:00+00:00,94.57896496172206,94.57896496172206,94.57896496172206,94.57896496172206,320756980.2170006
2026-07-30 02:00:00+00:00,96.30769504019784,96.30769504019784,96.30769504019784,96.30769504019784,330209868.37223065
2026-07-30 03:00:00+00:00,96.4415380325832,96.4415380325832,96.4415380325832,96.4415380325832,334921063.3727393
2026-07-30 04:00:00+00:00,96.23120557898193,96.23120557898193,96.23120557898193,96.23120557898193,328300864.2294883
2026-07-30 05:00:00+00:00,95.4982403102714,95.4982403102714,95.4982403102714,95.4982403102714,323264586.55084413
2026-07-30 06:00:00+00:00,96.27539000173472,96.27539000173472,96.27539000173472,96.27539000173472,327034299.0730604
2026-07-30 07:00:00+00:00,95.65631181147984,95.65631181147984,95.65631181147984,95.65631181147984,325014498.6651113
2026-07-30 08:00:00+00:00,96.55662637775177,96.55662637775177,96.55662637775177,96.55662637775177,330062358.5502907
2026-07-30 09:00:00+00:00,97.64913570943098,97.64913570943098,97.64913570943098,97.64913570943098,332763868.98141867
2026-07-30 10:00:00+00:00,97.56220448176698,97.56220448176698,97.56220448176698,97.56220448176698,330652917.3535389
2026-07-30 11:00:00+00:00,97.40205154627537,97.40205154627537,97.40205154627537,97.40205154627537,328991723.50131935
2026-07-30 12:00:00+00:00,98.56198613866987,98.56198613866987,98.56198613866987,98.56198613866987,331786839.265477
2026-07-30 13:00:00+00:00,98.80876880609242,98.80876880609242,98.80876880609242,98.80876880609242,330432743.59680444
2026-07-30 14:00:00+00:00,99.69545516321402,99.69545516321402,99.69545516321402,99.69545516321402,334488432.18799716
2026-07-30 15:00:00+00:00,98.34707754669783,98.34707754669783,98.34707754669783,98.34707754669783,325730328.4444284
2026-07-30 16:00:00+00:00,99.09945507488756,99.09945507488756,99.09945507488756,99.09945507488756,306856215.9391763
2026-07-30 17:00:00+00:00,100.1602061222871,100.1602061222871,100.1602061222871,100.1602061222871,305456143.4401492
2026-07-30 18:00:00+00:00,99.85047484459979,99.85047484459979,99.85047484459979,99.85047484459979,301739877.7641864
2026-07-30 19:00:00+00:00,99.25235665300723,99.25235665300723,99.25235665300723,99.25235665300723,294335661.62292975
2026-07-30 20:00:00+00:00,99.61843088145869,99.61843088145869,99.61843088145869,99.61843088145869,289595757.3323342
2026-07-30 21:00:00+00:00,98.80295114272477,98.80295114272477,98.80295114272477,98.80295114272477,281971949.8183214
2026-07-30 22:00:00+00:00,98.79151801639627,98.79151801639627,98.79151801639627,98.79151801639627,272171575.69565004
2026-07-30 23:00:00+00:00,99.40634741276895,99.40634741276895,99.40634741276895,99.40634741276895,263153087.0943597
2026-07-31 00:00:00+00:00,99.48984783831676,99.48984783831676,99.48984783831676,99.48984783831676,269404489.7623303
2026-07-31 01:00:00+00:00,99.80732414169489,99.80732414169489,99.80732414169489,99.80732414169489,263311435.4455781
2026-07-31 02:00:00+00:00,99.79239348440063,99.79239348440063,99.79239348440063,99.79239348440063,263025774.75887412
2026-07-31 03:00:00+00:00,99.20978626799796,99.20978626799796,99.20978626799796,99.20978626799796,264486438.13717964
2026-07-31 04:00:00+00:00,99.72639444425096,99.72639444425096,99.72639444425096,99.72639444425096,266043983.51475182
2026-07-31 05:00:00+00:00,99.61211407848008,99.61211407848008,99.61211407848008,99.61211407848008,263929655.29786643
2026-07-31 06:00:00+00:00,100.07864886467077,100.07864886467077,100.07864886467077,100.07864886467077,267516032.1817393
2026-07-31 07:00:00+00:00,98.86659990415602,98.86659990415602,98.86659990415602,98.86659990415602,263830983.89984134
2026-07-31 08:00:00+00:00,98.30801507198345,98.30801507198345,98.30801507198345,98.30801507198345,268567207.34924966
2026-07-31 09:00:00+00:00,98.18676972593448,98.18676972593448,98.18676972593448,98.18676972593448,267729932.36321723
2026-07-31 10:00:00+00:00,97.54725059473135,97.54725059473135,97.54725059473135,97.54725059473135,265878730.9138677
2026-07-31 11:00:00+00:00,97.81680845768041,97.81680845768041,97.81680845768041,97.81680845768041,264353829.9729915
2026-07-31 12:00:00+00:00,97.16266100517294,97.16266100517294,97.16266100517294,97.16266100517294,258838255.43028784
2026-07-31 13:00:00+00:00,97.0515870433959,97.0515870433959,97.0515870433959,97.0515870433959,253445645.6538072
2026-07-31 14:00:00+00:00,97.11774676358804,97.11774676358804,97.11774676358804,97.11774676358804,253395647.84183165
2026-07-31 15:00:00+00:00,96.64116877180768,96.64116877180768,96.64116877180768,96.64116877180768,255402045.25191352
2026-07-31 16:00:00+00:00,96.22786239914915,96.22786239914915,96.22786239914915,96.22786239914915,253446888.106116
2026-07-31 17:00:00+00:00,96.71648366819777,96.71648366819777,96.71648366819777,96.71648366819777,249533510.11306685
2026-07-31 18:00:00+00:00,97.15553874079384,97.15553874079384,97.15553874079384,97.15553874079384,248297998.33441243
2026-07-31 19:00:00+00:00,96.93587317972852,96.93587317972852,96.93587317972852,96.93587317972852,247510926.3573974
2026-07-31 20:00:00+00:00,96.18828361254889,96.18828361254889,96.18828361254889,96.18828361254889,242508982.68420333
2026-07-31 21:00:00+00:00,94.51841924237127,94.51841924237127,94.51841924237127,94.51841924237127,244273954.74963564
2026-07-31 22:00:00+00:00,94.21689186791549,94.21689186791549,94.21689186791549,94.21689186791549,255786995.73382968
2026-07-31 23:00:00+00:00,93.34732869647823,93.34732869647823,93.34732869647823,93.34732869647823,256963899.39460534
2026-08-01 00:00:00+00:00,93.73690956015238,93.73690956015238,93.73690956015238,93.73690956015238,263993564.70368978
2026-08-01 01:00:00+00:00,91.68023994306682,91.68023994306682,91.68023994306682,91.68023994306682,264740198.52522552
2026-08-01 02:00:00+00:00,93.3232935001129,93.3232935001129,93.3232935001129,93.3232935001129,268625748.617886
2026-08-01 03:00:00+00:00,93.02693918283192,93.02693918283192,93.02693918283192,93.02693918283192,265388461.11665606
2026-08-01 04:00:00+00:00,92.50095151600503,92.50095151600503,92.50095151600503,92.50095151600503,286300792.30557704
2026-08-01 05:00:00+00:00,92.13169445179976,92.13169445179976,92.13169445179976,92.13169445179976,294750597.89321536
2026-08-01 06:00:00+00:00,91.14525738240792,91.14525738240792,91.14525738240792,91.14525738240792,295185049.82951146
2026-08-01 07:00:00+00:00,91.2977810661713,91.2977810661713,91.2977810661713,91.2977810661713,298780654.90419275
2026-08-01 08:00:00+00:00,91.27378802521817,91.27378802521817,91.27378802521817,91.27378802521817,294963420.76176214
2026-08-01 09:00:00+00:00,91.19529665817277,91.19529665817277,91.19529665817277,91.19529665817277,295854783.61391026
2026-08-01 10:00:00+00:00,90.84156008703928,90.84156008703928,90.84156008703928,90.84156008703928,292287399.94689924
2026-08-01 11:00:00+00:00,91.14978925105986,91.14978925105986,91.14978925105986,91.14978925105986,294341003.9596568
2026-08-01 12:00:00+00:00,91.26414083117255,91.26414083117255,91.26414083117255,91.26414083117255,294384561.0690132
2026-08-01 13:00:00+00:00,91.28827377834023,91.28827377834023,91.28827377834023,91.28827377834023,293060826.20940995
2026-08-01 14:00:00+00:00,91.48715245493644,91.48715245493644,91.48715245493644,91.48715245493644,286458979.1579956
2026-08-01 15:00:00+00:00,92.08041508571976,92.08041508571976,92.08041508571976,92.08041508571976,289953671.52697927
2026-08-01 16:00:00+00:00,91.9027206409144,91.9027206409144,91.9027206409144,91.9027206409144,289646932.96141446
2026-08-01 17:00:00+00:00,91.63028198393702,91.63028198393702,91.63028198393702,91.63028198393702,283634514.8416901
2026-08-01 18:00:00+00:00,91.01345603300068,91.01345603300068,91.01345603300068,91.01345603300068,282295179.13429105
2026-08-01 19:00:00+00:00,89.94054695517899,89.94054695517899,89.94054695517899,89.94054695517899,291370653.83735216
2026-08-01 20:00:00+00:00,90.15193190480394,90.15193190480394,90.15193190480394,90.15193190480394,300049070.7902737
2026-08-01 21:00:00+00:00,89.54863858885231,89.54863858885231,89.54863858885231,89.54863858885231,301448287.55859935
2026-08-01 22:00:00+00:00,90.10626761724016,90.10626761724016,90.10626761724016,90.10626761724016,298175089.86639273
2026-08-01 23:00:00+00:00,90.58628013097992,90.58628013097992,90.58628013097992,90.58628013097992,295384028.231579
2026-08-02 00:00:00+00:00,90.538643501956,90.538643501956,90.538643501956,90.538643501956,289165979.2043132
2026-08-02 01:00:00+00:00,90.87142007294399,90.87142007294399,90.87142007294399,90.87142007294399,281566800.3871688
2026-08-02 02:00:00+00:00,91.16899862893112,91.16899862893112,91.16899862893112,91.16899862893112,276369190.9097465
2026-08-02 03:00:00+00:00,92.36170756251455,92.36170756251455,92.36170756251455,92.36170756251455,283436592.3046301
2026-08-02 04:00:00+00:00,92.11898164221336,92.11898164221336,92.11898164221336,92.11898164221336,259670059.1101251
2026-08-02 05:00:00+00:00,92.51834028352066,92.51834028352066,92.51834028352066,92.51834028352066,252471504.01140913
2026-08-02 06:00:00+00:00,92.06348275523457,92.06348275523457,92.06348275523457,92.06348275523457,244508383.2387593
2026-08-02 07:00:00+00:00,91.95679526732883,91.95679526732883,91.95679526732883,91.95679526732883,236898549.0184089
2026-08-02 08:00:00+00:00,92.13188826115015,92.13188826115015,92.13188826115015,92.13188826115015,234714780.0495655
2026-08-02 09:00:00+00:00,91.52165005190905,91.52165005190905,91.52165005190905,91.52165005190905,229735828.6131572
2026-08-02 10:00:00+00:00,92.25970951985305,92.25970951985305,92.25970951985305,92.25970951985305,226235922.0240333
2026-08-02 11:00:00+00:00,92.28132839096943,92.28132839096943,92.28132839096943,92.28132839096943,223388444.78323555
2026-08-02 12:00:00+00:00,91.99141434434183,91.99141434434183,91.99141434434183,91.99141434434183,221265708.25943533
2026-08-02 13:00:00+00:00,90.9760808888164,90.9760808888164,90.9760808888164,90.9760808888164,225335120.33594748
2026-08-02 14:00:00+00:00,90.85935659976992,90.85935659976992,90.85935659976992,90.85935659976992,226441014.2747714
2026-08-02 15:00:00+00:00,91.38832415026737,91.38832415026737,91.38832415026737,91.38832415026737,223016420.31449425
2026-08-02 16:00:00+00:00,91.92328632324471,91.92328632324471,91.92328632324471,91.92328632324471,228251364.7968956
2026-08-02 17:00:00+00:00,92.05059249647135,92.05059249647135,92.05059249647135,92.05059249647135,229197366.89120686
2026-08-02 18:00:00+00:00,92.36309075411168,92.36309075411168,92.36309075411168,92.36309075411168,227551488.8331817
2026-08-02 19:00:00+00:00,92.59738294345492,92.59738294345492,92.59738294345492,92.59738294345492,215094975.66316274
2026-08-02 20:00:00+00:00,92.87356701194787,92.87356701194787,92.87356701194787,92.87356701194787,203999855.13126004
2026-08-02 21:00:00+00:00,92.33370910594465,92.33370910594465,92.33370910594465,92.33370910594465,184933994.1913203
2026-08-02 22:00:00+00:00,93.12788032619555,93.12788032619555,93.12788032619555,93.12788032619555,189440694.0690684
2026-08-02 23:00:00+00:00,92.39829413966274,92.39829413966274,92.39829413966274,92.39829413966274,189957765.97802648
2026-08-03 00:00:00+00:00,92.03317975965663,92.03317975965663,92.03317975965663,92.03317975965663,191439311.44646165
2026-08-03 01:00:00+00:00,91.75046401237022,91.75046401237022,91.75046401237022,91.75046401237022,191177450.25827232
2026-08-03 02:00:00+00:00,91.42328649175342,91.42328649175342,91.42328649175342,91.42328649175342,186276298.40156117
2026-08-03 03:00:00+00:00,91.54219502839206,91.54219502839206,91.54219502839206,91.54219502839206,186652106.43229005
2026-08-03 04:00:00+00:00,91.60882846313277,91.60882846313277,91.60882846313277,91.60882846313277,185876322.66663408
2026-08-03 05:00:00+00:00,91.56607587926094,91.56607587926094,91.56607587926094,91.56607587926094,182747436.34244776
2026-08-03 06:00:00+00:00,92.18497047113321,92.18497047113321,92.18497047113321,92.18497047113321,182288631.03509665
2026-08-03 07:00:00+00:00,91.58147036577738,91.58147036577738,91.58147036577738,91.58147036577738,182300008.65056735
2026-08-03 08:00:00+00:00,91.27013344191893,91.27013344191893,91.27013344191893,91.27013344191893,182318035.43601313
2026-08-03 09:00:00+00:00,91.60885187132057,91.60885187132057,91.60885187132057,91.60885187132057,183807775.3845504
2026-08-03 10:00:00+00:00,92.32787144553033,92.32787144553033,92.32787144553033,92.32787144553033,182889973.229532
2026-08-03 11:00:00+00:00,92.16643778460949,92.16643778460949,92.16643778460949,92.16643778460949,182927396.65107366
2026-08-03 12:00:00+00:00,92.08794280918795,92.08794280918795,92.08794280918795,92.08794280918795,182647732.56278518
2026-08-03 13:00:00+00:00,92.17857968953975,92.17857968953975,92.17857968953975,92.17857968953975,177094578.125554
2026-08-03 14:00:00+00:00,92.53972457694665,92.53972457694665,92.53972457694665,92.53972457694665,181031632.7890339
2026-08-03 15:00:00+00:00,93.69726201415976,93.69726201415976,93.69726201415976,93.69726201415976,184626167.9440995
2026-08-03 16:00:00+00:00,93.5196079404429,93.5196079404429,93.5196079404429,93.5196079404429,189221002.18091467
2026-08-03 17:00:00+00:00,93.07730130551369,93.07730130551369,93.07730130551369,93.07730130551369,191421640.05147085
2026-08-03 18:00:00+00:00,93.50938768795369,93.50938768795369,93.50938768795369,93.50938768795369,193487110.81311712
2026-08-03 19:00:00+00:00,92.95764454604712,92.95764454604712,92.95764454604712,92.95764454604712,191718725.2097788
2026-08-03 20:00:00+00:00,92.85779126741895,92.85779126741895,92.85779126741895,92.85779126741895,186994969.40843385
2026-08-03 21:00:00+00:00,92.83659911560957,92.83659911560957,92.83659911560957,92.83659911560957,191632917.25208452
2026-08-03 22:00:00+00:00,92.15060045240597,92.15060045240597,92.15060045240597,92.15060045240597,187284491.9831044
2026-08-03 23:00:00+00:00,92.07797119941536,92.07797119941536,92.07797119941536,92.07797119941536,185329594.40735355
2026-08-04 00:00:00+00:00,92.28694209319066,92.28694209319066,92.28694209319066,92.28694209319066,182916167.09227863
2026-08-04 01:00:00+00:00,92.0485691502317,92.0485691502317,92.0485691502317,92.0485691502317,181064175.12527007
2026-08-04 02:00:00+00:00,92.93504210829518,92.93504210829518,92.93504210829518,92.93504210829518,180038803.02996674
2026-08-04 03:00:00+00:00,92.54646598617074,92.54646598617074,92.54646598617074,92.54646598617074,179462119.26323524
2026-08-04 04:00:00+00:00,92.41623452438631,92.41623452438631,92.41623452438631,92.41623452438631,177458503.29487106
2026-08-04 05:00:00+00:00,92.4633721459226,92.4633721459226,92.4633721459226,92.4633721459226,177472241.03633046
2026-08-04 06:00:00+00:00,92.5641636022388,92.5641636022388,92.5641636022388,92.5641636022388,170183714.29148847
2026-08-04 07:00:00+00:00,92.21662464467471,92.21662464467471,92.21662464467471,92.21662464467471,174266408.12377846
2026-08-04 08:00:00+00:00,92.72995616535401,92.72995616535401,92.72995616535401,92.72995616535401,171606513.82420725
2026-08-04 09:00:00+00:00,92.25516112976695,92.25516112976695,92.25516112976695,92.25516112976695,172934805.08933312
2026-08-04 10:00:00+00:00,91.92516647251726,91.92516647251726,91.92516647251726,91.92516647251726,173331392.71042508
2026-08-04 11:00:00+00:00,91.96255071507467,91.96255071507467,91.96255071507467,91.96255071507467,174442674.4259012
2026-08-04 12:00:00+00:00,91.9547961333754,91.9547961333754,91.9547961333754,91.9547961333754,169604055.22152585
2026-08-04 13:00:00+00:00,91.52353444142204,91.52353444142204,91.52353444142204,91.52353444142204,173882621.37799174
2026-08-04 14:00:00+00:00,91.36944577711557,91.36944577711557,91.36944577711557,91.36944577711557,171646723.82375547
2026-08-04 15:00:00+00:00,91.15213892103998,91.15213892103998,91.15213892103998,91.15213892103998,165537604.31052542
2026-08-04 16:00:00+00:00,90.08291637159233,90.08291637159233,90.08291637159233,90.08291637159233,165628962.47585478
2026-08-04 17:00:00+00:00,90.19302712729888,90.19302712729888,90.19302712729888,90.19302712729888,164116243.06839257
2026-08-04 18:00:00+00:00,90.26817815891488,90.26817815891488,90.26817815891488,90.26817815891488,165513461.2896738
2026-08-04 19:00:00+00:00,90.20930423743131,90.20930423743131,90.20930423743131,90.20930423743131,167339578.69875124
2026-08-04 20:00:00+00:00,90.40038779846358,90.40038779846358,90.40038779846358,90.40038779846358,168929206.44660056
2026-08-04 21:00:00+00:00,90.32428784403334,90.32428784403334,90.32428784403334,90.32428784403334,170482766.2775613
2026-08-04 22:00:00+00:00,90.2224916471811,90.2224916471811,90.2224916471811,90.2224916471811,169061467.70562974
2026-08-04 23:00:00+00:00,90.60146011457834,90.60146011457834,90.60146011457834,90.60146011457834,169496751.85192728
2026-08-05 00:00:00+00:00,90.40772130457606,90.40772130457606,90.40772130457606,90.40772130457606,170022165.86422014
2026-08-05 01:00:00+00:00,89.92191475845921,89.92191475845921,89.92191475845921,89.92191475845921,169139372.3094327
2026-08-05 02:00:00+00:00,90.58682735759857,90.58682735759857,90.58682735759857,90.58682735759857,168616626.8498513
2026-08-05 03:00:00+00:00,91.15440791395172,91.15440791395172,91.15440791395172,91.15440791395172,175914448.2477422
2026-08-05 04:00:00+00:00,90.99868145516237,90.99868145516237,90.99868145516237,90.99868145516237,176240831.1260131
2026-08-05 05:00:00+00:00,91.37809213888994,91.37809213888994,91.37809213888994,91.37809213888994,177393567.7319527
2026-08-05 06:00:00+00:00,91.8402593073133,91.8402593073133,91.8402593073133,91.8402593073133,181011423.30017704
2026-08-05 07:00:00+00:00,91.97796713861428,91.97796713861428,91.97796713861428,91.97796713861428,181234228.1937591
2026-08-05 08:00:00+00:00,91.87857906635423,91.87857906635423,91.87857906635423,91.87857906635423,182016106.9888161
2026-08-05 09:00:00+00:00,91.21408714292572,91.21408714292572,91.21408714292572,91.21408714292572,181309160.08288437
2026-08-05 10:00:00+00:00,91.42174145919198,91.42174145919198,91.42174145919198,91.42174145919198,180780017.3102582
2026-08-05 11:00:00+00:00,91.2765412480383,91.2765412480383,91.2765412480383,91.2765412480383,183389491.22469217
2026-08-05 12:00:00+00:00,91.05030216270717,91.05030216270717,91.05030216270717,91.05030216270717,183014199.158561
2026-08-05 13:00:00+00:00,91.62791497633725,91.62791497633725,91.62791497633725,91.62791497633725,186774704.03605226
2026-08-05 14:00:00+00:00,91.23824950705833,91.23824950705833,91.23824950705833,91.23824950705833,186781741.31408268
2026-08-05 15:00:00+00:00,91.31231332291213,91.31231332291213,91.31231332291213,91.31231332291213,186202505.337732
2026-08-05 16:00:00+00:00,90.30260649513559,90.30260649513559,90.30260649513559,90.30260649513559,182278103.38749984
2026-08-05 17:00:00+00:00,90.89976853018133,90.89976853018133,90.89976853018133,90.89976853018133,182641008.34636915
2026-08-05 18:00:00+00:00,90.80108714443477,90.80108714443477,90.80108714443477,90.80108714443477,180206235.48089924
2026-08-05 19:00:00+00:00,90.11854387236636,90.11854387236636,90.11854387236636,90.11854387236636,178887198.12290064
2026-08-05 20:00:00+00:00,89.71307536268564,89.71307536268564,89.71307536268564,89.71307536268564,177329236.99637145
2026-08-05 21:00:00+00:00,89.70884470998939,89.70884470998939,89.70884470998939,89.70884470998939,180530773.29160792
2026-08-05 22:00:00+00:00,89.99185061473624,89.99185061473624,89.99185061473624,89.99185061473624,181979457.27041897
2026-08-05 23:00:00+00:00,89.67626410333364,89.67626410333364,89.67626410333364,89.67626410333364,180657457.96212435
2026-08-06 00:00:00+00:00,89.78720305893238,89.78720305893238,89.78720305893238,89.78720305893238,180330823.88503405
2026-08-06 01:00:00+00:00,90.21984120088639,90.21984120088639,90.21984120088639,90.21984120088639,179602439.9650856
2026-08-06 02:00:00+00:00,89.02963887318676,89.02963887318676,89.02963887318676,89.02963887318676,181791736.50793985
2026-08-06 03:00:00+00:00,88.33512655011839,88.33512655011839,88.33512655011839,88.33512655011839,187079385.68106872
2026-08-06 04:00:00+00:00,88.43474499688459,88.43474499688459,88.43474499688459,88.43474499688459,188927082.8500823
2026-08-06 05:00:00+00:00,89.36379188339491,89.36379188339491,89.36379188339491,89.36379188339491,191637870.7727796
2026-08-06 06:00:00+00:00,89.27608860455987,89.27608860455987,89.27608860455987,89.27608860455987,189881095.75232878
2026-08-06 07:00:00+00:00,88.61662154211236,88.61662154211236,88.61662154211236,88.61662154211236,183210626.65951794
2026-08-06 08:00:00+00:00,88.33790583047892,88.33790583047892,88.33790583047892,88.33790583047892,181306151.72157302
2026-08-06 09:00:00+00:00,88.69264039729529,88.69264039729529,88.69264039729529,88.69264039729529,186536908.91353658
2026-08-06 10:00:00+00:00,88.11549172000073,88.11549172000073,88.11549172000073,88.11549172000073,181291901.414818
2026-08-06 11:00:00+00:00,87.58536800556767,87.58536800556767,87.58536800556767,87.58536800556767,184552885.85951224
2026-08-06 12:00:00+00:00,88.43574596435829,88.43574596435829,88.43574596435829,88.43574596435829,184692285.30904478
2026-08-06 13:00:00+00:00,87.92023091583201,87.92023091583201,87.92023091583201,87.92023091583201,179448151.96941328
2026-08-06 14:00:00+00:00,88.31793018861606,88.31793018861606,88.31793018861606,88.31793018861606,177378651.6909093
2026-08-06 15:00:00+00:00,89.19876183396447,89.19876183396447,89.19876183396447,89.19876183396447,178821800.75545865
2026-08-06 16:00:00+00:00,88.39513721300109,88.39513721300109,88.39513721300109,88.39513721300109,172055224.67838508
2026-08-06 17:00:00+00:00,89.0776010977293,89.0776010977293,89.0776010977293,89.0776010977293,171738283.4578718
2026-08-06 18:00:00+00:00,88.9851017479899,88.9851017479899,88.9851017479899,88.9851017479899,170698189.13301945
2026-08-06 19:00:00+00:00,88.94283788366157,88.94283788366157,88.94283788366157,88.94283788366157,167158354.25967616
2026-08-06 20:00:00+00:00,89.02927130710563,89.02927130710563,89.02927130710563,89.02927130710563,165164800.96873453
2026-08-06 21:00:00+00:00,89.20412367036165,89.20412367036165,89.20412367036165,89.20412367036165,161926385.85578197
2026-08-06 22:00:00+00:00,89.30896102849611,89.30896102849611,89.30896102849611,89.30896102849611,161895391.5625084
2026-08-06 23:00:00+00:00,89.2144193306689,89.2144193306689,89.2144193306689,89.2144193306689,160971805.81810665
2026-08-07 00:00:00+00:00,89.65607834364566,89.65607834364566,89.65607834364566,89.65607834364566,161176743.39582604
2026-08-07 01:00:00+00:00,90.50252021684199,90.50252021684199,90.50252021684199,90.50252021684199,164472529.85301858
2026-08-07 02:00:00+00:00,90.642145079694,90.642145079694,90.642145079694,90.642145079694,162666864.34971547
2026-08-07 03:00:00+00:00,90.5866820925394,90.5866820925394,90.5866820925394,90.5866820925394,153677003.32111382
2026-08-07 04:00:00+00:00,90.25374523714865,90.25374523714865,90.25374523714865,90.25374523714865,150567727.4425467
2026-08-07 05:00:00+00:00,90.22886619720761,90.22886619720761,90.22886619720761,90.22886619720761,149369731.77881712
2026-08-07 06:00:00+00:00,89.9450918653027,89.9450918653027,89.9450918653027,89.9450918653027,149195840.8013616
2026-08-07 07:00:00+00:00,89.81253274853508,89.81253274853508,89.81253274853508,89.81253274853508,148888133.1308002
2026-08-07 08:00:00+00:00,90.34980614989814,90.34980614989814,90.34980614989814,90.34980614989814,150195373.1912993
2026-08-07 09:00:00+00:00,91.04652085105226,91.04652085105226,91.04652085105226,91.04652085105226,151740227.99475098
2026-08-07 10:00:00+00:00,90.59935535029838,90.59935535029838,90.59935535029838,90.59935535029838,150987408.10280383
2026-08-07 11:00:00+00:00,89.78005054476414,89.78005054476414,89.78005054476414,89.78005054476414,147652196.7715374
2026-08-07 12:00:00+00:00,89.87499963220829,89.87499963220829,89.87499963220829,89.87499963220829,148713786.53154457
2026-08-07 13:00:00+00:00,89.97899575526698,89.97899575526698,89.97899575526698,89.97899575526698,153238725.9394545
2026-08-07 14:00:00+00:00,89.77553765777135,89.77553765777135,89.77553765777135,89.77553765777135,152579698.5829464
2026-08-07 15:00:00+00:00,89.07530988286743,89.07530988286743,89.07530988286743,89.07530988286743,152960223.40909347
2026-08-07 16:00:00+00:00,89.69333700366502,89.69333700366502,89.69333700366502,89.69333700366502,153040529.8802585
2026-08-07 17:00:00+00:00,89.19822646144709,89.19822646144709,89.19822646144709,89.19822646144709,151187538.75613263
2026-08-07 18:00:00+00:00,89.83126930206164,89.83126930206164,89.83126930206164,89.83126930206164,151648611.3054122
2026-08-07 19:00:00+00:00,89.3457489650493,89.3457489650493,89.3457489650493,89.3457489650493,150568532.8216031
2026-08-07 20:00:00+00:00,90.46094973605241,90.46094973605241,90.46094973605241,90.46094973605241,152675418.2308426
2026-08-07 21:00:00+00:00,90.18063744953481,90.18063744953481,90.18063744953481,90.18063744953481,151895441.7880481
2026-08-07 22:00:00+00:00,89.8110649427696,89.8110649427696,89.8110649427696,89.8110649427696,149526177.46057877
2026-08-07 23:00:00+00:00,89.8562766825808,89.8562766825808,89.8562766825808,89.8562766825808,151136853.56968954
2026-08-08 00:00:00+00:00,89.79978047654967,89.79978047654967,89.79978047654967,89.79978047654967,149973280.83917862
2026-08-08 01:00:00+00:00,89.7500837229413,89.7500837229413,89.7500837229413,89.7500837229413,145278381.1132484
2026-08-08 02:00:00+00:00,89.57648949721847,89.57648949721847,89.57648949721847,89.57648949721847,140241161.91179386
2026-08-08 03:00:00+00:00,89.29036512462702,89.29036512462702,89.29036512462702,89.29036512462702,136879127.17357135
2026-08-08 04:00:00+00:00,90.05241887030373,90.05241887030373,90.05241887030373,90.05241887030373,132594094.8014344
2026-08-08 05:00:00+00:00,90.0625657708562,90.0625657708562,90.0625657708562,90.0625657708562,137681035.3604224
2026-08-08 06:00:00+00:00,90.56754914939637,90.56754914939637,90.56754914939637,90.56754914939637,136254354.3016698
2026-08-08 07:00:00+00:00,90.22672556348616,90.22672556348616,90.22672556348616,90.22672556348616,133635771.90491542
2026-08-08 08:00:00+00:00,90.32019106300977,90.32019106300977,90.32019106300977,90.32019106300977,132215425.92732903
2026-08-08 09:00:00+00:00,90.17054269550643,90.17054269550643,90.17054269550643,90.17054269550643,128412890.42534198
2026-08-08 10:00:00+00:00,90.19211446601473,90.19211446601473,90.19211446601473,90.19211446601473,125600138.31834933
2026-08-08 11:00:00+00:00,90.24574969763911,90.24574969763911,90.24574969763911,90.24574969763911,121866563.9608799
2026-08-08 12:00:00+00:00,90.34989025412432,90.34989025412432,90.34989025412432,90.34989025412432,119433380.55571595
2026-08-08 13:00:00+00:00,90.40178281245274,90.40178281245274,90.40178281245274,90.40178281245274,113865782.07001452
2026-08-08 14:00:00+00:00,90.83039936840252,90.83039936840252,90.83039936840252,90.83039936840252,113186567.05256642
2026-08-08 15:00:00+00:00,91.35578071773907,91.35578071773907,91.35578071773907,91.35578071773907,112239918.42701365
2026-08-08 16:00:00+00:00,91.3336684733407,91.3336684733407,91.3336684733407,91.3336684733407,113136852.84600136
2026-08-08 17:00:00+00:00,91.34329748345763,91.34329748345763,91.34329748345763,91.34329748345763,112440507.31863126
2026-08-08 18:00:00+00:00,91.23749788405698,91.23749788405698,91.23749788405698,91.23749788405698,111314076.1577466
2026-08-08 19:00:00+00:00,91.24364208632919,91.24364208632919,91.24364208632919,91.24364208632919,110028956.01000988
2026-08-08 20:00:00+00:00,91.41867546834418,91.41867546834418,91.41867546834418,91.41867546834418,109129280.60637198
2026-08-08 21:00:00+00:00,91.58337490383539,91.58337490383539,91.58337490383539,91.58337490383539,107902066.25302957
2026-08-08 22:00:00+00:00,91.71534693936002,91.71534693936002,91.71534693936002,91.71534693936002,108898900.45292976
2026-08-08 23:00:00+00:00,91.22360237362068,91.22360237362068,91.22360237362068,91.22360237362068,108548649.91148295
2026-08-09 00:00:00+00:00,91.22029312523031,91.22029312523031,91.22029312523031,91.22029312523031,108725570.41737485
2026-08-09 01:00:00+00:00,91.02977912249864,91.02977912249864,91.02977912249864,91.02977912249864,108868118.38119775
2026-08-09 02:00:00+00:00,90.82058859203337,90.82058859203337,90.82058859203337,90.82058859203337,107516255.22597052
2026-08-09 03:00:00+00:00,90.67731999288057,90.67731999288057,90.67731999288057,90.67731999288057,107899804.31132269
2026-08-09 04:00:00+00:00,90.65386909577337,90.65386909577337,90.65386909577337,90.65386909577337,108935888.64004314
2026-08-09 05:00:00+00:00,90.89014123238553,90.89014123238553,90.89014123238553,90.89014123238553,108796741.87989445
2026-08-09 06:00:00+00:00,91.03038081255471,91.03038081255471,91.03038081255471,91.03038081255471,110489126.07572497
2026-08-09 07:00:00+00:00,91.71396796483943,91.71396796483943,91.71396796483943,91.71396796483943,113597342.59750113
2026-08-09 08:00:00+00:00,91.69218082952662,91.69218082952662,91.69218082952662,91.69218082952662,115147873.41382316
2026-08-09 09:00:00+00:00,91.25962797606554,91.25962797606554,91.25962797606554,91.25962797606554,115491169.46420914
2026-08-09 10:00:00+00:00,91.29795800624048,91.29795800624048,91.29795800624048,91.29795800624048,116046608.83808653
2026-08-09 11:00:00+00:00,90.8867221553244,90.8867221553244,90.8867221553244,90.8867221553244,116140778.24004844
2026-08-09 12:00:00+00:00,90.96377179179709,90.96377179179709,90.96377179179709,90.96377179179709,117037762.95332737
2026-08-09 13:00:00+00:00,91.0866557088212,91.0866557088212,91.0866557088212,91.0866557088212,116648073.60878198
2026-08-09 14:00:00+00:00,91.53053969696988,91.53053969696988,91.53053969696988,91.53053969696988,117764763.6760295
2026-08-09 15:00:00+00:00,91.73003497497697,91.73003497497697,91.73003497497697,91.73003497497697,115704069.32146098
2026-08-09 16:00:00+00:00,91.71229901451942,91.71229901451942,91.71229901451942,91.71229901451942,114606452.30411142
2026-08-09 17:00:00+00:00,91.49331690323022,91.49331690323022,91.49331690323022,91.49331690323022,115975767.23637041
2026-08-09 18:00:00+00:00,91.1682914994081,91.1682914994081,91.1682914994081,91.1682914994081,116350857.86253983
2026-08-09 19:00:00+00:00,91.13428726425386,91.13428726425386,91.13428726425386,91.13428726425386,116533165.82433063
2026-08-09 20:00:00+00:00,91.31838105007716,91.31838105007716,91.31838105007716,91.31838105007716,117049497.39130199
2026-08-09 21:00:00+00:00,91.47058902938358,91.47058902938358,91.47058902938358,91.47058902938358,116836533.35033524
2026-08-09 22:00:00+00:00,91.74129764814845,91.74129764814845,91.74129764814845,91.74129764814845,115750697.38801944
2026-08-09 23:00:00+00:00,90.98649043936646,90.98649043936646,90.98649043936646,90.98649043936646,118568102.7095747
2026-08-10 00:00:00+00:00,90.5885311901727,90.5885311901727,90.5885311901727,90.5885311901727,119895856.90921392
2026-08-10 01:00:00+00:00,91.28710122759907,91.28710122759907,91.28710122759907,91.28710122759907,123037870.99878898
2026-08-10 02:00:00+00:00,91.84983649074778,91.84983649074778,91.84983649074778,91.84983649074778,127009795.63615532
2026-08-10 03:00:00+00:00,91.74058787383423,91.74058787383423,91.74058787383423,91.74058787383423,125864227.69673403
2026-08-10 04:00:00+00:00,91.43824508761281,91.43824508761281,91.43824508761281,91.43824508761281,124636011.23929204
2026-08-10 05:00:00+00:00,91.57219152286885,91.57219152286885,91.57219152286885,91.57219152286885,124925601.03410983
2026-08-10 06:00:00+00:00,91.89369401206292,91.89369401206292,91.89369401206292,91.89369401206292,124442181.01819074
2026-08-10 07:00:00+00:00,92.60520779552799,92.60520779552799,92.60520779552799,92.60520779552799,123827418.00205831
2026-08-10 08:00:00+00:00,92.20555512818646,92.20555512818646,92.20555512818646,92.20555512818646,124340651.10167493
2026-08-10 09:00:00+00:00,92.00660517939436,92.00660517939436,92.00660517939436,92.00660517939436,124222096.42180347
2026-08-10 10:00:00+00:00,91.23368738312416,91.23368738312416,91.23368738312416,91.23368738312416,122470544.40013668
2026-08-10 11:00:00+00:00,91.16829901080683,91.16829901080683,91.16829901080683,91.16829901080683,117117961.6243773
2026-08-10 12:00:00+00:00,91.60760884170602,91.60760884170602,91.60760884170602,91.60760884170602,118053259.36867066
2026-08-10 13:00:00+00:00,91.25707078202029,91.25707078202029,91.25707078202029,91.25707078202029,119507544.90369074
2026-08-10 14:00:00+00:00,91.13826191145631,91.13826191145631,91.13826191145631,91.13826191145631,122888304.98354548
2026-08-10 15:00:00+00:00,90.39841578256384,90.39841578256384,90.39841578256384,90.39841578256384,126433717.40150411
2026-08-10 16:00:00+00:00,89.88038123588528,89.88038123588528,89.88038123588528,89.88038123588528,130703035.73618518
2026-08-10 17:00:00+00:00,89.03917246741295,89.03917246741295,89.03917246741295,89.03917246741295,130703257.88975522
2026-08-10 18:00:00+00:00,89.66674910152139,89.66674910152139,89.66674910152139,89.66674910152139,133044395.22045098
2026-08-10 19:00:00+00:00,89.66389801322629,89.66389801322629,89.66389801322629,89.66389801322629,134384954.90820163
2026-08-10 20:00:00+00:00,89.75720236537654,89.75720236537654,89.75720236537654,89.75720236537654,134716479.38263816
2026-08-10 21:00:00+00:00,89.61045461046525,89.61045461046525,89.61045461046525,89.61045461046525,134479208.86622685
2026-08-10 22:00:00+00:00,89.22215918055888,89.22215918055888,89.22215918055888,89.22215918055888,128068775.6263153
2026-08-10 23:00:00+00:00,89.21248170949806,89.21248170949806,89.21248170949806,89.21248170949806,130465738.6591593
2026-08-11 00:00:00+00:00,89.10038188321339,89.10038188321339,89.10038188321339,89.10038188321339,129182261.988923
2026-08-11 01:00:00+00:00,88.91214308072095,88.91214308072095,88.91214308072095,88.91214308072095,128221661.95987728
2026-08-11 02:00:00+00:00,89.45024810827087,89.45024810827087,89.45024810827087,89.45024810827087,126893382.2681357
2026-08-11 03:00:00+00:00,89.23000155598508,89.23000155598508,89.23000155598508,89.23000155598508,127102065.66891584
2026-08-11 04:00:00+00:00,89.09203621349775,89.09203621349775,89.09203621349775,89.09203621349775,127230826.47008081
2026-08-11 05:00:00+00:00,88.92490503388174,88.92490503388174,88.92490503388174,88.92490503388174,126179392.01071867
2026-08-11 06:00:00+00:00,88.63480379714214,88.63480379714214,88.63480379714214,88.63480379714214,126912217.43249245
2026-08-11 07:00:00+00:00,88.5956442578176,88.5956442578176,88.5956442578176,88.5956442578176,125401243.0776543
2026-08-11 08:00:00+00:00,88.749952137961,88.749952137961,88.749952137961,88.749952137961,126364820.52741458
2026-08-11 09:00:00+00:00,88.69494306868503,88.69494306868503,88.69494306868503,88.69494306868503,125973512.29302675
2026-08-11 10:00:00+00:00,89.09341833590841,89.09341833590841,89.09341833590841,89.09341833590841,125627935.46387164
2026-08-11 11:00:00+00:00,89.15342219789403,89.15342219789403,89.15342219789403,89.15342219789403,120928998.00482422
2026-08-11 12:00:00+00:00,89.00709699440834,89.00709699440834,89.00709699440834,89.00709699440834,121694115.42369059
2026-08-11 13:00:00+00:00,88.81416164080294,88.81416164080294,88.81416164080294,88.81416164080294,121920988.84570314
2026-08-11 14:00:00+00:00,89.04701964037845,89.04701964037845,89.04701964037845,89.04701964037845,119863142.43806607
2026-08-11 15:00:00+00:00,87.44641006981769,87.44641006981769,87.44641006981769,87.44641006981769,84390751.60765281
2026-08-11 16:00:00+00:00,86.26500440511215,86.26500440511215,86.26500440511215,86.26500440511215,121429998.65346055
2026-08-11 17:00:00+00:00,86.68364310566709,86.68364310566709,86.68364310566709,86.68364310566709,123250477.26965927
2026-08-11 18:00:00+00:00,87.06128016105755,87.06128016105755,87.06128016105755,87.06128016105755,124279350.29012156
2026-08-11 19:00:00+00:00,87.37914488201503,87.37914488201503,87.37914488201503,87.37914488201503,124842089.28721856
2026-08-11 20:00:00+00:00,88.26195145398626,88.26195145398626,88.26195145398626,88.26195145398626,132687282.45634128
2026-08-11 21:00:00+00:00,88.13131200894065,88.13131200894065,88.13131200894065,88.13131200894065,128408068.82160467
2026-08-11 22:00:00+00:00,88.37714720613529,88.37714720613529,88.37714720613529,88.37714720613529,135820855.6891933
2026-08-11 23:00:00+00:00,88.11353015963365,88.11353015963365,88.11353015963365,88.11353015963365,129903887.88716644
2026-08-12 00:00:00+00:00,88.21430951242031,88.21430951242031,88.21430951242031,88.21430951242031,129298274.9544862
2026-08-12 01:00:00+00:00,88.65470338465758,88.65470338465758,88.65470338465758,88.65470338465758,134113315.22759382
2026-08-12 02:00:00+00:00,89.11294077674826,89.11294077674826,89.11294077674826,89.11294077674826,134524141.65085256
2026-08-12 03:00:00+00:00,89.7560455731833,89.7560455731833,89.7560455731833,89.7560455731833,137442514.75576404
2026-08-12 04:00:00+00:00,89.95879931274163,89.95879931274163,89.95879931274163,89.95879931274163,136870062.93524897
2026-08-12 05:00:00+00:00,89.70206887977592,89.70206887977592,89.70206887977592,89.70206887977592,138941495.5250776
2026-08-12 06:00:00+00:00,90.11613865276836,90.11613865276836,90.11613865276836,90.11613865276836,139328147.58213735
2026-08-12 07:00:00+00:00,89.0646282693922,89.0646282693922,89.0646282693922,89.0646282693922,139384495.39651823
2026-08-12 08:00:00+00:00,89.07480381007987,89.07480381007987,89.07480381007987,89.07480381007987,133591246.71642628
2026-08-12 09:00:00+00:00,88.8708864030296,88.8708864030296,88.8708864030296,88.8708864030296,134482826.40565336
2026-08-12 10:00:00+00:00,89.67743076961489,89.67743076961489,89.67743076961489,89.67743076961489,142352253.2610181
2026-08-12 11:00:00+00:00,89.63062358843368,89.63062358843368,89.63062358843368,89.63062358843368,142477386.4360177
2026-08-12 12:00:00+00:00,89.86287864120162,89.86287864120162,89.86287864120162,89.86287864120162,140439962.57273084
2026-08-12 13:00:00+00:00,89.60501558853795,89.60501558853795,89.60501558853795,89.60501558853795,144482579.5413848
2026-08-12 14:00:00+00:00,89.17922369638733,89.17922369638733,89.17922369638733,89.17922369638733,145126146.17621452
2026-08-12 15:00:00+00:00,88.62911653233374,88.62911653233374,88.62911653233374,88.62911653233374,141145422.09774554
2026-08-12 16:00:00+00:00,89.41575939365579,89.41575939365579,89.41575939365579,89.41575939365579,138094778.39533266
2026-08-12 17:00:00+00:00,89.24529783388368,89.24529783388368,89.24529783388368,89.24529783388368,133399297.44248515
2026-08-12 18:00:00+00:00,89.2171241610025,89.2171241610025,89.2171241610025,89.2171241610025,130399929.23907378
2026-08-12 19:00:00+00:00,89.07728829896399,89.07728829896399,89.07728829896399,89.07728829896399,128391140.87429668
2026-08-12 20:00:00+00:00,88.46302988069803,88.46302988069803,88.46302988069803,88.46302988069803,126031987.14321525
2026-08-12 21:00:00+00:00,88.69824740375226,88.69824740375226,88.69824740375226,88.69824740375226,125996589.11393951
2026-08-12 22:00:00+00:00,87.73870414829501,87.73870414829501,87.73870414829501,87.73870414829501,124963792.17523786
2026-08-12 23:00:00+00:00,87.69207067168016,87.69207067168016,87.69207067168016,87.69207067168016,126699616.10346876
2026-08-13 00:00:00+00:00,87.90515087759738,87.90515087759738,87.90515087759738,87.90515087759738,130154620.30852543
2026-08-13 01:00:00+00:00,88.01632287880254,88.01632287880254,88.01632287880254,88.01632287880254,130822193.58363272
2026-08-13 02:00:00+00:00,88.01002067574026,88.01002067574026,88.01002067574026,88.01002067574026,128500757.41268829
2026-08-13 03:00:00+00:00,88.01803674651333,88.01803674651333,88.01803674651333,88.01803674651333,127777440.36750707
2026-08-13 04:00:00+00:00,88.20782991301547,88.20782991301547,88.20782991301547,88.20782991301547,127885855.89863606
2026-08-13 05:00:00+00:00,88.24760457096069,88.24760457096069,88.24760457096069,88.24760457096069,125900827.09903684
2026-08-13 06:00:00+00:00,88.70654425675414,88.70654425675414,88.70654425675414,88.70654425675414,126861572.50525983
2026-08-13 07:00:00+00:00,89.40756790024284,89.40756790024284,89.40756790024284,89.40756790024284,127721886.31650862
2026-08-13 08:00:00+00:00,89.14255759080469,89.14255759080469,89.14255759080469,89.14255759080469,126990846.95435232
2026-08-13 09:00:00+00:00,89.02346516061216,89.02346516061216,89.02346516061216,89.02346516061216,125721219.58784789
2026-08-13 10:00:00+00:00,88.84140922839346,88.84140922839346,88.84140922839346,88.84140922839346,124088377.5277293
2026-08-13 11:00:00+00:00,88.79142688427818,88.79142688427818,88.79142688427818,88.79142688427818,124133388.53360008
2026-08-13 12:00:00+00:00,88.23242117900521,88.23242117900521,88.23242117900521,88.23242117900521,124165734.1263252
2026-08-13 13:00:00+00:00,88.7295339060174,88.7295339060174,88.7295339060174,88.7295339060174,123618640.60699955
2026-08-13 14:00:00+00:00,87.68328412891464,87.68328412891464,87.68328412891464,87.68328412891464,122918852.65410721
2026-08-13 15:00:00+00:00,88.7212145888033,88.7212145888033,88.7212145888033,88.7212145888033,127646746.27693273
2026-08-13 16:00:00+00:00,87.24703185952832,87.24703185952832,87.24703185952832,87.24703185952832,125884154.2615418
2026-08-13 17:00:00+00:00,87.27300474724882,87.27300474724882,87.27300474724882,87.27300474724882,129525228.87744796
2026-08-13 18:00:00+00:00,87.45446323232571,87.45446323232571,87.45446323232571,87.45446323232571,131518257.30493931
2026-08-13 19:00:00+00:00,87.71070913268778,87.71070913268778,87.71070913268778,87.71070913268778,133144175.16766721
2026-08-13 20:00:00+00:00,87.5954039745268,87.5954039745268,87.5954039745268,87.5954039745268,132744617.26876335
2026-08-13 21:00:00+00:00,88.217405322945,88.217405322945,88.217405322945,88.217405322945,134393500.89586976
2026-08-13 22:00:00+00:00,88.35345496508731,88.35345496508731,88.35345496508731,88.35345496508731,134247528.52555835
2026-08-13 23:00:00+00:00,88.44602086251825,88.44602086251825,88.44602086251825,88.44602086251825,133097729.94459525
2026-08-14 00:00:00+00:00,87.91499029072861,87.91499029072861,87.91499029072861,87.91499029072861,132748624.03753756
2026-08-14 01:00:00+00:00,88.38237485315669,88.38237485315669,88.38237485315669,88.38237485315669,132410629.66866452
2026-08-14 02:00:00+00:00,88.41664571720814,88.41664571720814,88.41664571720814,88.41664571720814,132212080.77903162
2026-08-14 03:00:00+00:00,87.84163758094255,87.84163758094255,87.84163758094255,87.84163758094255,129297521.62551849
2026-08-14 04:00:00+00:00,87.48178774223094,87.48178774223094,87.48178774223094,87.48178774223094,128953121.88715053
2026-08-14 05:00:00+00:00,87.65968318821486,87.65968318821486,87.65968318821486,87.65968318821486,129305504.2659356
2026-08-14 06:00:00+00:00,87.88301772406861,87.88301772406861,87.88301772406861,87.88301772406861,127162618.41861218
2026-08-14 07:00:00+00:00,87.22321497041244,87.22321497041244,87.22321497041244,87.22321497041244,118552633.46394701
2026-08-14 08:00:00+00:00,87.23853921065063,87.23853921065063,87.23853921065063,87.23853921065063,123513688.13391095
2026-08-14 09:00:00+00:00,87.1941522717903,87.1941522717903,87.1941522717903,87.1941522717903,123797102.23492958
2026-08-14 10:00:00+00:00,86.5180993786525,86.5180993786525,86.5180993786525,86.5180993786525,124091340.68362135
2026-08-14 11:00:00+00:00,86.48069636501566,86.48069636501566,86.48069636501566,86.48069636501566,128164110.64341548
2026-08-14 12:00:00+00:00,86.00215441432577,86.00215441432577,86.00215441432577,86.00215441432577,130552553.33433586
2026-08-14 13:00:00+00:00,85.5627663252659,85.5627663252659,85.5627663252659,85.5627663252659,131546662.14917672
2026-08-14 14:00:00+00:00,85.72788246438658,85.72788246438658,85.72788246438658,85.72788246438658,130331123.80669682
2026-08-14 15:00:00+00:00,85.15750584128075,85.15750584128075,85.15750584128075,85.15750584128075,126139696.7225503
2026-08-14 16:00:00+00:00,86.24638902232098,86.24638902232098,86.24638902232098,86.24638902232098,129850609.62469324
2026-08-14 17:00:00+00:00,86.57148259390988,86.57148259390988,86.57148259390988,86.57148259390988,131253816.90164442
2026-08-14 18:00:00+00:00,86.48469433851164,86.48469433851164,86.48469433851164,86.48469433851164,130559173.40419038
2026-08-14 19:00:00+00:00,86.09094748042732,86.09094748042732,86.09094748042732,86.09094748042732,129545857.1133739
2026-08-14 20:00:00+00:00,86.23083073763956,86.23083073763956,86.23083073763956,86.23083073763956,130146395.87656783
2026-08-14 21:00:00+00:00,85.65824313353244,85.65824313353244,85.65824313353244,85.65824313353244,128685214.8657519
2026-08-14 22:00:00+00:00,85.5233138944944,85.5233138944944,85.5233138944944,85.5233138944944,127124480.55674434
2026-08-14 23:00:00+00:00,85.45965223206166,85.45965223206166,85.45965223206166,85.45965223206166,125767242.4256085
2026-08-15 00:00:00+00:00,86.37562052378877,86.37562052378877,86.37562052378877,86.37562052378877,125232405.86939363
2026-08-15 01:00:00+00:00,86.3695486891346,86.3695486891346,86.3695486891346,86.3695486891346,124417448.25786549
2026-08-15 02:00:00+00:00,86.3767443376558,86.3767443376558,86.3767443376558,86.3767443376558,125638006.39693953
2026-08-15 03:00:00+00:00,86.68499176493543,86.68499176493543,86.68499176493543,86.68499176493543,127001904.4657144
2026-08-15 04:00:00+00:00,86.93445593889594,86.93445593889594,86.93445593889594,86.93445593889594,128697081.84661213
2026-08-15 05:00:00+00:00,87.00261923986645,87.00261923986645,87.00261923986645,87.00261923986645,129148892.28189643
2026-08-15 06:00:00+00:00,86.84322219252445,86.84322219252445,86.84322219252445,86.84322219252445,129893461.4334377
2026-08-15 07:00:00+00:00,86.97865445113285,86.97865445113285,86.97865445113285,86.97865445113285,130662335.7288079
2026-08-15 08:00:00+00:00,86.51664988680926,86.51664988680926,86.51664988680926,86.51664988680926,130418110.45346794
2026-08-15 09:00:00+00:00,86.6539378598826,86.6539378598826,86.6539378598826,86.6539378598826,130996725.12962422
2026-08-15 10:00:00+00:00,86.8811609655035,86.8811609655035,86.8811609655035,86.8811609655035,129494414.70813014
2026-08-15 11:00:00+00:00,87.05933764376717,87.05933764376717,87.05933764376717,87.05933764376717,125339924.08249934
2026-08-15 12:00:00+00:00,86.79023420010444,86.79023420010444,86.79023420010444,86.79023420010444,121116213.16555935
2026-08-15 13:00:00+00:00,86.44342013758487,86.44342013758487,86.44342013758487,86.44342013758487,117814412.65019242
2026-08-15 14:00:00+00:00,86.53491865801945,86.53491865801945,86.53491865801945,86.53491865801945,114937878.74126968
2026-08-15 15:00:00+00:00,86.59593201150622,86.59593201150622,86.59593201150622,86.59593201150622,110589319.54299065
2026-08-15 16:00:00+00:00,87.03238620487288,87.03238620487288,87.03238620487288,87.03238620487288,109102957.86817281
2026-08-15 17:00:00+00:00,86.98595936509066,86.98595936509066,86.98595936509066,86.98595936509066,104813658.39648877
2026-08-15 18:00:00+00:00,86.67652263526936,86.67652263526936,86.67652263526936,86.67652263526936,103685579.80235542
2026-08-15 19:00:00+00:00,86.46904483924706,86.46904483924706,86.46904483924706,86.46904483924706,102425362.96503718
2026-08-15 20:00:00+00:00,86.58445637620144,86.58445637620144,86.58445637620144,86.58445637620144,101417233.93689054
2026-08-15 21:00:00+00:00,86.57722276407006,86.57722276407006,86.57722276407006,86.57722276407006,99990968.86980684
2026-08-15 22:00:00+00:00,86.5465354137023,86.5465354137023,86.5465354137023,86.5465354137023,99318828.82112381
2026-08-15 23:00:00+00:00,86.43705519470731,86.43705519470731,86.43705519470731,86.43705519470731,99804037.80424857
2026-08-16 00:00:00+00:00,86.11468680136227,86.11468680136227,86.11468680136227,86.11468680136227,98562289.43624255
2026-08-16 01:00:00+00:00,86.1314350922832,86.1314350922832,86.1314350922832,86.1314350922832,99078951.56421883
2026-08-16 02:00:00+00:00,86.07651553148547,86.07651553148547,86.07651553148547,86.07651553148547,98891943.07050654
2026-08-16 03:00:00+00:00,86.39527626893111,86.39527626893111,86.39527626893111,86.39527626893111,97990626.37555078
2026-08-16 04:00:00+00:00,86.36760192214717,86.36760192214717,86.36760192214717,86.36760192214717,96237258.57037069
2026-08-16 05:00:00+00:00,86.28284394626579,86.28284394626579,86.28284394626579,86.28284394626579,95979133.62881252
2026-08-16 06:00:00+00:00,85.8802154430404,85.8802154430404,85.8802154430404,85.8802154430404,94671133.38868877
2026-08-16 07:00:00+00:00,85.80660131530017,85.80660131530017,85.80660131530017,85.80660131530017,93568232.43806808
2026-08-16 08:00:00+00:00,86.01340008924232,86.01340008924232,86.01340008924232,86.01340008924232,92598365.33809148
2026-08-16 09:00:00+00:00,85.9526267862181,85.9526267862181,85.9526267862181,85.9526267862181,91610549.7666111
2026-08-16 10:00:00+00:00,85.82860175500709,85.82860175500709,85.82860175500709,85.82860175500709,91130147.474749
2026-08-16 11:00:00+00:00,85.9134455704598,85.9134455704598,85.9134455704598,85.9134455704598,92127361.26173718
2026-08-16 12:00:00+00:00,86.23443733601833,86.23443733601833,86.23443733601833,86.23443733601833,93182647.26431382
2026-08-16 13:00:00+00:00,86.12488378790422,86.12488378790422,86.12488378790422,86.12488378790422,92562816.89819273
2026-08-16 14:00:00+00:00,86.04703132316735,86.04703132316735,86.04703132316735,86.04703132316735,93472477.67328948
2026-08-16 15:00:00+00:00,86.55857658214366,86.55857658214366,86.55857658214366,86.55857658214366,95017672.55812985
2026-08-16 16:00:00+00:00,86.83248659875684,86.83248659875684,86.83248659875684,86.83248659875684,94218637.06153305
2026-08-16 17:00:00+00:00,86.87739580042638,86.87739580042638,86.87739580042638,86.87739580042638,95385122.70240675
2026-08-16 18:00:00+00:00,86.75264508411601,86.75264508411601,86.75264508411601,86.75264508411601,95046910.26642908
2026-08-16 19:00:00+00:00,86.67140449683053,86.67140449683053,86.67140449683053,86.67140449683053,94851011.83870275
2026-08-16 20:00:00+00:00,86.73943612077004,86.73943612077004,86.73943612077004,86.73943612077004,95901902.17344567
2026-08-16 21:00:00+00:00,86.42654360411085,86.42654360411085,86.42654360411085,86.42654360411085,96446044.3613382
2026-08-16 22:00:00+00:00,85.45119450077789,85.45119450077789,85.45119450077789,85.45119450077789,98792626.0442138
2026-08-16 23:00:00+00:00,85.99681090763434,85.99681090763434,85.99681090763434,85.99681090763434,99864699.05274291
2026-08-17 00:00:00+00:00,85.97449512117034,85.97449512117034,85.97449512117034,85.97449512117034,100839311.0734001
2026-08-17 01:00:00+00:00,86.23223886372176,86.23223886372176,86.23223886372176,86.23223886372176,101613596.79730152
2026-08-17 02:00:00+00:00,86.36476055376157,86.36476055376157,86.36476055376157,86.36476055376157,103004448.60175458
2026-08-17 03:00:00+00:00,86.87051005537475,86.87051005537475,86.87051005537475,86.87051005537475,107728308.2557192
2026-08-17 04:00:00+00:00,86.73035819100654,86.73035819100654,86.73035819100654,86.73035819100654,109124363.0895102
2026-08-17 05:00:00+00:00,86.80115422572062,86.80115422572062,86.80115422572062,86.80115422572062,110413346.30631176
2026-08-17 06:00:00+00:00,86.30395747999043,86.30395747999043,86.30395747999043,86.30395747999043,110136299.09799507
2026-08-17 07:00:00+00:00,86.29351308414253,86.29351308414253,86.29351308414253,86.29351308414253,111460176.53851007
2026-08-17 08:00:00+00:00,86.1565770263522,86.1565770263522,86.1565770263522,86.1565770263522,108705598.42939386
2026-08-17 09:00:00+00:00,85.73090542761307,85.73090542761307,85.73090542761307,85.73090542761307,108777520.199192
2026-08-17 10:00:00+00:00,85.9431721863872,85.9431721863872,85.9431721863872,85.9431721863872,110606292.88473228
2026-08-17 11:00:00+00:00,86.61359457630208,86.61359457630208,86.61359457630208,86.61359457630208,119170438.76861714
2026-08-17 12:00:00+00:00,86.65450595260245,86.65450595260245,86.65450595260245,86.65450595260245,119346099.43137306
2026-08-17 13:00:00+00:00,86.60995328435722,86.60995328435722,86.60995328435722,86.60995328435722,120527290.06165832
2026-08-17 14:00:00+00:00,86.7765812170703,86.7765812170703,86.7765812170703,86.7765812170703,121382489.70855686
2026-08-17 15:00:00+00:00,87.87260227347468,87.87260227347468,87.87260227347468,87.87260227347468,125308382.60792364
2026-08-17 16:00:00+00:00,88.03527573829716,88.03527573829716,88.03527573829716,88.03527573829716,128513433.5850783
2026-08-17 17:00:00+00:00,87.61734131706667,87.61734131706667,87.61734131706667,87.61734131706667,129273188.12435395
2026-08-17 18:00:00+00:00,87.84248912415246,87.84248912415246,87.84248912415246,87.84248912415246,131790401.01404381
2026-08-17 19:00:00+00:00,87.97259490181914,87.97259490181914,87.97259490181914,87.97259490181914,133938965.78368683
2026-08-17 20:00:00+00:00,87.77229032620889,87.77229032620889,87.77229032620889,87.77229032620889,133492957.30151746
2026-08-17 21:00:00+00:00,88.1576047516252,88.1576047516252,88.1576047516252,88.1576047516252,133613574.84874585
2026-08-17 22:00:00+00:00,88.8478811435713,88.8478811435713,88.8478811435713,88.8478811435713,140964381.0302498
2026-08-17 23:00:00+00:00,88.5721032355768,88.5721032355768,88.5721032355768,88.5721032355768,143845382.49471876
2026-08-18 00:00:00+00:00,89.31844751602343,89.31844751602343,89.31844751602343,89.31844751602343,149574371.34973893
2026-08-18 01:00:00+00:00,89.1398873037806,89.1398873037806,89.1398873037806,89.1398873037806,150931929.5060719
2026-08-18 02:00:00+00:00,88.34678934372383,88.34678934372383,88.34678934372383,88.34678934372383,149946824.8040423
2026-08-18 03:00:00+00:00,87.91299302410923,87.91299302410923,87.91299302410923,87.91299302410923,148838287.9053056
2026-08-18 04:00:00+00:00,87.98465406502969,87.98465406502969,87.98465406502969,87.98465406502969,149531506.72523642
2026-08-18 05:00:00+00:00,88.18262155792668,88.18262155792668,88.18262155792668,88.18262155792668,150038947.13765183
2026-08-18 06:00:00+00:00,88.2653357828855,88.2653357828855,88.2653357828855,88.2653357828855,150250874.5429583
2026-08-18 07:00:00+00:00,88.81851123318825,88.81851123318825,88.81851123318825,88.81851123318825,152806604.70925254
2026-08-18 08:00:00+00:00,88.34554986993474,88.34554986993474,88.34554986993474,88.34554986993474,151544632.68602622
2026-08-18 09:00:00+00:00,88.59853409424606,88.59853409424606,88.59853409424606,88.59853409424606,153003648.3322408
2026-08-18 10:00:00+00:00,88.7476644106904,88.7476644106904,88.7476644106904,88.7476644106904,153510528.74360546
2026-08-18 11:00:00+00:00,89.02964499540316,89.02964499540316,89.02964499540316,89.02964499540316,153953587.7862438
2026-08-18 12:00:00+00:00,89.00061949756048,89.00061949756048,89.00061949756048,89.00061949756048,155735215.8167821
2026-08-18 13:00:00+00:00,89.18455021392708,89.18455021392708,89.18455021392708,89.18455021392708,156074641.2950538
2026-08-18 14:00:00+00:00,89.27959456474798,89.27959456474798,89.27959456474798,89.27959456474798,157774059.66464356
2026-08-18 15:00:00+00:00,89.19824369643872,89.19824369643872,89.19824369643872,89.19824369643872,158834644.91364542
2026-08-18 16:00:00+00:00,89.3077724061202,89.3077724061202,89.3077724061202,89.3077724061202,163137605.0518665
2026-08-18 17:00:00+00:00,89.38310253409539,89.38310253409539,89.38310253409539,89.38310253409539,168470240.24026182
2026-08-18 18:00:00+00:00,89.27364650882816,89.27364650882816,89.27364650882816,89.27364650882816,168223749.88333604
2026-08-18 19:00:00+00:00,89.63266100761875,89.63266100761875,89.63266100761875,89.63266100761875,169216235.5480897
2026-08-18 20:00:00+00:00,89.3396388682025,89.3396388682025,89.3396388682025,89.3396388682025,170994709.72238985
2026-08-18 21:00:00+00:00,88.3806547234558,88.3806547234558,88.3806547234558,88.3806547234558,175654159.1214114
2026-08-18 22:00:00+00:00,88.18835786693325,88.18835786693325,88.18835786693325,88.18835786693325,172233098.42217645
2026-08-18 23:00:00+00:00,87.00353752487612,87.00353752487612,87.00353752487612,87.00353752487612,169120475.19490585
2026-08-19 00:00:00+00:00,87.39044992961914,87.39044992961914,87.39044992961914,87.39044992961914,168471988.38079613
2026-08-19 01:00:00+00:00,87.16819702112441,87.16819702112441,87.16819702112441,87.16819702112441,168274342.3021864
2026-08-19 02:00:00+00:00,87.13389815323717,87.13389815323717,87.13389815323717,87.13389815323717,166958098.31353214
2026-08-19 03:00:00+00:00,87.13703457936117,87.13703457936117,87.13703457936117,87.13703457936117,164329318.64921048
2026-08-19 04:00:00+00:00,87.66585695596282,87.66585695596282,87.66585695596282,87.66585695596282,164891487.0977718
2026-08-19 05:00:00+00:00,87.35116253242988,87.35116253242988,87.35116253242988,87.35116253242988,164657779.51224586
2026-08-19 06:00:00+00:00,87.35541221439088,87.35541221439088,87.35541221439088,87.35541221439088,165566790.80394152
2026-08-19 07:00:00+00:00,87.99892713407276,87.99892713407276,87.99892713407276,87.99892713407276,165258307.3997483
2026-08-19 08:00:00+00:00,88.0345488433689,88.0345488433689,88.0345488433689,88.0345488433689,164484402.27659503
2026-08-19 09:00:00+00:00,88.34097692448253,88.34097692448253,88.34097692448253,88.34097692448253,164549716.33653066
2026-08-19 10:00:00+00:00,87.78813850468961,87.78813850468961,87.78813850468961,87.78813850468961,162840775.4972113
2026-08-19 11:00:00+00:00,88.06963575757793,88.06963575757793,88.06963575757793,88.06963575757793,160583425.24853367
2026-08-19 12:00:00+00:00,89.09880596829898,89.09880596829898,89.09880596829898,89.09880596829898,162202851.29309458
2026-08-19 13:00:00+00:00,89.38205907083623,89.38205907083623,89.38205907083623,89.38205907083623,163440227.23801768
2026-08-19 14:00:00+00:00,89.32358361335649,89.32358361335649,89.32358361335649,89.32358361335649,165031440.05425584
2026-08-19 15:00:00+00:00,91.30165448509057,91.30165448509057,91.30165448509057,91.30165448509057,171818715.79178193
2026-08-19 16:00:00+00:00,93.22083738224624,93.22083738224624,93.22083738224624,93.22083738224624,202960486.74638534
2026-08-19 17:00:00+00:00,92.44228991537989,92.44228991537989,92.44228991537989,92.44228991537989,204618487.01230648
2026-08-19 18:00:00+00:00,92.40913145879419,92.40913145879419,92.40913145879419,92.40913145879419,206808110.03454545
2026-08-19 19:00:00+00:00,92.35372692045478,92.35372692045478,92.35372692045478,92.35372692045478,207001093.18305165
2026-08-19 20:00:00+00:00,93.12651075191309,93.12651075191309,93.12651075191309,93.12651075191309,212687954.96104065
2026-08-19 21:00:00+00:00,95.21950196421471,95.21950196421471,95.21950196421471,95.21950196421471,222024581.43044505
2026-08-19 22:00:00+00:00,96.14445100949317,96.14445100949317,96.14445100949317,96.14445100949317,241779352.5427675
2026-08-19 23:00:00+00:00,95.19080317384868,95.19080317384868,95.19080317384868,95.19080317384868,240039476.8797241
2026-08-20 00:00:00+00:00,95.439732035037,95.439732035037,95.439732035037,95.439732035037,242629092.58026457
2026-08-20 01:00:00+00:00,95.67736603426309,95.67736603426309,95.67736603426309,95.67736603426309,247844925.85530034
2026-08-20 02:00:00+00:00,96.42211406195632,96.42211406195632,96.42211406195632,96.42211406195632,251664857.99262816
2026-08-20 03:00:00+00:00,95.66059311648205,95.66059311648205,95.66059311648205,95.66059311648205,256216896.0346905
2026-08-20 04:00:00+00:00,95.32124934301932,95.32124934301932,95.32124934301932,95.32124934301932,255593961.22740915
2026-08-20 05:00:00+00:00,95.92022724711472,95.92022724711472,95.92022724711472,95.92022724711472,256682336.0999651
2026-08-20 06:00:00+00:00,95.89886840042182,95.89886840042182,95.89886840042182,95.89886840042182,257304663.50845477
2026-08-20 07:00:00+00:00,96.63714362124861,96.63714362124861,96.63714362124861,96.63714362124861,263748104.6628653
2026-08-20 08:00:00+00:00,97.04432274806896,97.04432274806896,97.04432274806896,97.04432274806896,266081387.29464653
2026-08-20 09:00:00+00:00,98.36024462462552,98.36024462462552,98.36024462462552,98.36024462462552,280251392.5767448
2026-08-20 10:00:00+00:00,97.32735199634605,97.32735199634605,97.32735199634605,97.32735199634605,279217558.82611215
2026-08-20 11:00:00+00:00,97.6563068874506,97.6563068874506,97.6563068874506,97.6563068874506,290453812.10678506
2026-08-20 12:00:00+00:00,97.96233510798041,97.96233510798041,97.96233510798041,97.96233510798041,293764445.1694916
2026-08-20 13:00:00+00:00,97.24209645326938,97.24209645326938,97.24209645326938,97.24209645326938,292998093.9575907
2026-08-20 14:00:00+00:00,96.21812891727727,96.21812891727727,96.21812891727727,96.21812891727727,293915790.1930308
2026-08-20 15:00:00+00:00,96.74129955834529,96.74129955834529,96.74129955834529,96.74129955834529,291492001.28115165
2026-08-20 16:00:00+00:00,96.97517403192992,96.97517403192992,96.97517403192992,96.97517403192992,262706613.11320508
2026-08-20 17:00:00+00:00,97.27976075029495,97.27976075029495,97.27976075029495,97.27976075029495,267401634.70594957
2026-08-20 18:00:00+00:00,97.12349799569024,97.12349799569024,97.12349799569024,97.12349799569024,267158691.0012447
2026-08-20 19:00:00+00:00,96.55117801534287,96.55117801534287,96.55117801534287,96.55117801534287,266679308.84591365
2026-08-20 20:00:00+00:00,96.77832818174755,96.77832818174755,96.77832818174755,96.77832818174755,264820246.37479195
2026-08-20 21:00:00+00:00,97.29968711002086,97.29968711002086,97.29968711002086,97.29968711002086,261322140.50206992
2026-08-20 22:00:00+00:00,97.52914840841322,97.52914840841322,97.52914840841322,97.52914840841322,242495550.6834792
2026-08-20 23:00:00+00:00,98.44148204747886,98.44148204747886,98.44148204747886,98.44148204747886,240287093.98550528
2026-08-21 00:00:00+00:00,99.15216213805053,99.15216213805053,99.15216213805053,99.15216213805053,246971496.88395515
2026-08-21 01:00:00+00:00,99.39656023413725,99.39656023413725,99.39656023413725,99.39656023413725,246655937.79942316
2026-08-21 02:00:00+00:00,99.59988779913841,99.59988779913841,99.59988779913841,99.59988779913841,258385091.7296567
2026-08-21 03:00:00+00:00,100.6444428342997,100.6444428342997,100.6444428342997,100.6444428342997,265072521.77352244
2026-08-21 04:00:00+00:00,101.21357613353335,101.21357613353335,101.21357613353335,101.21357613353335,271710772.7156424
2026-08-21 05:00:00+00:00,101.09140216723549,101.09140216723549,101.09140216723549,101.09140216723549,276570662.9618479
2026-08-21 06:00:00+00:00,100.82805201212618,100.82805201212618,100.82805201212618,100.82805201212618,280586641.231441
2026-08-21 07:00:00+00:00,100.4194347033754,100.4194347033754,100.4194347033754,100.4194347033754,283638862.2320125
2026-08-21 08:00:00+00:00,106.16971102943508,106.16971102943508,106.16971102943508,106.16971102943508,322483589.52500963
2026-08-21 09:00:00+00:00,107.17807088438798,107.17807088438798,107.17807088438798,107.17807088438798,360938566.68384296
2026-08-21 10:00:00+00:00,109.19009486288304,109.19009486288304,109.19009486288304,109.19009486288304,395515116.35595745
2026-08-21 11:00:00+00:00,112.91083328798379,112.91083328798379,112.91083328798379,112.91083328798379,444404453.3840109
2026-08-21 12:00:00+00:00,109.12947644263718,109.12947644263718,109.12947644263718,109.12947644263718,457975817.7148813
2026-08-21 13:00:00+00:00,109.12421847105759,109.12421847105759,109.12421847105759,109.12421847105759,465489864.1611295
2026-08-21 14:00:00+00:00,110.65864893555153,110.65864893555153,110.65864893555153,110.65864893555153,481613116.86035234
2026-08-21 15:00:00+00:00,112.11893703666982,112.11893703666982,112.11893703666982,112.11893703666982,497819994.56663597
2026-08-21 16:00:00+00:00,110.74960803485274,110.74960803485274,110.74960803485274,110.74960803485274,500900477.4320407
2026-08-21 17:00:00+00:00,111.69409198325646,111.69409198325646,111.69409198325646,111.69409198325646,500352106.6078635
2026-08-21 18:00:00+00:00,112.3792736640139,112.3792736640139,112.3792736640139,112.3792736640139,506181372.16657573
2026-08-21 19:00:00+00:00,109.07289488542816,109.07289488542816,109.07289488542816,109.07289488542816,499392860.1952603
2026-08-21 20:00:00+00:00,109.97994289748748,109.97994289748748,109.97994289748748,109.97994289748748,505675799.210658
2026-08-21 21:00:00+00:00,116.1615264173381,116.1615264173381,116.1615264173381,116.1615264173381,535060145.6662453
2026-08-21 22:00:00+00:00,121.64917469504199,121.64917469504199,121.64917469504199,121.64917469504199,615586561.2669293
2026-08-21 23:00:00+00:00,120.58445178522967,120.58445178522967,120.58445178522967,120.58445178522967,626530779.1946375
2026-08-22 00:00:00+00:00,123.16131397631383,123.16131397631383,123.16131397631383,123.16131397631383,660648388.5947089
