timestamp,open,high,low,close,volume
2026-05-14 00:00:00+00:00,0.04627325845685078,0.04627325845685078,0.04627325845685078,0.04627325845685078,1853.429590259661
2026-05-14 01:00:00+00:00,0.04627605826188923,0.04627605826188923,0.04627605826188923,0.04627605826188923,1853.5392691862278
2026-05-14 02:00:00+00:00,0.04626794233890716,0.04626794233890716,0.04626794233890716,0.04626794233890716,1853.221644426783
2026-05-14 03:00:00+00:00,0.046263095405769346,0.046263095405769346,0.046263095405769346,0.046263095405769346,1853.0329812650248
2026-05-14 04:00:00+00:00,0.04626440901779275,0.04626440901779275,0.04626440901779275,0.04626440901779275,1853.084315911655
2026-05-14 05:00:00+00:00,0.04627066964830311,0.04627066964830311,0.04627066964830311,0.04627066964830311,1853.2919273387054
2026-05-14 06:00:00+00:00,0.04625773280195857,0.04625773280195857,0.04625773280195857,0.04625773280195857,1852.7877938143247
2026-05-14 07:00:00+00:00,0.046257335098888484,0.046257335098888484,0.046257335098888484,0.046257335098888484,1847.0684538094465
2026-05-14 08:00:00+00:00,0.04622287243157726,0.04622287243157726,0.04622287243157726,0.04622287243157726,1832.1359823065957
2026-05-14 09:00:00+00:00,0.046236538251386156,0.046236538251386156,0.046236538251386156,0.046236538251386156,1832.6613035264259
2026-05-14 10:00:00+00:00,0.04620610352099776,0.04620610352099776,0.04620610352099776,0.04620610352099776,1768.2327794930393
2026-05-14 11:00:00+00:00,0.046211147013932224,0.046211147013932224,0.046211147013932224,0.046211147013932224,1768.4126050614948
2026-05-14 12:00:00+00:00,0.04616703359321554,0.04616703359321554,0.04616703359321554,0.04616703359321554,1720.6005630670309
2026-05-14 13:00:00+00:00,0.04676342529366145,0.04676342529366145,0.04676342529366145,0.04676342529366145,1619.9820537613737
2026-05-14 14:00:00+00:00,0.04673584481765872,0.04673584481765872,0.04673584481765872,0.04673584481765872,1568.8460973756994
2026-05-14 15:00:00+00:00,0.04673691417224254,0.04673691417224254,0.04673691417224254,0.04673691417224254,1241.4810033046933
2026-05-14 16:00:00+00:00,0.04675749337298969,0.04675749337298969,0.04675749337298969,0.04675749337298969,1249.9477196478763
2026-05-14 17:00:00+00:00,0.05221248231525322,0.05221248231525322,0.05221248231525322,0.05221248231525322,1638.6746552698244
2026-05-14 18:00:00+00:00,0.05234377824126785,0.05234377824126785,0.05234377824126785,0.05234377824126785,2675.496299945717
2026-05-14 19:00:00+00:00,0.05238655298971501,0.05238655298971501,0.05238655298971501,0.05238655298971501,2452.7074031433963
2026-05-14 20:00:00+00:00,0.052358506252354074,0.052358506252354074,0.052358506252354074,0.052358506252354074,2453.5068391707696
2026-05-14 21:00:00+00:00,0.05223452914318825,0.05223452914318825,0.05223452914318825,0.05223452914318825,2615.78815885213
2026-05-14 22:00:00+00:00,0.05255972806142905,0.05255972806142905,0.05255972806142905,0.05255972806142905,1942.0426793356696
2026-05-14 23:00:00+00:00,0.05255576189819448,0.05255576189819448,0.05255576189819448,0.05255576189819448,1941.8357695130628
2026-05-15 00:00:00+00:00,0.05256485480657627,0.05256485480657627,0.05256485480657627,0.05256485480657627,1861.6102871288444
2026-05-15 01:00:00+00:00,0.05254044364810511,0.05254044364810511,0.05254044364810511,0.05254044364810511,1860.7438433923114
2026-05-15 02:00:00+00:00,0.05249957019324318,0.05249957019324318,0.05249957019324318,0.05249957019324318,1890.7919700980165
2026-05-15 03:00:00+00:00,0.05252540704661722,0.05252540704661722,0.05252540704661722,0.05252540704661722,1891.7249013433252
2026-05-15 04:00:00+00:00,0.05252017132614699,0.05252017132614699,0.05252017132614699,0.05252017132614699,1891.535836745633
2026-05-15 05:00:00+00:00,0.05250207498957551,0.05250207498957551,0.05250207498957551,0.05250207498957551,1890.882338437761
2026-05-15 06:00:00+00:00,0.05244662521252562,0.05244662521252562,0.05244662521252562,0.05244662521252562,1888.8792912807546
2026-05-15 07:00:00+00:00,0.052288860185822836,0.052288860185822836,0.052288860185822836,0.052288860185822836,1619.483532305309
2026-05-15 08:00:00+00:00,0.05230405112851114,0.05230405112851114,0.05230405112851114,0.05230405112851114,1757.1057902267034
2026-05-15 09:00:00+00:00,0.05236479193071875,0.05236479193071875,0.05236479193071875,0.05236479193071875,1660.3087735822648
2026-05-15 10:00:00+00:00,0.0523391955905936,0.0523391955905936,0.0523391955905936,0.0523391955905936,1659.4972010253146
2026-05-15 11:00:00+00:00,0.05243512361242374,0.05243512361242374,0.05243512361242374,0.05243512361242374,1662.5387510898631
2026-05-15 12:00:00+00:00,0.05235588624709469,0.05235588624709469,0.05235588624709469,0.05235588624709469,1660.0264047594242
2026-05-15 13:00:00+00:00,0.052335429667569676,0.052335429667569676,0.052335429667569676,0.052335429667569676,1659.377796463457
2026-05-15 14:00:00+00:00,0.05232973993577231,0.05232973993577231,0.05232973993577231,0.05232973993577231,1659.1973944934653
2026-05-15 15:00:00+00:00,0.05235280674550719,0.05235280674550719,0.05235280674550719,0.05235280674550719,1659.9287642778052
2026-05-15 16:00:00+00:00,0.05002180045144601,0.05002180045144601,0.05002180045144601,0.05002180045144601,291.5459740771789
2026-05-15 17:00:00+00:00,0.0520516210199607,0.0520516210199607,0.0520516210199607,0.0520516210199607,1800.480925427708
2026-05-15 18:00:00+00:00,0.05145313478945095,0.05145313478945095,0.05145313478945095,0.05145313478945095,856.7089615086013
2026-05-15 19:00:00+00:00,0.051442692590621,0.051442692590621,0.051442692590621,0.051442692590621,856.7278795235579
2026-05-15 20:00:00+00:00,0.05144077737355715,0.05144077737355715,0.05144077737355715,0.05144077737355715,854.6201017414469
2026-05-15 21:00:00+00:00,0.05178883329897083,0.05178883329897083,0.05178883329897083,0.05178883329897083,693.7687556945696
2026-05-15 22:00:00+00:00,0.05126967831644831,0.05126967831644831,0.05126967831644831,0.05126967831644831,312.6957301989397
2026-05-15 23:00:00+00:00,0.0512677538211148,0.0512677538211148,0.0512677538211148,0.0512677538211148,312.6839926282482
2026-05-16 00:00:00+00:00,0.05126843031244834,0.05126843031244834,0.05126843031244834,0.05126843031244834,312.6881185747815
2026-05-16 01:00:00+00:00,0.051266817262628876,0.051266817262628876,0.051266817262628876,0.051266817262628876,312.6782805221993
2026-05-16 02:00:00+00:00,0.0508840867841009,0.0508840867841009,0.0508840867841009,0.0508840867841009,283.1798153482341
2026-05-16 03:00:00+00:00,0.05088007591437423,0.05088007591437423,0.05088007591437423,0.05088007591437423,284.0850977022796
2026-05-16 04:00:00+00:00,0.050879619352708925,0.050879619352708925,0.050879619352708925,0.050879619352708925,284.08254852437517
2026-05-16 05:00:00+00:00,0.05087873843766995,0.05087873843766995,0.05087873843766995,0.05087873843766995,284.07763000115335
2026-05-16 06:00:00+00:00,0.05088796860901872,0.05088796860901872,0.05088796860901872,0.05088796860901872,284.1261294783435
2026-05-16 07:00:00+00:00,0.050888538052204856,0.050888538052204856,0.050888538052204856,0.050888538052204856,284.1293088877963
2026-05-16 08:00:00+00:00,0.049524417780250685,0.049524417780250685,0.049524417780250685,0.049524417780250685,146.86114231649896
2026-05-16 09:00:00+00:00,0.04952598986420754,0.04952598986420754,0.04952598986420754,0.04952598986420754,146.8658042197796
2026-05-16 10:00:00+00:00,0.04952483923126292,0.04952483923126292,0.04952483923126292,0.04952483923126292,146.86239209953249
2026-05-16 11:00:00+00:00,0.04952483923126292,0.04952483923126292,0.04952483923126292,0.04952483923126292,146.86239209953249
2026-05-16 12:00:00+00:00,0.04952483923126292,0.04952483923126292,0.04952483923126292,0.04952483923126292,146.86239209953249
2026-05-16 13:00:00+00:00,0.052320159300469835,0.052320159300469835,0.052320159300469835,0.052320159300469835,113.73947674024281
2026-05-16 14:00:00+00:00,0.05232226686200473,0.05232226686200473,0.05232226686200473,0.05232226686200473,113.74405839575346
2026-05-16 15:00:00+00:00,0.052322233157380875,0.052322233157380875,0.052322233157380875,0.052322233157380875,113.74398512483202
2026-05-16 16:00:00+00:00,0.051061119989674476,0.051061119989674476,0.051061119989674476,0.051061119989674476,206.98103856472267
2026-05-16 17:00:00+00:00,0.05105925211066684,0.05105925211066684,0.05105925211066684,0.05105925211066684,206.97346694198913
2026-05-16 18:00:00+00:00,0.05225979086821681,0.05225979086821681,0.05225979086821681,0.05225979086821681,146.96842472391486
2026-05-16 19:00:00+00:00,0.05226115947311942,0.05226115947311942,0.05226115947311942,0.05226115947311942,146.7841292648832
2026-05-16 20:00:00+00:00,0.05226202190746537,0.05226202190746537,0.05226202190746537,0.05226202190746537,146.78655155470216
2026-05-16 21:00:00+00:00,0.0522763233717202,0.0522763233717202,0.0522763233717202,0.0522763233717202,175.86906258195455
2026-05-16 22:00:00+00:00,0.05227482061562277,0.05227482061562277,0.05227482061562277,0.05227482061562277,175.86400697954983
2026-05-16 23:00:00+00:00,0.05227458563587141,0.05227458563587141,0.05227458563587141,0.05227458563587141,175.86321645592596
2026-05-17 00:00:00+00:00,0.052275682276770215,0.052275682276770215,0.052275682276770215,0.052275682276770215,175.86690579737964
2026-05-17 01:00:00+00:00,0.05227427512900137,0.05227427512900137,0.05227427512900137,0.05227427512900137,175.8621718424444
2026-05-17 02:00:00+00:00,0.05232838195611974,0.05232838195611974,0.05232838195611974,0.05232838195611974,172.53245700104995
2026-05-17 03:00:00+00:00,0.052342710651050825,0.052342710651050825,0.052342710651050825,0.052342710651050825,171.62751623812545
2026-05-17 04:00:00+00:00,0.05234350387063903,0.05234350387063903,0.05234350387063903,0.05234350387063903,171.6301171410222
2026-05-17 05:00:00+00:00,0.05234467340739681,0.05234467340739681,0.05234467340739681,0.05234467340739681,171.63395195749214
2026-05-17 06:00:00+00:00,0.05234467340739681,0.05234467340739681,0.05234467340739681,0.05234467340739681,171.63395195749214
2026-05-17 07:00:00+00:00,0.05234467340739681,0.05234467340739681,0.05234467340739681,0.05234467340739681,171.63395195749214
2026-05-17 08:00:00+00:00,0.04654953387472546,0.04654953387472546,0.04654953387472546,0.04654953387472546,158.02291356222645
2026-05-17 09:00:00+00:00,0.0465508241171517,0.0465508241171517,0.0465508241171517,0.0465508241171517,158.02729358175458
2026-05-17 10:00:00+00:00,0.04654983461393981,0.04654983461393981,0.04654983461393981,0.04654983461393981,158.0239344894607
2026-05-17 11:00:00+00:00,0.04655089160414375,0.04655089160414375,0.04655089160414375,0.04655089160414375,158.02752268160205
2026-05-17 12:00:00+00:00,0.046549368512572124,0.046549368512572124,0.046549368512572124,0.046549368512572124,158.02235220302288
2026-05-17 13:00:00+00:00,0.0465493687288574,0.0465493687288574,0.0465493687288574,0.0465493687288574,158.02235293725212
2026-05-17 14:00:00+00:00,0.04655110214228995,0.04655110214228995,0.04655110214228995,0.04655110214228995,56.830189265429915
2026-05-17 15:00:00+00:00,0.04654920664082945,0.04654920664082945,0.04654920664082945,0.04654920664082945,56.827875212662185
2026-05-17 16:00:00+00:00,0.04655148005335552,0.04655148005335552,0.04655148005335552,0.04655148005335552,56.830650624160285
2026-05-17 17:00:00+00:00,0.0465506758636071,0.0465506758636071,0.0465506758636071,0.0465506758636071,56.82966885888504
2026-05-17 18:00:00+00:00,0.04655048500433573,0.04655048500433573,0.04655048500433573,0.04655048500433573,31.252246292149334
2026-05-17 19:00:00+00:00,0.04656569190317627,0.04656569190317627,0.04656569190317627,0.04656569190317627,436.3839751901981
2026-05-17 20:00:00+00:00,0.04650529021323532,0.04650529021323532,0.04650529021323532,0.04650529021323532,1517.537390502592
2026-05-17 21:00:00+00:00,0.04651972030687558,0.04651972030687558,0.04651972030687558,0.04651972030687558,1518.0082661072197
2026-05-17 22:00:00+00:00,0.0465194546568438,0.0465194546568438,0.0465194546568438,0.0465194546568438,1492.155456071903
2026-05-17 23:00:00+00:00,0.046514466551262595,0.046514466551262595,0.046514466551262595,0.046514466551262595,1491.9954578730121
2026-05-18 00:00:00+00:00,0.04647848252163388,0.04647848252163388,0.04647848252163388,0.04647848252163388,1490.8412361277658
2026-05-18 01:00:00+00:00,0.045226089128864444,0.045226089128864444,0.045226089128864444,0.045226089128864444,2507.883442081074
2026-05-18 02:00:00+00:00,0.045240693022392836,0.045240693022392836,0.045240693022392836,0.045240693022392836,2508.6855540383613
2026-05-18 03:00:00+00:00,0.04523613532166764,0.04523613532166764,0.04523613532166764,0.04523613532166764,2508.4351726619516
2026-05-18 04:00:00+00:00,0.04525224201572441,0.04525224201572441,0.04525224201572441,0.04525224201572441,2509.3183319101813
2026-05-18 05:00:00+00:00,0.0452474199644174,0.0452474199644174,0.0452474199644174,0.0452474199644174,2509.0526130387275
2026-05-18 06:00:00+00:00,0.049862593101292006,0.049862593101292006,0.049862593101292006,0.049862593101292006,3097.8182009323614
2026-05-18 07:00:00+00:00,0.049904990723591995,0.049904990723591995,0.049904990723591995,0.049904990723591995,3100.2158463195374
2026-05-18 08:00:00+00:00,0.04989461146749778,0.04989461146749778,0.04989461146749778,0.04989461146749778,3099.646365659176
2026-05-18 09:00:00+00:00,0.05241641826133007,0.05241641826133007,0.05241641826133007,0.05241641826133007,2074.6900345907193
2026-05-18 10:00:00+00:00,0.04772907974126445,0.04772907974126445,0.04772907974126445,0.04772907974126445,2007.7129763329183
2026-05-18 11:00:00+00:00,0.047694624455367804,0.047694624455367804,0.047694624455367804,0.047694624455367804,2006.2636225013975
2026-05-18 12:00:00+00:00,0.045753556934618814,0.045753556934618814,0.045753556934618814,0.045753556934618814,3532.7683298746433
2026-05-18 13:00:00+00:00,0.045280990095807036,0.045280990095807036,0.045280990095807036,0.045280990095807036,3969.165386275252
2026-05-18 14:00:00+00:00,0.04528214975758866,0.04528214975758866,0.04528214975758866,0.04528214975758866,3969.2672158665237
2026-05-18 15:00:00+00:00,0.046066197981823924,0.046066197981823924,0.046066197981823924,0.046066197981823924,4727.830409729551
2026-05-18 16:00:00+00:00,0.04609009477672045,0.04609009477672045,0.04609009477672045,0.04609009477672045,4730.2431426183375
2026-05-18 17:00:00+00:00,0.04609914497157509,0.04609914497157509,0.04609914497157509,0.04609914497157509,4731.15554748955
2026-05-18 18:00:00+00:00,0.0460922025538105,0.0460922025538105,0.0460922025538105,0.0460922025538105,4730.459038349127
2026-05-18 19:00:00+00:00,0.04580810275455792,0.04580810275455792,0.04580810275455792,0.04580810275455792,3237.6469508649293
2026-05-18 20:00:00+00:00,0.045857333598282424,0.045857333598282424,0.045857333598282424,0.045857333598282424,3241.020503840847
2026-05-18 21:00:00+00:00,0.04665770969886771,0.04665770969886771,0.04665770969886771,0.04665770969886771,1679.461072165064
2026-05-18 22:00:00+00:00,0.046665024449587124,0.046665024449587124,0.046665024449587124,0.046665024449587124,1679.7243692528368
2026-05-18 23:00:00+00:00,0.04666118756609571,0.04666118756609571,0.04666118756609571,0.04666118756609571,1679.58625924907
2026-05-19 00:00:00+00:00,0.04664878578471688,0.04664878578471688,0.04664878578471688,0.04664878578471688,1679.1398526597693
2026-05-19 01:00:00+00:00,0.046345131301076835,0.046345131301076835,0.046345131301076835,0.046345131301076835,1995.3863177336007
2026-05-19 02:00:00+00:00,0.04634974858658061,0.04634974858658061,0.04634974858658061,0.04634974858658061,1995.5818731137667
2026-05-19 03:00:00+00:00,0.046341290141894455,0.046341290141894455,0.046341290141894455,0.046341290141894455,1995.2228471786193
2026-05-19 04:00:00+00:00,0.046336565482245136,0.046336565482245136,0.046336565482245136,0.046336565482245136,1995.0223140581638
2026-05-19 05:00:00+00:00,0.046321583005020324,0.046321583005020324,0.046321583005020324,0.046321583005020324,1994.3845289109065
2026-05-19 06:00:00+00:00,0.04628784971218045,0.04628784971218045,0.04628784971218045,0.04628784971218045,1668.9210146702217
2026-05-19 07:00:00+00:00,0.04626959012992582,0.04626959012992582,0.04626959012992582,0.04626959012992582,1668.2720104845
2026-05-19 08:00:00+00:00,0.0462675723162673,0.0462675723162673,0.0462675723162673,0.0462675723162673,1668.200309815747
2026-05-19 09:00:00+00:00,0.04653072453341822,0.04653072453341822,0.04653072453341822,0.04653072453341822,1320.2897014362134
2026-05-19 10:00:00+00:00,0.046019061845762245,0.046019061845762245,0.046019061845762245,0.046019061845762245,2925.1584680036053
2026-05-19 11:00:00+00:00,0.04602508301522944,0.04602508301522944,0.04602508301522944,0.04602508301522944,2925.531768880718
2026-05-19 12:00:00+00:00,0.04569578864974288,0.04569578864974288,0.04569578864974288,0.04569578864974288,3249.8643028714523
2026-05-19 13:00:00+00:00,0.04575379078728048,0.04575379078728048,0.04575379078728048,0.04575379078728048,2971.3032567818236
2026-05-19 14:00:00+00:00,0.045746649234529514,0.045746649234529514,0.045746649234529514,0.045746649234529514,2970.850882271722
2026-05-19 15:00:00+00:00,0.039019482727607385,0.039019482727607385,0.039019482727607385,0.039019482727607385,5236.85545369517
2026-05-19 16:00:00+00:00,0.038557757633810356,0.038557757633810356,0.038557757633810356,0.038557757633810356,4659.252213050364
2026-05-19 17:00:00+00:00,0.038560436835523175,0.038560436835523175,0.038560436835523175,0.038560436835523175,4659.529188830381
2026-05-19 18:00:00+00:00,0.03856456079604603,0.03856456079604603,0.03856456079604603,0.03856456079604603,4659.990390881691
2026-05-19 19:00:00+00:00,0.03855952535584106,0.03855952535584106,0.03855952535584106,0.03855952535584106,4659.45506290422
2026-05-19 20:00:00+00:00,0.038559780349680176,0.038559780349680176,0.038559780349680176,0.038559780349680176,4659.457170893528
2026-05-19 21:00:00+00:00,0.038560196333908,0.038560196333908,0.038560196333908,0.038560196333908,4659.50755000729
2026-05-19 22:00:00+00:00,0.03856054424032949,0.03856054424032949,0.03856054424032949,0.03856054424032949,4659.53864399431
2026-05-19 23:00:00+00:00,0.04098823324865222,0.04098823324865222,0.04098823324865222,0.04098823324865222,687.8646768409898
2026-05-20 00:00:00+00:00,0.04098823324865222,0.04098823324865222,0.04098823324865222,0.04098823324865222,687.8646768409898
2026-05-20 01:00:00+00:00,0.04098823324865222,0.04098823324865222,0.04098823324865222,0.04098823324865222,687.8646768409898
2026-05-20 02:00:00+00:00,0.04098823324865222,0.04098823324865222,0.04098823324865222,0.04098823324865222,687.8646768409898
2026-05-20 03:00:00+00:00,0.04098823324865222,0.04098823324865222,0.04098823324865222,0.04098823324865222,687.8646768409898
2026-05-20 04:00:00+00:00,0.04098823324865222,0.04098823324865222,0.04098823324865222,0.04098823324865222,687.8646768409898
2026-05-20 05:00:00+00:00,0.04098823324865222,0.04098823324865222,0.04098823324865222,0.04098823324865222,687.8646768409898
2026-05-20 06:00:00+00:00,0.04098823324865222,0.04098823324865222,0.04098823324865222,0.04098823324865222,687.8646768409898
2026-05-20 07:00:00+00:00,0.04098823324865222,0.04098823324865222,0.04098823324865222,0.04098823324865222,687.8646768409898
2026-05-20 08:00:00+00:00,0.04174354260924382,0.04174354260924382,0.04174354260924382,0.04174354260924382,757.1942234466235
2026-05-20 09:00:00+00:00,0.04176485697462342,0.04176485697462342,0.04176485697462342,0.04176485697462342,757.5808488581978
2026-05-20 10:00:00+00:00,0.03827807782053464,0.03827807782053464,0.03827807782053464,0.03827807782053464,3530.9841299196128
2026-05-20 11:00:00+00:00,0.03839776199991906,0.03839776199991906,0.03839776199991906,0.03839776199991906,3652.556671353176
2026-05-20 12:00:00+00:00,0.038462115441513615,0.038462115441513615,0.038462115441513615,0.038462115441513615,2891.144536309156
2026-05-20 13:00:00+00:00,0.03845970567324865,0.03845970567324865,0.03845970567324865,0.03845970567324865,2890.985752070051
2026-05-20 14:00:00+00:00,0.038456165510582146,0.038456165510582146,0.038456165510582146,0.038456165510582146,2890.736168450586
2026-05-20 15:00:00+00:00,0.04301494955962914,0.04301494955962914,0.04301494955962914,0.04301494955962914,15193.309904137779
2026-05-20 16:00:00+00:00,0.04298096090978838,0.04298096090978838,0.04298096090978838,0.04298096090978838,17079.130433732073
2026-05-20 17:00:00+00:00,0.042982141075664795,0.042982141075664795,0.042982141075664795,0.042982141075664795,17079.605101495083
2026-05-20 18:00:00+00:00,0.04298293191544704,0.04298293191544704,0.04298293191544704,0.04298293191544704,17079.910570340166
2026-05-20 19:00:00+00:00,0.04298648344680176,0.04298648344680176,0.04298648344680176,0.04298648344680176,17081.33070696179
2026-05-20 20:00:00+00:00,0.042982112176822636,0.042982112176822636,0.042982112176822636,0.042982112176822636,17079.596431737948
2026-05-20 21:00:00+00:00,0.04298173069219586,0.04298173069219586,0.04298173069219586,0.04298173069219586,17079.44191506508
2026-05-20 22:00:00+00:00,0.04298206311264536,0.04298206311264536,0.04298206311264536,0.04298206311264536,17079.573557238826
2026-05-20 23:00:00+00:00,0.0429990994830852,0.0429990994830852,0.0429990994830852,0.0429990994830852,16838.826258750214
2026-05-21 00:00:00+00:00,0.0429990994830852,0.0429990994830852,0.0429990994830852,0.0429990994830852,16838.826258750214
2026-05-21 01:00:00+00:00,0.04712445207766779,0.04712445207766779,0.04712445207766779,0.04712445207766779,21558.817847848808
2026-05-21 02:00:00+00:00,0.05005332847924592,0.05005332847924592,0.05005332847924592,0.05005332847924592,25465.8749491819
2026-05-21 03:00:00+00:00,0.050051277993411004,0.050051277993411004,0.050051277993411004,0.050051277993411004,25464.831299813777
2026-05-21 04:00:00+00:00,0.050052700060759896,0.050052700060759896,0.050052700060759896,0.050052700060759896,25465.554903645003
2026-05-21 05:00:00+00:00,0.05005226992299774,0.05005226992299774,0.05005226992299774,0.05005226992299774,25465.33624144565
2026-05-21 06:00:00+00:00,0.05005405959526841,0.05005405959526841,0.05005405959526841,0.05005405959526841,25466.246756274348
2026-05-21 07:00:00+00:00,0.041906600532760685,0.041906600532760685,0.041906600532760685,0.041906600532760685,21674.801352198392
2026-05-21 08:00:00+00:00,0.04190626022627482,0.04190626022627482,0.04190626022627482,0.04190626022627482,21674.623766799334
2026-05-21 09:00:00+00:00,0.042029590966391826,0.042029590966391826,0.042029590966391826,0.042029590966391826,21786.73928016116
2026-05-21 10:00:00+00:00,0.04202933152469824,0.04202933152469824,0.04202933152469824,0.04202933152469824,21786.564747965345
2026-05-21 11:00:00+00:00,0.0409202945090031,0.0409202945090031,0.0409202945090031,0.0409202945090031,21129.242754949428
2026-05-21 12:00:00+00:00,0.04091843143026949,0.04091843143026949,0.04091843143026949,0.04091843143026949,21128.37107170451
2026-05-21 13:00:00+00:00,0.04092043362803347,0.04092043362803347,0.04092043362803347,0.04092043362803347,21129.421998897473
2026-05-21 14:00:00+00:00,0.04092430174289665,0.04092430174289665,0.04092430174289665,0.04092430174289665,21152.67504299644
2026-05-21 15:00:00+00:00,0.04043817148340505,0.04043817148340505,0.04043817148340505,0.04043817148340505,8982.289519339296
2026-05-21 16:00:00+00:00,0.04003714975315717,0.04003714975315717,0.04003714975315717,0.04003714975315717,6694.770186373397
2026-05-21 17:00:00+00:00,0.04003778183534285,0.04003778183534285,0.04003778183534285,0.04003778183534285,6694.875879336013
2026-05-21 18:00:00+00:00,0.04003267413662684,0.04003267413662684,0.04003267413662684,0.04003267413662684,6694.021800829032
2026-05-21 19:00:00+00:00,0.04003427965672359,0.04003427965672359,0.04003427965672359,0.04003427965672359,6694.290266195411
2026-05-21 20:00:00+00:00,0.040034626603811005,0.040034626603811005,0.040034626603811005,0.040034626603811005,6694.348280590329
2026-05-21 21:00:00+00:00,0.04003669380632732,0.04003669380632732,0.04003669380632732,0.04003669380632732,6694.693945700376
2026-05-21 22:00:00+00:00,0.040035864416786554,0.040035864416786554,0.040035864416786554,0.040035864416786554,6694.555260194424
2026-05-21 23:00:00+00:00,0.04003525088567157,0.04003525088567157,0.04003525088567157,0.04003525088567157,6694.452669229724
2026-05-22 00:00:00+00:00,0.046499544588470894,0.046499544588470894,0.046499544588470894,0.046499544588470894,5744.562397380845
2026-05-22 01:00:00+00:00,0.04647349108927648,0.04647349108927648,0.04647349108927648,0.04647349108927648,5791.225699196369
2026-05-22 02:00:00+00:00,0.04462581947181781,0.04462581947181781,0.04462581947181781,0.04462581947181781,7951.18050394785
2026-05-22 03:00:00+00:00,0.04463746010286378,0.04463746010286378,0.04463746010286378,0.04463746010286378,8092.840822236784
2026-05-22 04:00:00+00:00,0.04586476868119989,0.04586476868119989,0.04586476868119989,0.04586476868119989,8367.274534185875
2026-05-22 05:00:00+00:00,0.047727781577524,0.047727781577524,0.047727781577524,0.047727781577524,9078.15834300501
2026-05-22 06:00:00+00:00,0.047719589561768985,0.047719589561768985,0.047719589561768985,0.047719589561768985,9122.115372552995
2026-05-22 07:00:00+00:00,0.047768693910126815,0.047768693910126815,0.047768693910126815,0.047768693910126815,8729.566247314358
2026-05-22 08:00:00+00:00,0.047598135363489426,0.047598135363489426,0.047598135363489426,0.047598135363489426,8719.392197362671
2026-05-22 09:00:00+00:00,0.04756236274308313,0.04756236274308313,0.04756236274308313,0.04756236274308313,8515.840492392641
2026-05-22 10:00:00+00:00,0.04754472133609452,0.04754472133609452,0.04754472133609452,0.04754472133609452,8523.115490116452
2026-05-22 11:00:00+00:00,0.04563809187194652,0.04563809187194652,0.04563809187194652,0.04563809187194652,8166.93460487552
2026-05-22 12:00:00+00:00,0.0456348644626207,0.0456348644626207,0.0456348644626207,0.0456348644626207,8166.372892080224
2026-05-22 13:00:00+00:00,0.04565605336470173,0.04565605336470173,0.04565605336470173,0.04565605336470173,8170.054856112822
2026-05-22 14:00:00+00:00,0.04565400248893155,0.04565400248893155,0.04565400248893155,0.04565400248893155,8145.631351635291
2026-05-22 15:00:00+00:00,0.04430727336382715,0.04430727336382715,0.04430727336382715,0.04430727336382715,5578.267389711265
2026-05-22 16:00:00+00:00,0.04433672033501804,0.04433672033501804,0.04433672033501804,0.04433672033501804,4372.979723413012
2026-05-22 17:00:00+00:00,0.04436889764397533,0.04436889764397533,0.04436889764397533,0.04436889764397533,4340.538657307571
2026-05-22 18:00:00+00:00,0.04420355747293862,0.04420355747293862,0.04420355747293862,0.04420355747293862,4316.533277356831
2026-05-22 19:00:00+00:00,0.044246924578647484,0.044246924578647484,0.044246924578647484,0.044246924578647484,2491.017530970356
2026-05-22 20:00:00+00:00,0.04575884215751377,0.04575884215751377,0.04575884215751377,0.04575884215751377,2146.9272596042515
2026-05-22 21:00:00+00:00,0.045759336157357916,0.045759336157357916,0.045759336157357916,0.045759336157357916,2146.9506318349004
2026-05-22 22:00:00+00:00,0.04436226634756549,0.04436226634756549,0.04436226634756549,0.04436226634756549,2144.864891338093
2026-05-22 23:00:00+00:00,0.04436234609713077,0.04436234609713077,0.04436234609713077,0.04436234609713077,2132.677270592895
2026-05-23 00:00:00+00:00,0.04435037615187581,0.04435037615187581,0.04435037615187581,0.04435037615187581,2097.0493354785
2026-05-23 01:00:00+00:00,0.04433462654243236,0.04433462654243236,0.04433462654243236,0.04433462654243236,2048.6917840356246
2026-05-23 02:00:00+00:00,0.04428256477251542,0.04428256477251542,0.04428256477251542,0.04428256477251542,1912.9969522678964
2026-05-23 03:00:00+00:00,0.04428157811769642,0.04428157811769642,0.04428157811769642,0.04428157811769642,1907.2497921736733
2026-05-23 04:00:00+00:00,0.04427100766913251,0.04427100766913251,0.04427100766913251,0.04427100766913251,1885.902065621706
2026-05-23 05:00:00+00:00,0.0442817989685383,0.0442817989685383,0.0442817989685383,0.0442817989685383,1528.6524178600182
2026-05-23 06:00:00+00:00,0.04424269862722042,0.04424269862722042,0.04424269862722042,0.04424269862722042,1485.23404324834
2026-05-23 07:00:00+00:00,0.04424150147902856,0.04424150147902856,0.04424150147902856,0.04424150147902856,1485.1938548035905
2026-05-23 08:00:00+00:00,0.04417463009015152,0.04417463009015152,0.04417463009015152,0.04417463009015152,1507.2412611143873
2026-05-23 09:00:00+00:00,0.0441757498829474,0.0441757498829474,0.0441757498829474,0.0441757498829474,1507.2795398138237
2026-05-23 10:00:00+00:00,0.044168409299038536,0.044168409299038536,0.044168409299038536,0.044168409299038536,1497.3452803251446
2026-05-23 11:00:00+00:00,0.044168398217819996,0.044168398217819996,0.044168398217819996,0.044168398217819996,1485.1691049917397
2026-05-23 12:00:00+00:00,0.044149020721306165,0.044149020721306165,0.044149020721306165,0.044149020721306165,1452.894131653416
2026-05-23 13:00:00+00:00,0.044148647655749704,0.044148647655749704,0.044148647655749704,0.044148647655749704,1452.8818544896453
2026-05-23 14:00:00+00:00,0.04414889953004892,0.04414889953004892,0.04414889953004892,0.04414889953004892,1452.8901433867777
2026-05-23 15:00:00+00:00,0.044150435797184036,0.044150435797184036,0.044150435797184036,0.044150435797184036,1444.4510480836702
2026-05-23 16:00:00+00:00,0.044149483370409484,0.044149483370409484,0.044149483370409484,0.044149483370409484,1444.4198879415815
2026-05-23 17:00:00+00:00,0.044147541064121484,0.044147541064121484,0.044147541064121484,0.044147541064121484,1444.3563423320593
2026-05-23 18:00:00+00:00,0.04414700218122182,0.04414700218122182,0.04414700218122182,0.04414700218122182,1400.191709747985
2026-05-23 19:00:00+00:00,0.04414705768564891,0.04414705768564891,0.04414705768564891,0.04414705768564891,1400.1934701583148
2026-05-23 20:00:00+00:00,0.04414804587688166,0.04414804587688166,0.04414804587688166,0.04414804587688166,75.78343589330322
2026-05-23 21:00:00+00:00,0.04414706197404277,0.04414706197404277,0.04414706197404277,0.04414706197404277,75.78174695019746
2026-05-23 22:00:00+00:00,0.0441472079667357,0.0441472079667357,0.0441472079667357,0.0441472079667357,44.1472079667357
2026-05-23 23:00:00+00:00,0.04414691425650712,0.04414691425650712,0.04414691425650712,0.04414691425650712,44.14691425650712
2026-05-24 00:00:00+00:00,0.044148244792314065,0.044148244792314065,0.044148244792314065,0.044148244792314065,44.14824479231407
2026-05-24 01:00:00+00:00,0.044148005183833876,0.044148005183833876,0.044148005183833876,0.044148005183833876,44.148005183833874
2026-05-24 02:00:00+00:00,0.044149067766829364,0.044149067766829364,0.044149067766829364,0.044149067766829364,44.14906776682936
2026-05-24 03:00:00+00:00,0.044149355686619006,0.044149355686619006,0.044149355686619006,0.044149355686619006,44.149355686619
2026-05-24 04:00:00+00:00,0.04414866910572438,0.04414866910572438,0.04414866910572438,0.04414866910572438,44.14866910572438
2026-05-24 05:00:00+00:00,0.0441464017545104,0.0441464017545104,0.0441464017545104,0.0441464017545104,44.1464017545104
2026-05-24 06:00:00+00:00,0.0441464017545104,0.0441464017545104,0.0441464017545104,0.0441464017545104,44.1464017545104
2026-05-24 07:00:00+00:00,0.0441464017545104,0.0441464017545104,0.0441464017545104,0.0441464017545104,44.1464017545104
2026-05-24 08:00:00+00:00,0.0441464017545104,0.0441464017545104,0.0441464017545104,0.0441464017545104,44.1464017545104
2026-05-24 09:00:00+00:00,0.044542159259494306,0.044542159259494306,0.044542159259494306,0.044542159259494306,20.64529081677561
2026-05-24 10:00:00+00:00,0.044540383598672975,0.044540383598672975,0.044540383598672975,0.044540383598672975,20.644467797984923
2026-05-24 11:00:00+00:00,0.04454320668211315,0.04454320668211315,0.04454320668211315,0.04454320668211315,20.645776297159447
2026-05-24 12:00:00+00:00,0.04440404472780903,0.04440404472780903,0.04440404472780903,0.04440404472780903,80.99584531849037
2026-05-24 13:00:00+00:00,0.04435272371843633,0.04435272371843633,0.04435272371843633,0.04435272371843633,103.07810607121327
2026-05-24 14:00:00+00:00,0.04435375708709035,0.04435375708709035,0.04435375708709035,0.04435375708709035,103.0805076753268
2026-05-24 15:00:00+00:00,0.044354904097207874,0.044354904097207874,0.044354904097207874,0.044354904097207874,103.08317338828978
2026-05-24 16:00:00+00:00,0.04435253351782736,0.04435253351782736,0.04435253351782736,0.04435253351782736,103.07766403480822
2026-05-24 17:00:00+00:00,0.0443528850902803,0.0443528850902803,0.0443528850902803,0.0443528850902803,103.07848110802398
2026-05-24 18:00:00+00:00,0.04435032812772376,0.04435032812772376,0.04435032812772376,0.04435032812772376,103.07253859005604
2026-05-24 19:00:00+00:00,0.04435211206851532,0.04435211206851532,0.04435211206851532,0.04435211206851532,103.07668456402834
2026-05-24 20:00:00+00:00,0.04431993407380115,0.04431993407380115,0.04431993407380115,0.04431993407380115,81.50642401879384
2026-05-24 21:00:00+00:00,0.04431993407380115,0.04431993407380115,0.04431993407380115,0.04431993407380115,81.50642401879384
2026-05-24 22:00:00+00:00,0.04431993407380115,0.04431993407380115,0.04431993407380115,0.04431993407380115,81.50642401879384
2026-05-24 23:00:00+00:00,0.04431993407380115,0.04431993407380115,0.04431993407380115,0.04431993407380115,81.50642401879384
2026-05-25 00:00:00+00:00,0.045036043950926356,0.045036043950926356,0.045036043950926356,0.045036043950926356,31.602187952227396
2026-05-25 01:00:00+00:00,0.04503801368434871,0.04503801368434871,0.04503801368434871,0.04503801368434871,31.603570131485792
2026-05-25 02:00:00+00:00,0.04503788744586028,0.04503788744586028,0.04503788744586028,0.04503788744586028,31.603481548828693
2026-05-25 03:00:00+00:00,0.04503790087445089,0.04503790087445089,0.04503790087445089,0.04503790087445089,31.60349097178878
2026-05-25 04:00:00+00:00,0.045038242432350634,0.045038242432350634,0.045038242432350634,0.045038242432350634,31.603730645969662
2026-05-25 05:00:00+00:00,0.04503961911096796,0.04503961911096796,0.04503961911096796,0.04503961911096796,31.604696673457823
2026-05-25 06:00:00+00:00,0.04503762947323735,0.04503762947323735,0.04503762947323735,0.04503762947323735,31.603300527171346
2026-05-25 07:00:00+00:00,0.04504002965770434,0.04504002965770434,0.04504002965770434,0.04504002965770434,31.604984757711854
2026-05-25 08:00:00+00:00,0.0488940685236313,0.0488940685236313,0.0488940685236313,0.0488940685236313,155.7105282900252
2026-05-25 09:00:00+00:00,0.04989763440557027,0.04989763440557027,0.04989763440557027,0.04989763440557027,124.16069284499696
2026-05-25 10:00:00+00:00,0.049508602674457385,0.049508602674457385,0.049508602674457385,0.049508602674457385,134.8824965550008
2026-05-25 11:00:00+00:00,0.049506959973226586,0.049506959973226586,0.049506959973226586,0.049506959973226586,134.87780234051542
2026-05-25 12:00:00+00:00,0.049348501380954785,0.049348501380954785,0.049348501380954785,0.049348501380954785,90.30857901781285
2026-05-25 13:00:00+00:00,0.04916963979157199,0.04916963979157199,0.04916963979157199,0.04916963979157199,65.39963408147456
2026-05-25 14:00:00+00:00,0.044456795242954865,0.044456795242954865,0.044456795242954865,0.044456795242954865,116.49051271366152
2026-05-25 15:00:00+00:00,0.04446671720405277,0.04446671720405277,0.04446671720405277,0.04446671720405277,116.51657911015135
2026-05-25 16:00:00+00:00,0.046148555006604655,0.046148555006604655,0.046148555006604655,0.046148555006604655,368.4388825944556
2026-05-25 17:00:00+00:00,0.046143842130980155,0.046143842130980155,0.046143842130980155,0.046143842130980155,368.4016354705616
2026-05-25 18:00:00+00:00,0.046150977742814375,0.046150977742814375,0.046150977742814375,0.046150977742814375,368.4577309944708
2026-05-25 19:00:00+00:00,0.04615275551951002,0.04615275551951002,0.04615275551951002,0.04615275551951002,368.4718560215082
2026-05-25 20:00:00+00:00,0.04617821340755066,0.04617821340755066,0.04617821340755066,0.04617821340755066,358.681541953192
2026-05-25 21:00:00+00:00,0.04618107027439489,0.04618107027439489,0.04618107027439489,0.04618107027439489,358.70337718281985
2026-05-25 22:00:00+00:00,0.04617554565811202,0.04617554565811202,0.04617554565811202,0.04617554565811202,358.66154879586213
2026-05-25 23:00:00+00:00,0.04618095664100598,0.04618095664100598,0.04618095664100598,0.04618095664100598,358.70265362944326
2026-05-26 00:00:00+00:00,0.04618095664100598,0.04618095664100598,0.04618095664100598,0.04618095664100598,358.70265362944326
2026-05-26 01:00:00+00:00,0.04453663473253798,0.04453663473253798,0.04453663473253798,0.04453663473253798,0.0018035555601288579
2026-05-26 02:00:00+00:00,0.04453794041693881,0.04453794041693881,0.04453794041693881,0.04453794041693881,0.0018036084351243538
2026-05-26 03:00:00+00:00,0.044537308960843715,0.044537308960843715,0.044537308960843715,0.044537308960843715,0.001803582863678327
2026-05-26 04:00:00+00:00,0.042037801815423194,0.042037801815423194,0.042037801815423194,0.042037801815423194,6.307372635135796
2026-05-26 05:00:00+00:00,0.04403933703332609,0.04403933703332609,0.04403933703332609,0.04403933703332609,7.738851651151849
2026-05-26 06:00:00+00:00,0.04403887482493016,0.04403887482493016,0.04403887482493016,0.04403887482493016,9.66583148479621
2026-05-26 07:00:00+00:00,0.04403971033731127,0.04403971033731127,0.04403971033731127,0.04403971033731127,9.666014866454152
2026-05-26 08:00:00+00:00,0.046486516448168355,0.046486516448168355,0.046486516448168355,0.046486516448168355,225.73332226758015
2026-05-26 09:00:00+00:00,0.04648355695575922,0.04648355695575922,0.04648355695575922,0.04648355695575922,225.7190103537292
2026-05-26 10:00:00+00:00,0.04651063627266529,0.04651063627266529,0.04651063627266529,0.04651063627266529,228.17547043650865
2026-05-26 11:00:00+00:00,0.04582486742289144,0.04582486742289144,0.04582486742289144,0.04582486742289144,1638.2591824166964
2026-05-26 12:00:00+00:00,0.04579280408946727,0.04579280408946727,0.04579280408946727,0.04579280408946727,1615.8008657083933
2026-05-26 13:00:00+00:00,0.04617282544665763,0.04617282544665763,0.04617282544665763,0.04617282544665763,2576.341979634004
2026-05-26 14:00:00+00:00,0.046136592818270816,0.046136592818270816,0.046136592818270816,0.046136592818270816,2524.810275369129
2026-05-26 15:00:00+00:00,0.046137546968405496,0.046137546968405496,0.046137546968405496,0.046137546968405496,2524.8644758877913
2026-05-26 16:00:00+00:00,0.04610414536218816,0.04610414536218816,0.04610414536218816,0.04610414536218816,2390.1679365722957
2026-05-26 17:00:00+00:00,0.04611412287804553,0.04611412287804553,0.04611412287804553,0.04611412287804553,2390.673409593384
2026-05-26 18:00:00+00:00,0.04611770976320939,0.04611770976320939,0.04611770976320939,0.04611770976320939,2390.859160064815
2026-05-26 19:00:00+00:00,0.04551342775073698,0.04551342775073698,0.04551342775073698,0.04551342775073698,2368.5469543696713
2026-05-26 20:00:00+00:00,0.04551256826575125,0.04551256826575125,0.04551256826575125,0.04551256826575125,2371.661422320893
2026-05-26 21:00:00+00:00,0.04544067827210811,0.04544067827210811,0.04544067827210811,0.04544067827210811,2420.4157138704268
2026-05-26 22:00:00+00:00,0.04543018564393826,0.04543018564393826,0.04543018564393826,0.04543018564393826,2419.8647418229225
2026-05-26 23:00:00+00:00,0.0454348896666827,0.0454348896666827,0.0454348896666827,0.0454348896666827,2423.136054174432
2026-05-27 00:00:00+00:00,0.045442066446447535,0.045442066446447535,0.045442066446447535,0.045442066446447535,2423.499510988697
2026-05-27 01:00:00+00:00,0.045444626453242036,0.045444626453242036,0.045444626453242036,0.045444626453242036,2429.2266325285855
2026-05-27 02:00:00+00:00,0.045428064869425445,0.045428064869425445,0.045428064869425445,0.045428064869425445,2428.373300318205
2026-05-27 03:00:00+00:00,0.045446714203153334,0.045446714203153334,0.045446714203153334,0.045446714203153334,2429.3288253846913
2026-05-27 04:00:00+00:00,0.045456762180346395,0.045456762180346395,0.045456762180346395,0.045456762180346395,2421.928102138693
2026-05-27 05:00:00+00:00,0.04372064888671946,0.04372064888671946,0.04372064888671946,0.04372064888671946,2397.762924928638
2026-05-27 06:00:00+00:00,0.04371945136853447,0.04371945136853447,0.04371945136853447,0.04371945136853447,2395.791946572337
2026-05-27 07:00:00+00:00,0.04373712640230421,0.04373712640230421,0.04373712640230421,0.04373712640230421,2396.737358219296
2026-05-27 08:00:00+00:00,0.043716539634830597,0.043716539634830597,0.043716539634830597,0.043716539634830597,2402.1360587964123
2026-05-27 09:00:00+00:00,0.04373250112140233,0.04373250112140233,0.04373250112140233,0.04373250112140233,2422.39702023424
2026-05-27 10:00:00+00:00,0.04373576793306047,0.04373576793306047,0.04373576793306047,0.04373576793306047,2420.3915653336644
2026-05-27 11:00:00+00:00,0.04398620318982334,0.04398620318982334,0.04398620318982334,0.04398620318982334,1077.388896513552
2026-05-27 12:00:00+00:00,0.044688804940177546,0.044688804940177546,0.044688804940177546,0.044688804940177546,1209.9254809908766
2026-05-27 13:00:00+00:00,0.04369221176120419,0.04369221176120419,0.04369221176120419,0.04369221176120419,307.8418416404482
2026-05-27 14:00:00+00:00,0.043748486026903274,0.043748486026903274,0.043748486026903274,0.043748486026903274,298.8447333385491
2026-05-27 15:00:00+00:00,0.04387944693782731,0.04387944693782731,0.04387944693782731,0.04387944693782731,450.6190009359839
2026-05-27 16:00:00+00:00,0.04394089090365308,0.04394089090365308,0.04394089090365308,0.04394089090365308,513.3413058243099
2026-05-27 17:00:00+00:00,0.04464585244095508,0.04464585244095508,0.04464585244095508,0.04464585244095508,1031.9170329858375
2026-05-27 18:00:00+00:00,0.04472871311671954,0.04472871311671954,0.04472871311671954,0.04472871311671954,1034.6714463424353
2026-05-27 19:00:00+00:00,0.044279821781648784,0.044279821781648784,0.044279821781648784,0.044279821781648784,1210.345254178706
2026-05-27 20:00:00+00:00,0.044283042319535997,0.044283042319535997,0.044283042319535997,0.044283042319535997,1207.3353893961
2026-05-27 21:00:00+00:00,0.04435852616670835,0.04435852616670835,0.04435852616670835,0.04435852616670835,1157.9778056795426
2026-05-27 22:00:00+00:00,0.04435904272702888,0.04435904272702888,0.04435904272702888,0.04435904272702888,1157.986019629806
2026-05-27 23:00:00+00:00,0.044351082696319044,0.044351082696319044,0.044351082696319044,0.044351082696319044,1154.834116103369
2026-05-28 00:00:00+00:00,0.044323451809632736,0.044323451809632736,0.044323451809632736,0.044323451809632736,1154.1296860915793
2026-05-28 01:00:00+00:00,0.04434948622517731,0.04434948622517731,0.04434948622517731,0.04434948622517731,1149.313430736886
2026-05-28 02:00:00+00:00,0.04431345450109369,0.04431345450109369,0.04431345450109369,0.04431345450109369,1148.3980070847085
2026-05-28 03:00:00+00:00,0.04432400534369027,0.04432400534369027,0.04432400534369027,0.04432400534369027,1148.6674149099063
2026-05-28 04:00:00+00:00,0.04410828584644388,0.04410828584644388,0.04410828584644388,0.04410828584644388,1142.7046446280526
2026-05-28 05:00:00+00:00,0.044096091455270756,0.044096091455270756,0.044096091455270756,0.044096091455270756,1076.9525118700617
2026-05-28 06:00:00+00:00,0.043850464693273854,0.043850464693273854,0.043850464693273854,0.043850464693273854,1772.775437004737
2026-05-28 07:00:00+00:00,0.043890182109759805,0.043890182109759805,0.043890182109759805,0.043890182109759805,1774.3591439270967
2026-05-28 08:00:00+00:00,0.04390594267292567,0.04390594267292567,0.04390594267292567,0.04390594267292567,1768.4704961555012
2026-05-28 09:00:00+00:00,0.042517876722735125,0.042517876722735125,0.042517876722735125,0.042517876722735125,5856.16446276746
2026-05-28 10:00:00+00:00,0.04233564642967182,0.04233564642967182,0.04233564642967182,0.04233564642967182,6893.539103261281
2026-05-28 11:00:00+00:00,0.04230910150233861,0.04230910150233861,0.04230910150233861,0.04230910150233861,6889.126905430649
2026-05-28 12:00:00+00:00,0.0422848744235844,0.0422848744235844,0.0422848744235844,0.0422848744235844,7509.536049954821
2026-05-28 13:00:00+00:00,0.0423609373256498,0.0423609373256498,0.0423609373256498,0.0423609373256498,7503.57562119137
2026-05-28 14:00:00+00:00,0.04234300816742726,0.04234300816742726,0.04234300816742726,0.04234300816742726,7500.339236595362
2026-05-28 15:00:00+00:00,0.042400528603037016,0.042400528603037016,0.042400528603037016,0.042400528603037016,7364.9043735378455
2026-05-28 16:00:00+00:00,0.0424078308165479,0.0424078308165479,0.0424078308165479,0.0424078308165479,7306.260851533013
2026-05-28 17:00:00+00:00,0.042454040241469114,0.042454040241469114,0.042454040241469114,0.042454040241469114,6828.951029922028
2026-05-28 18:00:00+00:00,0.04193292805307651,0.04193292805307651,0.04193292805307651,0.04193292805307651,5363.663795856576
2026-05-28 19:00:00+00:00,0.04197851917441498,0.04197851917441498,0.04197851917441498,0.04197851917441498,5180.985408159045
2026-05-28 20:00:00+00:00,0.0419757745350319,0.0419757745350319,0.0419757745350319,0.0419757745350319,5296.080098292
2026-05-28 21:00:00+00:00,0.04198451615900905,0.04198451615900905,0.04198451615900905,0.04198451615900905,5297.182450691672
2026-05-28 22:00:00+00:00,0.04198728776454762,0.04198728776454762,0.04198728776454762,0.04198728776454762,5300.837228878674
2026-05-28 23:00:00+00:00,0.04198126119113671,0.04198126119113671,0.04198126119113671,0.04198126119113671,5300.07672510062
2026-05-29 00:00:00+00:00,0.04198967370997621,0.04198967370997621,0.04198967370997621,0.04198967370997621,5301.138320480877
2026-05-29 01:00:00+00:00,0.04198522980737849,0.04198522980737849,0.04198522980737849,0.04198522980737849,5303.639569848537
2026-05-29 02:00:00+00:00,0.04197016008241147,0.04197016008241147,0.04197016008241147,0.04197016008241147,5301.736064912414
2026-05-29 03:00:00+00:00,0.04197193534724855,0.04197193534724855,0.04197193534724855,0.04197193534724855,5301.96031201222
2026-05-29 04:00:00+00:00,0.0417503038472962,0.0417503038472962,0.0417503038472962,0.0417503038472962,32.423686770727166
2026-05-29 05:00:00+00:00,0.04175125653548059,0.04175125653548059,0.04175125653548059,0.04175125653548059,32.424426637516966
2026-05-29 06:00:00+00:00,0.04192804197804256,0.04192804197804256,0.04192804197804256,0.04192804197804256,4684.209039162898
2026-05-29 07:00:00+00:00,0.04196433436997317,0.04196433436997317,0.04196433436997317,0.04196433436997317,4688.256296817
2026-05-29 08:00:00+00:00,0.041922288358394566,0.041922288358394566,0.041922288358394566,0.041922288358394566,4687.755102625306
2026-05-29 09:00:00+00:00,0.04179800657520988,0.04179800657520988,0.04179800657520988,0.04179800657520988,2032.0979184326623
2026-05-29 10:00:00+00:00,0.04196013031187496,0.04196013031187496,0.04196013031187496,0.04196013031187496,843.501997783621
2026-05-29 11:00:00+00:00,0.04196451354022833,0.04196451354022833,0.04196451354022833,0.04196451354022833,843.5901114726236
2026-05-29 12:00:00+00:00,0.04663256740604292,0.04663256740604292,0.04663256740604292,0.04663256740604292,5836.193721757505
2026-05-29 13:00:00+00:00,0.04128457442662634,0.04128457442662634,0.04128457442662634,0.04128457442662634,14145.121491671844
2026-05-29 14:00:00+00:00,0.04129406575176603,0.04129406575176603,0.04129406575176603,0.04129406575176603,14186.979033047466
2026-05-29 15:00:00+00:00,0.04137281364188863,0.04137281364188863,0.04137281364188863,0.04137281364188863,14214.033638732988
2026-05-29 16:00:00+00:00,0.04136004243573518,0.04136004243573518,0.04136004243573518,0.04136004243573518,14602.990181430347
2026-05-29 17:00:00+00:00,0.0413793286932386,0.0413793286932386,0.0413793286932386,0.0413793286932386,14216.27194816604
2026-05-29 18:00:00+00:00,0.041267576624889696,0.041267576624889696,0.041267576624889696,0.041267576624889696,14564.485896091226
2026-05-29 19:00:00+00:00,0.041277448306948315,0.041277448306948315,0.041277448306948315,0.041277448306948315,14567.959535706765
2026-05-29 20:00:00+00:00,0.04127534041296954,0.04127534041296954,0.04127534041296954,0.04127534041296954,14453.706281546589
2026-05-29 21:00:00+00:00,0.04125740214521897,0.04125740214521897,0.04125740214521897,0.04125740214521897,14447.446485806757
2026-05-29 22:00:00+00:00,0.041266627144286194,0.041266627144286194,0.041266627144286194,0.041266627144286194,14447.427858010553
2026-05-29 23:00:00+00:00,0.041266581278800965,0.041266581278800965,0.041266581278800965,0.041266581278800965,14447.411800524515
2026-05-30 00:00:00+00:00,0.0412666082190491,0.0412666082190491,0.0412666082190491,0.0412666082190491,14447.421232293438
2026-05-30 01:00:00+00:00,0.041266642177398866,0.041266642177398866,0.041266642177398866,0.041266642177398866,14444.500540177989
2026-05-30 02:00:00+00:00,0.04126530780351071,0.04126530780351071,0.04126530780351071,0.04126530780351071,14444.033471297862
2026-05-30 03:00:00+00:00,0.0412649178848234,0.0412649178848234,0.0412649178848234,0.0412649178848234,14443.896988647653
2026-05-30 04:00:00+00:00,0.038240508052593,0.038240508052593,0.038240508052593,0.038240508052593,354.4774124157767
2026-05-30 05:00:00+00:00,0.03823796827712184,0.03823796827712184,0.03823796827712184,0.03823796827712184,354.45386950060686
2026-05-30 06:00:00+00:00,0.038240368016743784,0.038240368016743784,0.038240368016743784,0.038240368016743784,300.8222088608155
2026-05-30 07:00:00+00:00,0.040804795729042845,0.040804795729042845,0.040804795729042845,0.040804795729042845,14608.917178655107
2026-05-30 08:00:00+00:00,0.040806661287576526,0.040806661287576526,0.040806661287576526,0.040806661287576526,14605.51651245841
2026-05-30 09:00:00+00:00,0.04081794171801827,0.04081794171801827,0.04081794171801827,0.04081794171801827,14563.392260311673
2026-05-30 10:00:00+00:00,0.040818758316655365,0.040818758316655365,0.040818758316655365,0.040818758316655365,14563.683613715853
2026-05-30 11:00:00+00:00,0.040820073861884805,0.040820073861884805,0.040820073861884805,0.040820073861884805,14564.152985771527
2026-05-30 12:00:00+00:00,0.04079853765446393,0.04079853765446393,0.04079853765446393,0.04079853765446393,9562.625705645647
2026-05-30 13:00:00+00:00,0.040053091246119256,0.040053091246119256,0.040053091246119256,0.040053091246119256,814.434274409775
2026-05-30 14:00:00+00:00,0.040739188489916936,0.040739188489916936,0.040739188489916936,0.040739188489916936,403.1515149877753
2026-05-30 15:00:00+00:00,0.04073863966175175,0.04073863966175175,0.04073863966175175,0.04073863966175175,403.17000431012104
2026-05-30 16:00:00+00:00,0.040737968685957825,0.040737968685957825,0.040737968685957825,0.040737968685957825,403.16336399723934
2026-05-30 17:00:00+00:00,0.039171237475042635,0.039171237475042635,0.039171237475042635,0.039171237475042635,544.6597041315099
2026-05-30 18:00:00+00:00,0.04027750266104071,0.04027750266104071,0.04027750266104071,0.04027750266104071,552.6052143068816
2026-05-30 19:00:00+00:00,0.04027794248666937,0.04027794248666937,0.04027794248666937,0.04027794248666937,552.6112486913325
2026-05-30 20:00:00+00:00,0.038538693598597906,0.038538693598597906,0.038538693598597906,0.038538693598597906,691.0375048964313
2026-05-30 21:00:00+00:00,0.03856922069662647,0.03856922069662647,0.03856922069662647,0.03856922069662647,694.0919954211587
2026-05-30 22:00:00+00:00,0.03573876613332974,0.03573876613332974,0.03573876613332974,0.03573876613332974,310.96708649387995
2026-05-30 23:00:00+00:00,0.0357386952843392,0.0357386952843392,0.0357386952843392,0.0357386952843392,351.2090809211802
2026-05-31 00:00:00+00:00,0.03573975883632639,0.03573975883632639,0.03573975883632639,0.03573975883632639,351.2195325930434
2026-05-31 01:00:00+00:00,0.03574244080605843,0.03574244080605843,0.03574244080605843,0.03574244080605843,351.24588867899325
2026-05-31 02:00:00+00:00,0.0357432047072567,0.0357432047072567,0.0357432047072567,0.0357432047072567,351.2533956412823
2026-05-31 03:00:00+00:00,0.03574079485584163,0.03574079485584163,0.03574079485584163,0.03574079485584163,351.2297136995128
2026-05-31 04:00:00+00:00,0.03573976978771112,0.03573976978771112,0.03573976978771112,0.03573976978771112,351.21964021380956
2026-05-31 05:00:00+00:00,0.03573916448988533,0.03573916448988533,0.03573916448988533,0.03573916448988533,351.21369186870663
2026-05-31 06:00:00+00:00,0.035739508827254685,0.035739508827254685,0.035739508827254685,0.035739508827254685,351.21707571946155
2026-05-31 07:00:00+00:00,0.035739508827254685,0.035739508827254685,0.035739508827254685,0.035739508827254685,351.21707571946155
2026-05-31 08:00:00+00:00,0.04144589188809081,0.04144589188809081,0.04144589188809081,0.04144589188809081,414.4589188809081
2026-05-31 09:00:00+00:00,0.04144365656953582,0.04144365656953582,0.04144365656953582,0.04144365656953582,414.4365656953582
2026-05-31 10:00:00+00:00,0.04144249875982519,0.04144249875982519,0.04144249875982519,0.04144249875982519,414.4249875982519
2026-05-31 11:00:00+00:00,0.04143953239393516,0.04143953239393516,0.04143953239393516,0.04143953239393516,414.3953239393516
2026-05-31 12:00:00+00:00,0.041442693704552676,0.041442693704552676,0.041442693704552676,0.041442693704552676,414.42693704552676
2026-05-31 13:00:00+00:00,0.04144315413793944,0.04144315413793944,0.04144315413793944,0.04144315413793944,414.4315413793944
2026-05-31 14:00:00+00:00,0.04144399915608235,0.04144399915608235,0.04144399915608235,0.04144399915608235,414.4399915608235
2026-05-31 15:00:00+00:00,0.03882008546482121,0.03882008546482121,0.03882008546482121,0.03882008546482121,765.4875990663315
2026-05-31 16:00:00+00:00,0.041339563445623714,0.041339563445623714,0.041339563445623714,0.041339563445623714,821.3535331866428
2026-05-31 17:00:00+00:00,0.04254391911154883,0.04254391911154883,0.04254391911154883,0.04254391911154883,675.7935715435376
2026-05-31 18:00:00+00:00,0.04076629665834276,0.04076629665834276,0.04076629665834276,0.04076629665834276,1668.6903808661614
2026-05-31 19:00:00+00:00,0.04079592241049542,0.04079592241049542,0.04079592241049542,0.04079592241049542,1659.1244276479151
2026-05-31 20:00:00+00:00,0.041267460035336524,0.041267460035336524,0.041267460035336524,0.041267460035336524,1515.2152886035888
2026-05-31 21:00:00+00:00,0.03986620004252285,0.03986620004252285,0.03986620004252285,0.03986620004252285,2197.656519061804
2026-05-31 22:00:00+00:00,0.036921807464819593,0.036921807464819593,0.036921807464819593,0.036921807464819593,18432.197189887505
2026-05-31 23:00:00+00:00,0.03720609782614168,0.03720609782614168,0.03720609782614168,0.03720609782614168,19630.301393309197
2026-06-01 00:00:00+00:00,0.03720376750056853,0.03720376750056853,0.03720376750056853,0.03720376750056853,19629.341183393168
2026-06-01 01:00:00+00:00,0.0372031978838178,0.0372031978838178,0.0372031978838178,0.0372031978838178,19629.12730340469
2026-06-01 02:00:00+00:00,0.038076534088129874,0.038076534088129874,0.038076534088129874,0.038076534088129874,19999.06223920726
2026-06-01 03:00:00+00:00,0.03808001245423983,0.03808001245423983,0.03808001245423983,0.03808001245423983,20000.56371576923
2026-06-01 04:00:00+00:00,0.038077138997298095,0.038077138997298095,0.038077138997298095,0.038077138997298095,19999.365538528808
2026-06-01 05:00:00+00:00,0.03808238527596012,0.03808238527596012,0.03808238527596012,0.03808238527596012,20001.60289593973
2026-06-01 06:00:00+00:00,0.038083783189955485,0.038083783189955485,0.038083783189955485,0.038083783189955485,20001.93201388309
2026-06-01 07:00:00+00:00,0.046660265642271534,0.046660265642271534,0.046660265642271534,0.046660265642271534,3087.4396899867065
2026-06-01 08:00:00+00:00,0.04663232669796021,0.04663232669796021,0.04663232669796021,0.04663232669796021,3118.173577918659
2026-06-01 09:00:00+00:00,0.04662146044964148,0.04662146044964148,0.04662146044964148,0.04662146044964148,2651.2323777149777
2026-06-01 10:00:00+00:00,0.04139182532567365,0.04139182532567365,0.04139182532567365,0.04139182532567365,3249.753022792575
2026-06-01 11:00:00+00:00,0.04138107794762497,0.04138107794762497,0.04138107794762497,0.04138107794762497,3248.9092251579937
2026-06-01 12:00:00+00:00,0.04137849900050829,0.04137849900050829,0.04137849900050829,0.04137849900050829,3248.7067469845356
2026-06-01 13:00:00+00:00,0.04138523464873125,0.04138523464873125,0.04138523464873125,0.04138523464873125,3249.2355758777
2026-06-01 14:00:00+00:00,0.0412740866902522,0.0412740866902522,0.0412740866902522,0.0412740866902522,3240.5091326439806
2026-06-01 15:00:00+00:00,0.041290874073260694,0.041290874073260694,0.041290874073260694,0.041290874073260694,3241.827142860911
2026-06-01 16:00:00+00:00,0.04131334531753218,0.04131334531753218,0.04131334531753218,0.04131334531753218,3230.017019232791
2026-06-01 17:00:00+00:00,0.04133180608455419,0.04133180608455419,0.04133180608455419,0.04133180608455419,3231.4603444152685
2026-06-01 18:00:00+00:00,0.046466333061390155,0.046466333061390155,0.046466333061390155,0.046466333061390155,3157.902667125235
2026-06-01 19:00:00+00:00,0.04645086872515308,0.04645086872515308,0.04645086872515308,0.04645086872515308,3389.1060375962247
2026-06-01 20:00:00+00:00,0.04644837879053396,0.04644837879053396,0.04644837879053396,0.04644837879053396,3388.924369251101
2026-06-01 21:00:00+00:00,0.03830536530272827,0.03830536530272827,0.03830536530272827,0.03830536530272827,19036.204324553564
2026-06-01 22:00:00+00:00,0.04647804704262988,0.04647804704262988,0.04647804704262988,0.04647804704262988,3418.5501772138873
2026-06-01 23:00:00+00:00,0.04647371977592689,0.04647371977592689,0.04647371977592689,0.04647371977592689,2027.7870048889195
2026-06-02 00:00:00+00:00,0.0464797737953643,0.0464797737953643,0.0464797737953643,0.0464797737953643,2028.051159813503
2026-06-02 01:00:00+00:00,0.04646509731420383,0.04646509731420383,0.04646509731420383,0.04646509731420383,2027.4107811668575
2026-06-02 02:00:00+00:00,0.046464348381594564,0.046464348381594564,0.046464348381594564,0.046464348381594564,1994.9141103925126
2026-06-02 03:00:00+00:00,0.046465157357011996,0.046465157357011996,0.046465157357011996,0.046465157357011996,1994.9488431829511
2026-06-02 04:00:00+00:00,0.046483975724861515,0.046483975724861515,0.046483975724861515,0.046483975724861515,1995.7567965679689
2026-06-02 05:00:00+00:00,0.0464983325525699,0.0464983325525699,0.0464983325525699,0.0464983325525699,1996.3731968656923
2026-06-02 06:00:00+00:00,0.046496246379001474,0.046496246379001474,0.046496246379001474,0.046496246379001474,1996.2836284711416
2026-06-02 07:00:00+00:00,0.04654518609829408,0.04654518609829408,0.04654518609829408,0.04654518609829408,2047.0381018711944
2026-06-02 08:00:00+00:00,0.046549267438062106,0.046549267438062106,0.046549267438062106,0.046549267438062106,2183.434160565677
2026-06-02 09:00:00+00:00,0.046529824450617624,0.046529824450617624,0.046529824450617624,0.046529824450617624,2182.5221702099484
2026-06-02 10:00:00+00:00,0.04652981098906383,0.04652981098906383,0.04652981098906383,0.04652981098906383,1175.3957583759734
2026-06-02 11:00:00+00:00,0.0465322001592703,0.0465322001592703,0.0465322001592703,0.0465322001592703,1175.456111523064
2026-06-02 12:00:00+00:00,0.04655719560437285,0.04655719560437285,0.04655719560437285,0.04655719560437285,1176.0875247939919
2026-06-02 13:00:00+00:00,0.04655522140658025,0.04655522140658025,0.04655522140658025,0.04655522140658025,1176.0376543203688
2026-06-02 14:00:00+00:00,0.04653550083377002,0.04653550083377002,0.04653550083377002,0.04653550083377002,1295.3684049485787
2026-06-02 15:00:00+00:00,0.04361573087446097,0.04361573087446097,0.04361573087446097,0.04361573087446097,2045.7691067887522
2026-06-02 16:00:00+00:00,0.040573659751102636,0.040573659751102636,0.040573659751102636,0.040573659751102636,2613.136199581072
2026-06-02 17:00:00+00:00,0.040767358508305034,0.040767358508305034,0.040767358508305034,0.040767358508305034,3662.991141548652
2026-06-02 18:00:00+00:00,0.04062687147010439,0.04062687147010439,0.04062687147010439,0.04062687147010439,3041.1590731658007
2026-06-02 19:00:00+00:00,0.04059559086392434,0.04059559086392434,0.04059559086392434,0.04059559086392434,2835.855040370332
2026-06-02 20:00:00+00:00,0.04060546683376828,0.04060546683376828,0.04060546683376828,0.04060546683376828,2836.520493309856
2026-06-02 21:00:00+00:00,0.0406292927281177,0.0406292927281177,0.0406292927281177,0.0406292927281177,2900.8774215275344
2026-06-02 22:00:00+00:00,0.04061578660927948,0.04061578660927948,0.04061578660927948,0.04061578660927948,2875.935325456054
2026-06-02 23:00:00+00:00,0.04120654331223789,0.04120654331223789,0.04120654331223789,0.04120654331223789,4193.35601148702
2026-06-03 00:00:00+00:00,0.04119084970950208,0.04119084970950208,0.04119084970950208,0.04119084970950208,4191.758962618459
2026-06-03 01:00:00+00:00,0.0412117547948271,0.0412117547948271,0.0412117547948271,0.0412117547948271,4193.886354488098
2026-06-03 02:00:00+00:00,0.04121956569641806,0.04121956569641806,0.04121956569641806,0.04121956569641806,4194.6812256058565
2026-06-03 03:00:00+00:00,0.04120673368482534,0.04120673368482534,0.04120673368482534,0.04120673368482534,4193.37538462463
2026-06-03 04:00:00+00:00,0.0412050552629077,0.0412050552629077,0.0412050552629077,0.0412050552629077,4193.204581153326
2026-06-03 05:00:00+00:00,0.04119794887112499,0.04119794887112499,0.04119794887112499,0.04119794887112499,4192.481403999732
2026-06-03 06:00:00+00:00,0.04117390711663365,0.04117390711663365,0.04117390711663365,0.04117390711663365,4190.034811113766
2026-06-03 07:00:00+00:00,0.04116802808004073,0.04116802808004073,0.04116802808004073,0.04116802808004073,4146.403950779695
2026-06-03 08:00:00+00:00,0.04116544596701194,0.04116544596701194,0.04116544596701194,0.04116544596701194,3996.9191412236733
2026-06-03 09:00:00+00:00,0.04880893472337041,0.04880893472337041,0.04880893472337041,0.04880893472337041,5959.283198454256
2026-06-03 10:00:00+00:00,0.04185749925009683,0.04185749925009683,0.04185749925009683,0.04185749925009683,6148.724842805922
2026-06-03 11:00:00+00:00,0.041864219550563644,0.041864219550563644,0.041864219550563644,0.041864219550563644,6149.712032178715
2026-06-03 12:00:00+00:00,0.04186687851874016,0.04186687851874016,0.04186687851874016,0.04186687851874016,6150.102625596289
2026-06-03 13:00:00+00:00,0.04180701428439309,0.04180701428439309,0.04180701428439309,0.04180701428439309,6141.308772367599
2026-06-03 14:00:00+00:00,0.04182037761925713,0.04182037761925713,0.04182037761925713,0.04182037761925713,6035.584328619724
2026-06-03 15:00:00+00:00,0.04184933691474991,0.04184933691474991,0.04184933691474991,0.04184933691474991,6039.763780838816
2026-06-03 16:00:00+00:00,0.041823771515589296,0.041823771515589296,0.041823771515589296,0.041823771515589296,5317.552258907118
2026-06-03 17:00:00+00:00,0.04180417507011883,0.04180417507011883,0.04180417507011883,0.04180417507011883,4251.081623895025
2026-06-03 18:00:00+00:00,0.04180327564882303,0.04180327564882303,0.04180327564882303,0.04180327564882303,4250.990161419415
2026-06-03 19:00:00+00:00,0.04179951798763728,0.04179951798763728,0.04179951798763728,0.04179951798763728,4250.608043499644
2026-06-03 20:00:00+00:00,0.04110008433142162,0.04110008433142162,0.04110008433142162,0.04110008433142162,6231.577393162443
2026-06-03 21:00:00+00:00,0.04110033993957122,0.04110033993957122,0.04110033993957122,0.04110033993957122,6168.161333529209
2026-06-03 22:00:00+00:00,0.04110199866234527,0.04110199866234527,0.04110199866234527,0.04110199866234527,6168.4102674721635
2026-06-03 23:00:00+00:00,0.041129930118248115,0.041129930118248115,0.041129930118248115,0.041129930118248115,4101.961824709705
2026-06-04 00:00:00+00:00,0.04112832218317789,0.04112832218317789,0.04112832218317789,0.04112832218317789,4121.194319265308
2026-06-04 01:00:00+00:00,0.04110664819329947,0.04110664819329947,0.04110664819329947,0.04110664819329947,4121.967952946617
2026-06-04 02:00:00+00:00,0.041114032759596825,0.041114032759596825,0.041114032759596825,0.041114032759596825,4122.707204020818
2026-06-04 03:00:00+00:00,0.04111186279205184,0.04111186279205184,0.04111186279205184,0.04111186279205184,4122.489485218532
2026-06-04 04:00:00+00:00,0.041102935227653827,0.041102935227653827,0.041102935227653827,0.041102935227653827,4121.595606975409
2026-06-04 05:00:00+00:00,0.04110654660190424,0.04110654660190424,0.04110654660190424,0.04110654660190424,4121.956615500654
2026-06-04 06:00:00+00:00,0.04110466315817746,0.04110466315817746,0.04110466315817746,0.04110466315817746,4121.767576585243
2026-06-04 07:00:00+00:00,0.04111846496152643,0.04111846496152643,0.04111846496152643,0.04111846496152643,4151.593730235882
2026-06-04 08:00:00+00:00,0.04109190303810563,0.04109190303810563,0.04109190303810563,0.04109190303810563,4148.915462031146
2026-06-04 09:00:00+00:00,0.0411601172852899,0.0411601172852899,0.0411601172852899,0.0411601172852899,3104.439211353129
2026-06-04 10:00:00+00:00,0.0412066338628715,0.0412066338628715,0.0412066338628715,0.0412066338628715,2085.9198104839897
2026-06-04 11:00:00+00:00,0.04121036881677778,0.04121036881677778,0.04121036881677778,0.04121036881677778,3021.3369874046593
2026-06-04 12:00:00+00:00,0.03865595815672639,0.03865595815672639,0.03865595815672639,0.03865595815672639,5310.36376875856
2026-06-04 13:00:00+00:00,0.03864290678100796,0.03864290678100796,0.03864290678100796,0.03864290678100796,5319.575309293345
2026-06-04 14:00:00+00:00,0.03874928572976159,0.03874928572976159,0.03874928572976159,0.03874928572976159,5356.7165756445975
2026-06-04 15:00:00+00:00,0.038730993151101324,0.038730993151101324,0.038730993151101324,0.038730993151101324,5354.217307250431
2026-06-04 16:00:00+00:00,0.038722810147610844,0.038722810147610844,0.038722810147610844,0.038722810147610844,5353.0986613859695
2026-06-04 17:00:00+00:00,0.03871407121279493,0.03871407121279493,0.03871407121279493,0.03871407121279493,5351.91198775596
2026-06-04 18:00:00+00:00,0.03870193393801139,0.03870193393801139,0.03870193393801139,0.03870193393801139,5350.256726315692
2026-06-04 19:00:00+00:00,0.03865734661084815,0.03865734661084815,0.03865734661084815,0.03865734661084815,5445.781856400395
2026-06-04 20:00:00+00:00,0.03837657843912301,0.03837657843912301,0.03837657843912301,0.03837657843912301,3504.8507605165264
2026-06-04 21:00:00+00:00,0.038367322250306604,0.038367322250306604,0.038367322250306604,0.038367322250306604,3504.0203926528593
2026-06-04 22:00:00+00:00,0.03837341043255814,0.03837341043255814,0.03837341043255814,0.03837341043255814,3504.5539705012043
2026-06-04 23:00:00+00:00,0.0383732058902044,0.0383732058902044,0.0383732058902044,0.0383732058902044,3504.546752589104
2026-06-05 00:00:00+00:00,0.038925692893696184,0.038925692893696184,0.038925692893696184,0.038925692893696184,4056.739503013284
2026-06-05 01:00:00+00:00,0.03892785327860567,0.03892785327860567,0.03892785327860567,0.03892785327860567,4053.960276684776
2026-06-05 02:00:00+00:00,0.038933773703135624,0.038933773703135624,0.038933773703135624,0.038933773703135624,4054.5657901735
2026-06-05 03:00:00+00:00,0.0389327304915235,0.0389327304915235,0.0389327304915235,0.0389327304915235,4054.456352637606
2026-06-05 04:00:00+00:00,0.038932268622562514,0.038932268622562514,0.038932268622562514,0.038932268622562514,4054.40813966169
2026-06-05 05:00:00+00:00,0.038936800965409926,0.038936800965409926,0.038936800965409926,0.038936800965409926,4054.8646272633805
2026-06-05 06:00:00+00:00,0.03893562388846009,0.03893562388846009,0.03893562388846009,0.03893562388846009,4054.7453568517108
2026-06-05 07:00:00+00:00,0.038945097626054685,0.038945097626054685,0.038945097626054685,0.038945097626054685,4028.7511390101677
2026-06-05 08:00:00+00:00,0.038974813840313545,0.038974813840313545,0.038974813840313545,0.038974813840313545,4031.7314577931293
2026-06-05 09:00:00+00:00,0.03959088872242655,0.03959088872242655,0.03959088872242655,0.03959088872242655,3239.0942935642565
2026-06-05 10:00:00+00:00,0.03610259105246265,0.03610259105246265,0.03610259105246265,0.03610259105246265,3939.2566417752296
2026-06-05 11:00:00+00:00,0.0361031142318956,0.0361031142318956,0.0361031142318956,0.0361031142318956,3119.989652996156
2026-06-05 12:00:00+00:00,0.03614820466846076,0.03614820466846076,0.03614820466846076,0.03614820466846076,1610.379038833883
2026-06-05 13:00:00+00:00,0.03708431351991298,0.03708431351991298,0.03708431351991298,0.03708431351991298,1739.984097879516
2026-06-05 14:00:00+00:00,0.037017962303558506,0.037017962303558506,0.037017962303558506,0.037017962303558506,1717.3767482480673
2026-06-05 15:00:00+00:00,0.03697521712325548,0.03697521712325548,0.03697521712325548,0.03697521712325548,1715.3968833439128
2026-06-05 16:00:00+00:00,0.03689725121924539,0.03689725121924539,0.03689725121924539,0.03689725121924539,1711.7855730368867
2026-06-05 17:00:00+00:00,0.036888117232361545,0.036888117232361545,0.036888117232361545,0.036888117232361545,1711.362440681819
2026-06-05 18:00:00+00:00,0.036869329579702986,0.036869329579702986,0.036869329579702986,0.036869329579702986,2226.731180788864
2026-06-05 19:00:00+00:00,0.03689966255388963,0.03689966255388963,0.03689966255388963,0.03689966255388963,2131.3584481339913
2026-06-05 20:00:00+00:00,0.03574849005816203,0.03574849005816203,0.03574849005816203,0.03574849005816203,4136.219919942241
2026-06-05 21:00:00+00:00,0.03573245788097423,0.03573245788097423,0.03573245788097423,0.03573245788097423,4134.364943395362
2026-06-05 22:00:00+00:00,0.03573254777319175,0.03573254777319175,0.03573254777319175,0.03573254777319175,4134.375344225723
2026-06-05 23:00:00+00:00,0.035732330204959056,0.035732330204959056,0.035732330204959056,0.035732330204959056,4134.350170853181
2026-06-06 00:00:00+00:00,0.0357328125133804,0.0357328125133804,0.0357328125133804,0.0357328125133804,3657.887342547685
2026-06-06 01:00:00+00:00,0.03573339054678435,0.03573339054678435,0.03573339054678435,0.03573339054678435,3657.9465145222125
2026-06-06 02:00:00+00:00,0.03573159522670998,0.03573159522670998,0.03573159522670998,0.03573159522670998,3657.762731659518
2026-06-06 03:00:00+00:00,0.035732883933636626,0.035732883933636626,0.035732883933636626,0.035732883933636626,3657.8946536780672
2026-06-06 04:00:00+00:00,0.035733906723466644,0.035733906723466644,0.035733906723466644,0.035733906723466644,3657.999354363799
2026-06-06 05:00:00+00:00,0.03573239593504747,0.03573239593504747,0.03573239593504747,0.03573239593504747,3657.844698364256
2026-06-06 06:00:00+00:00,0.03573735996660077,0.03573735996660077,0.03573735996660077,0.03573735996660077,3658.3528550670076
2026-06-06 07:00:00+00:00,0.035737299890537144,0.035737299890537144,0.035737299890537144,0.035737299890537144,3656.074143018685
2026-06-06 08:00:00+00:00,0.03519201789829111,0.03519201789829111,0.03519201789829111,0.03519201789829111,66.67748615030433
2026-06-06 09:00:00+00:00,0.035193394305565985,0.035193394305565985,0.035193394305565985,0.035193394305565985,66.6800939966993
2026-06-06 10:00:00+00:00,0.03574357654538106,0.03574357654538106,0.03574357654538106,0.03574357654538106,2680.9625033238926
2026-06-06 11:00:00+00:00,0.03574191342296246,0.03574191342296246,0.03574191342296246,0.03574191342296246,2680.8377601036095
2026-06-06 12:00:00+00:00,0.035742774114824884,0.035742774114824884,0.035742774114824884,0.035742774114824884,2680.902316671057
2026-06-06 13:00:00+00:00,0.03574185615966138,0.03574185615966138,0.03574185615966138,0.03574185615966138,2585.8941596207083
2026-06-06 14:00:00+00:00,0.03574157592452091,0.03574157592452091,0.03574157592452091,0.03574157592452091,2585.8738848367175
2026-06-06 15:00:00+00:00,0.03574912013672295,0.03574912013672295,0.03574912013672295,0.03574912013672295,2611.1684604740226
2026-06-06 16:00:00+00:00,0.035750218963902326,0.035750218963902326,0.035750218963902326,0.035750218963902326,2611.2487204318427
2026-06-06 17:00:00+00:00,0.03574917894656658,0.03574917894656658,0.03574917894656658,0.03574917894656658,2611.6962248069094
2026-06-06 18:00:00+00:00,0.03574999674101413,0.03574999674101413,0.03574999674101413,0.03574999674101413,2111.1896895589744
2026-06-06 19:00:00+00:00,0.03575006499385423,0.03575006499385423,0.03575006499385423,0.03575006499385423,2111.1937201801065
2026-06-06 20:00:00+00:00,0.03651511821376104,0.03651511821376104,0.03651511821376104,0.03651511821376104,25.82573132857769
2026-06-06 21:00:00+00:00,0.03651575705443284,0.03651575705443284,0.03651575705443284,0.03651575705443284,25.826183155885357
2026-06-06 22:00:00+00:00,0.03617277401660613,0.03617277401660613,0.03617277401660613,0.03617277401660613,46.95081926110719
2026-06-06 23:00:00+00:00,0.03617122881371996,0.03617122881371996,0.03617122881371996,0.03617122881371996,46.94881364933417
2026-06-07 00:00:00+00:00,0.03615424959762066,0.03615424959762066,0.03615424959762066,0.03615424959762066,44.626824448179846
2026-06-07 01:00:00+00:00,0.032433988962091306,0.032433988962091306,0.032433988962091306,0.032433988962091306,63.67006980536155
2026-06-07 02:00:00+00:00,0.03243350786312152,0.03243350786312152,0.03243350786312152,0.03243350786312152,63.669125376200356
2026-06-07 03:00:00+00:00,0.03243466749131227,0.03243466749131227,0.03243466749131227,0.03243466749131227,63.671401803189944
2026-06-07 04:00:00+00:00,0.03243336266744296,0.03243336266744296,0.03243336266744296,0.03243336266744296,63.66884034746091
2026-06-07 05:00:00+00:00,0.0324346916639192,0.0324346916639192,0.0324346916639192,0.0324346916639192,63.67144925561932
2026-06-07 06:00:00+00:00,0.033534145738149106,0.033534145738149106,0.033534145738149106,0.033534145738149106,87.17219708315122
2026-06-07 07:00:00+00:00,0.03258388903506337,0.03258388903506337,0.03258388903506337,0.03258388903506337,24.67658981939836
2026-06-07 08:00:00+00:00,0.036893833215412404,0.036893833215412404,0.036893833215412404,0.036893833215412404,56.02960076538321
2026-06-07 09:00:00+00:00,0.0368942078853779,0.0368942078853779,0.0368942078853779,0.0368942078853779,56.03016976585716
2026-06-07 10:00:00+00:00,0.03689528237077202,0.03689528237077202,0.03689528237077202,0.03689528237077202,56.031801555845185
2026-06-07 11:00:00+00:00,0.03689459963147034,0.03689459963147034,0.03689459963147034,0.03689459963147034,56.03076469935276
2026-06-07 12:00:00+00:00,0.03689505551347073,0.03689505551347073,0.03689505551347073,0.03689505551347073,56.03145703420256
2026-06-07 13:00:00+00:00,0.036894886636262204,0.036894886636262204,0.036894886636262204,0.036894886636262204,56.03120056525511
2026-06-07 14:00:00+00:00,0.03689370361751821,0.03689370361751821,0.03689370361751821,0.03689370361751821,56.02940394879791
2026-06-07 15:00:00+00:00,0.03688973503246042,0.03688973503246042,0.03688973503246042,0.03688973503246042,56.668319358190814
2026-06-07 16:00:00+00:00,0.036513166311036675,0.036513166311036675,0.036513166311036675,0.036513166311036675,0.6384260310390414
2026-06-07 17:00:00+00:00,0.036514453434006146,0.036514453434006146,0.036514453434006146,0.036514453434006146,0.10352796924330027
2026-06-07 18:00:00+00:00,0.03689337933755068,0.03689337933755068,0.03689337933755068,0.03689337933755068,307.0084821633927
2026-06-07 19:00:00+00:00,0.03689349239475617,0.03689349239475617,0.03689349239475617,0.03689349239475617,307.0094229696208
2026-06-07 20:00:00+00:00,0.03686504479377584,0.03686504479377584,0.03686504479377584,0.03686504479377584,306.7726977198533
2026-06-07 21:00:00+00:00,0.03686522217163724,0.03686522217163724,0.03686522217163724,0.03686522217163724,306.7741737458323
2026-06-07 22:00:00+00:00,0.03677785370342819,0.03677785370342819,0.03677785370342819,0.03677785370342819,305.9352227402638
2026-06-07 23:00:00+00:00,0.03679408642154467,0.03679408642154467,0.03679408642154467,0.03679408642154467,306.0697682845972
2026-06-08 00:00:00+00:00,0.03664957079926616,0.03664957079926616,0.03664957079926616,0.03664957079926616,353.169134436754
2026-06-08 01:00:00+00:00,0.03460584211649475,0.03460584211649475,0.03460584211649475,0.03460584211649475,1997.7201436391592
2026-06-08 02:00:00+00:00,0.034593079938120795,0.034593079938120795,0.034593079938120795,0.034593079938120795,1996.9834107855406
2026-06-08 03:00:00+00:00,0.03460129136826289,0.03460129136826289,0.03460129136826289,0.03460129136826289,1997.4574388224173
2026-06-08 04:00:00+00:00,0.03461071985830429,0.03461071985830429,0.03461071985830429,0.03461071985830429,1998.0017250853089
2026-06-08 05:00:00+00:00,0.03345852399051898,0.03345852399051898,0.03345852399051898,0.03345852399051898,3169.453346453546
2026-06-08 06:00:00+00:00,0.033430478898829434,0.033430478898829434,0.033430478898829434,0.033430478898829434,3166.796695797581
2026-06-08 07:00:00+00:00,0.0334181558221736,0.0334181558221736,0.0334181558221736,0.0334181558221736,3165.6293574966894
2026-06-08 08:00:00+00:00,0.03341863730273359,0.03341863730273359,0.03341863730273359,0.03341863730273359,3134.6681789964105
2026-06-08 09:00:00+00:00,0.03352255871017848,0.03352255871017848,0.03352255871017848,0.03352255871017848,3307.2349137901165
2026-06-08 10:00:00+00:00,0.033493090130288665,0.033493090130288665,0.033493090130288665,0.033493090130288665,4896.798849825605
2026-06-08 11:00:00+00:00,0.03353278351407233,0.03353278351407233,0.03353278351407233,0.03353278351407233,4902.632221539706
2026-06-08 12:00:00+00:00,0.03466220356548499,0.03466220356548499,0.03466220356548499,0.03466220356548499,6111.699391716244
2026-06-08 13:00:00+00:00,0.03467083776179278,0.03467083776179278,0.03467083776179278,0.03467083776179278,6113.225413397344
2026-06-08 14:00:00+00:00,0.03468108775877258,0.03468108775877258,0.03468108775877258,0.03468108775877258,6115.03719019244
2026-06-08 15:00:00+00:00,0.03466594177717651,0.03466594177717651,0.03466594177717651,0.03466594177717651,6112.362678572488
2026-06-08 16:00:00+00:00,0.03468752327732264,0.03468752327732264,0.03468752327732264,0.03468752327732264,6116.173969048196
2026-06-08 17:00:00+00:00,0.034633679446135296,0.034633679446135296,0.034633679446135296,0.034633679446135296,5937.806383354192
2026-06-08 18:00:00+00:00,0.03462956606806059,0.03462956606806059,0.03462956606806059,0.03462956606806059,5701.620111805451
2026-06-08 19:00:00+00:00,0.034602313716175434,0.034602313716175434,0.034602313716175434,0.034602313716175434,5697.133120622916
2026-06-08 20:00:00+00:00,0.034603213918570394,0.034603213918570394,0.034603213918570394,0.034603213918570394,5697.281335361435
2026-06-08 21:00:00+00:00,0.03460610085622357,0.03460610085622357,0.03460610085622357,0.03460610085622357,5697.756658146379
2026-06-08 22:00:00+00:00,0.03459172705461748,0.03459172705461748,0.03459172705461748,0.03459172705461748,5843.762608343577
2026-06-08 23:00:00+00:00,0.03458407784663131,0.03458407784663131,0.03458407784663131,0.03458407784663131,5842.47265052191
2026-06-09 00:00:00+00:00,0.034577157832754855,0.034577157832754855,0.034577157832754855,0.034577157832754855,5795.734384102845
2026-06-09 01:00:00+00:00,0.034580934707628165,0.034580934707628165,0.034580934707628165,0.034580934707628165,4067.3195206227283
2026-06-09 02:00:00+00:00,0.03460530316461166,0.03460530316461166,0.03460530316461166,0.03460530316461166,4070.181128025544
2026-06-09 03:00:00+00:00,0.03460060958449261,0.03460060958449261,0.03460060958449261,0.03460060958449261,4065.3359810981565
2026-06-09 04:00:00+00:00,0.03460810020470031,0.03460810020470031,0.03460810020470031,0.03460810020470031,4066.2151893244113
2026-06-09 05:00:00+00:00,0.03462450314192601,0.03462450314192601,0.03462450314192601,0.03462450314192601,2787.0320040627057
2026-06-09 06:00:00+00:00,0.034650104332148844,0.034650104332148844,0.034650104332148844,0.034650104332148844,2695.1917384513467
2026-06-09 07:00:00+00:00,0.03465414490862112,0.03465414490862112,0.03465414490862112,0.03465414490862112,2693.6020741560887
2026-06-09 08:00:00+00:00,0.034642694533618006,0.034642694533618006,0.034642694533618006,0.034642694533618006,2692.7121184714138
2026-06-09 09:00:00+00:00,0.03466982595701005,0.03466982595701005,0.03466982595701005,0.03466982595701005,2691.9929312037125
2026-06-09 10:00:00+00:00,0.0347025031507165,0.0347025031507165,0.0347025031507165,0.0347025031507165,1044.5490979658139
2026-06-09 11:00:00+00:00,0.03471448935090155,0.03471448935090155,0.03471448935090155,0.03471448935090155,1044.9098834720724
2026-06-09 12:00:00+00:00,0.03351749052718304,0.03351749052718304,0.03351749052718304,0.03351749052718304,0.018434619789950674
2026-06-09 13:00:00+00:00,0.033514395074062946,0.033514395074062946,0.033514395074062946,0.033514395074062946,0.01843291729073462
2026-06-09 14:00:00+00:00,0.03351976482184657,0.03351976482184657,0.03351976482184657,0.03351976482184657,0.018435870652015615
2026-06-09 15:00:00+00:00,0.03351971530031018,0.03351971530031018,0.03351971530031018,0.03351971530031018,0.0184358434151706
2026-06-09 16:00:00+00:00,0.035821502685114935,0.035821502685114935,0.035821502685114935,0.035821502685114935,97.52137916436088
2026-06-09 17:00:00+00:00,0.03582437371175087,0.03582437371175087,0.03582437371175087,0.03582437371175087,97.52919532103124
2026-06-09 18:00:00+00:00,0.03582465512276462,0.03582465512276462,0.03582465512276462,0.03582465512276462,97.52996144160451
2026-06-09 19:00:00+00:00,0.03582614498735461,0.03582614498735461,0.03582614498735461,0.03582614498735461,97.53401748723893
2026-06-09 20:00:00+00:00,0.03582574974355745,0.03582574974355745,0.03582574974355745,0.03582574974355745,121.91127552880509
2026-06-09 21:00:00+00:00,0.03582175496893396,0.03582175496893396,0.03582175496893396,0.03582175496893396,121.89768172900227
2026-06-09 22:00:00+00:00,0.035821519308302616,0.035821519308302616,0.035821519308302616,0.035821519308302616,121.87717796492721
2026-06-09 23:00:00+00:00,0.035822034771927705,0.035822034771927705,0.035822034771927705,0.035822034771927705,121.8789317501709
2026-06-10 00:00:00+00:00,0.03581918401388922,0.03581918401388922,0.03581918401388922,0.03581918401388922,121.86923248694868
2026-06-10 01:00:00+00:00,0.03581886715350096,0.03581886715350096,0.03581886715350096,0.03581886715350096,121.86815441849497
2026-06-10 02:00:00+00:00,0.035819365544371415,0.035819365544371415,0.035819365544371415,0.035819365544371415,121.86985011633212
2026-06-10 03:00:00+00:00,0.03582163404249604,0.03582163404249604,0.03582163404249604,0.03582163404249604,121.8775683302713
2026-06-10 04:00:00+00:00,0.0358209390135332,0.0358209390135332,0.0358209390135332,0.0358209390135332,121.87520360174413
2026-06-10 05:00:00+00:00,0.03582293053797006,0.03582293053797006,0.03582293053797006,0.03582293053797006,121.8819794555577
2026-06-10 06:00:00+00:00,0.03464128438521988,0.03464128438521988,0.03464128438521988,0.03464128438521988,141.596230418188
2026-06-10 07:00:00+00:00,0.03736726573627181,0.03736726573627181,0.03736726573627181,0.03736726573627181,193.82813824732256
2026-06-10 08:00:00+00:00,0.038183518838940736,0.038183518838940736,0.038183518838940736,0.038183518838940736,241.31180551439888
2026-06-10 09:00:00+00:00,0.03362257911216269,0.03362257911216269,0.03362257911216269,0.03362257911216269,1255.1600526811274
2026-06-10 10:00:00+00:00,0.03364199852838969,0.03364199852838969,0.03364199852838969,0.03364199852838969,1255.889314820787
2026-06-10 11:00:00+00:00,0.03362455951367906,0.03362455951367906,0.03362455951367906,0.03362455951367906,1255.234740266958
2026-06-10 12:00:00+00:00,0.033591699183485396,0.033591699183485396,0.033591699183485396,0.033591699183485396,1254.0005174898138
2026-06-10 13:00:00+00:00,0.03352743175517395,0.03352743175517395,0.03352743175517395,0.03352743175517395,1136.7291687376248
2026-06-10 14:00:00+00:00,0.03386462416107405,0.03386462416107405,0.03386462416107405,0.03386462416107405,1316.6372036459527
2026-06-10 15:00:00+00:00,0.03368271241865785,0.03368271241865785,0.03368271241865785,0.03368271241865785,1218.20672321753
2026-06-10 16:00:00+00:00,0.03366595450642091,0.03366595450642091,0.03366595450642091,0.03366595450642091,1217.5953267299765
2026-06-10 17:00:00+00:00,0.0358220638666556,0.0358220638666556,0.0358220638666556,0.0358220638666556,81.4069530872597
2026-06-10 18:00:00+00:00,0.04011820976917586,0.04011820976917586,0.04011820976917586,0.04011820976917586,1497.54425513785
2026-06-10 19:00:00+00:00,0.040116682286170414,0.040116682286170414,0.040116682286170414,0.040116682286170414,1497.489389674341
2026-06-10 20:00:00+00:00,0.04016563810228487,0.04016563810228487,0.04016563810228487,0.04016563810228487,1472.309568579623
2026-06-10 21:00:00+00:00,0.04013819681268669,0.04013819681268669,0.04013819681268669,0.04013819681268669,1471.3120022734108
2026-06-10 22:00:00+00:00,0.040138724589484906,0.040138724589484906,0.040138724589484906,0.040138724589484906,1471.330938554723
2026-06-10 23:00:00+00:00,0.04012821049845315,0.04012821049845315,0.04012821049845315,0.04012821049845315,1470.9482582366543
2026-06-11 00:00:00+00:00,0.040135628146836806,0.040135628146836806,0.040135628146836806,0.040135628146836806,1471.2180851247058
2026-06-11 01:00:00+00:00,0.04015464058041724,0.04015464058041724,0.04015464058041724,0.04015464058041724,1471.9090153931863
2026-06-11 02:00:00+00:00,0.03582673251422141,0.03582673251422141,0.03582673251422141,0.03582673251422141,57.038559950961506
2026-06-11 03:00:00+00:00,0.035830760947500914,0.035830760947500914,0.035830760947500914,0.035830760947500914,57.044973486804615
2026-06-11 04:00:00+00:00,0.035830760947500914,0.035830760947500914,0.035830760947500914,0.035830760947500914,57.044973486804615
2026-06-11 05:00:00+00:00,0.033639410232273265,0.033639410232273265,0.033639410232273265,0.033639410232273265,1936.1356041483757
2026-06-11 06:00:00+00:00,0.03363033241418328,0.03363033241418328,0.03363033241418328,0.03363033241418328,1913.4908466421539
2026-06-11 07:00:00+00:00,0.033615605301521655,0.033615605301521655,0.033615605301521655,0.033615605301521655,1874.2423089892359
2026-06-11 08:00:00+00:00,0.03363067824435913,0.03363067824435913,0.03363067824435913,0.03363067824435913,1836.617380662142
2026-06-11 09:00:00+00:00,0.03359026978206446,0.03359026978206446,0.03359026978206446,0.03359026978206446,794.4476397283722
2026-06-11 10:00:00+00:00,0.03359740157370155,0.03359740157370155,0.03359740157370155,0.03359740157370155,794.6163146175553
2026-06-11 11:00:00+00:00,0.033583463570370654,0.033583463570370654,0.033583463570370654,0.033583463570370654,794.2866651708375
2026-06-11 12:00:00+00:00,0.03360384657182119,0.03360384657182119,0.03360384657182119,0.03360384657182119,794.7687460680146
2026-06-11 13:00:00+00:00,0.03360999218041083,0.03360999218041083,0.03360999218041083,0.03360999218041083,794.9140966195408
2026-06-11 14:00:00+00:00,0.03358150029499791,0.03358150029499791,0.03358150029499791,0.03358150029499791,794.2402315013215
2026-06-11 15:00:00+00:00,0.03353984249568523,0.03353984249568523,0.03353984249568523,0.03353984249568523,793.2549777193497
2026-06-11 16:00:00+00:00,0.033539422030191036,0.033539422030191036,0.033539422030191036,0.033539422030191036,793.2450332377597
2026-06-11 17:00:00+00:00,0.0335156012217026,0.0335156012217026,0.0335156012217026,0.0335156012217026,753.1779382030068
2026-06-11 18:00:00+00:00,0.03364263328270878,0.03364263328270878,0.03364263328270878,0.03364263328270878,756.0326608487803
2026-06-11 19:00:00+00:00,0.03367397181457886,0.03367397181457886,0.03367397181457886,0.03367397181457886,756.7369146875847
2026-06-11 20:00:00+00:00,0.033725283552837736,0.033725283552837736,0.033725283552837736,0.033725283552837736,757.8900155665391
2026-06-11 21:00:00+00:00,0.04047601103489885,0.04047601103489885,0.04047601103489885,0.04047601103489885,917.690657060604
2026-06-11 22:00:00+00:00,0.04047713599882246,0.04047713599882246,0.04047713599882246,0.04047713599882246,917.7161627578265
2026-06-11 23:00:00+00:00,0.039189685942070694,0.039189685942070694,0.039189685942070694,0.039189685942070694,1276.5481528879525
2026-06-12 00:00:00+00:00,0.039164696091912955,0.039164696091912955,0.039164696091912955,0.039164696091912955,1275.7851094422017
2026-06-12 01:00:00+00:00,0.039151711922616246,0.039151711922616246,0.039151711922616246,0.039151711922616246,1275.3916769755863
2026-06-12 02:00:00+00:00,0.03913638287437166,0.03913638287437166,0.03913638287437166,0.03913638287437166,1274.9280832545842
2026-06-12 03:00:00+00:00,0.0391492668203138,0.0391492668203138,0.0391492668203138,0.0391492668203138,1275.329022566762
2026-06-12 04:00:00+00:00,0.03916520348209334,0.03916520348209334,0.03916520348209334,0.03916520348209334,1275.8196975645826
2026-06-12 05:00:00+00:00,0.03583803943335031,0.03583803943335031,0.03583803943335031,0.03583803943335031,358.3803943335031
2026-06-12 06:00:00+00:00,0.03593727915151653,0.03593727915151653,0.03593727915151653,0.03593727915151653,366.44549488914686
2026-06-12 07:00:00+00:00,0.04045589476943099,0.04045589476943099,0.04045589476943099,0.04045589476943099,8.091178953886198
2026-06-12 08:00:00+00:00,0.04044090345349594,0.04044090345349594,0.04044090345349594,0.04044090345349594,8.088180690699188
2026-06-12 09:00:00+00:00,0.04047662364235806,0.04047662364235806,0.04047662364235806,0.04047662364235806,8.095324728471612
2026-06-12 10:00:00+00:00,0.040498183511984226,0.040498183511984226,0.040498183511984226,0.040498183511984226,8.099636702396845
2026-06-12 11:00:00+00:00,0.04046714794704281,0.04046714794704281,0.04046714794704281,0.04046714794704281,8.093429589408561
2026-06-12 12:00:00+00:00,0.04047193054799265,0.04047193054799265,0.04047193054799265,0.04047193054799265,8.09438610959853
2026-06-12 13:00:00+00:00,0.040426953791165975,0.040426953791165975,0.040426953791165975,0.040426953791165975,8.085390758233196
2026-06-12 14:00:00+00:00,0.040426953791165975,0.040426953791165975,0.040426953791165975,0.040426953791165975,8.085390758233196
2026-06-12 15:00:00+00:00,0.040426953791165975,0.040426953791165975,0.040426953791165975,0.040426953791165975,8.085390758233196
2026-06-12 16:00:00+00:00,0.035917242626080294,0.035917242626080294,0.035917242626080294,0.035917242626080294,846.6370874492411
2026-06-12 17:00:00+00:00,0.03591696680240372,0.03591696680240372,0.03591696680240372,0.03591696680240372,846.6305857654506
2026-06-12 18:00:00+00:00,0.03592084677803967,0.03592084677803967,0.03592084677803967,0.03592084677803967,856.5211125565595
2026-06-12 19:00:00+00:00,0.03592094149246497,0.03592094149246497,0.03592094149246497,0.03592094149246497,856.5233709917638
2026-06-12 20:00:00+00:00,0.03591707566172102,0.03591707566172102,0.03591707566172102,0.03591707566172102,856.4311914930393
2026-06-12 21:00:00+00:00,0.03591819896712108,0.03591819896712108,0.03591819896712108,0.03591819896712108,856.5457434043896
2026-06-12 22:00:00+00:00,0.03591730175641637,0.03591730175641637,0.03591730175641637,0.03591730175641637,856.5243475094908
2026-06-12 23:00:00+00:00,0.035917834646892056,0.035917834646892056,0.035917834646892056,0.035917834646892056,497.3587089458041
2026-06-13 00:00:00+00:00,0.03591775050212992,0.03591775050212992,0.03591775050212992,0.03591775050212992,497.35754378285174
2026-06-13 01:00:00+00:00,0.03591730142830703,0.03591730142830703,0.03591730142830703,0.03591730142830703,499.32856239364986
2026-06-13 02:00:00+00:00,0.03591806215020434,0.03591806215020434,0.03591806215020434,0.03591806215020434,499.33913808158474
2026-06-13 03:00:00+00:00,0.035916693378360134,0.035916693378360134,0.035916693378360134,0.035916693378360134,499.3201091776851
2026-06-13 04:00:00+00:00,0.035915872747236156,0.035915872747236156,0.035915872747236156,0.035915872747236156,499.30870062127644
2026-06-13 05:00:00+00:00,0.035917836672178204,0.035917836672178204,0.035917836672178204,0.035917836672178204,499.3360034469054
2026-06-13 06:00:00+00:00,0.0359166794175955,0.0359166794175955,0.0359166794175955,0.0359166794175955,499.3199150927105
2026-06-13 07:00:00+00:00,0.03591932244770748,0.03591932244770748,0.03591932244770748,0.03591932244770748,499.3566589563555
2026-06-13 08:00:00+00:00,0.03591820792039017,0.03591820792039017,0.03591820792039017,0.03591820792039017,499.3411646040247
2026-06-13 09:00:00+00:00,0.03591820792039017,0.03591820792039017,0.03591820792039017,0.03591820792039017,499.3411646040247
2026-06-13 10:00:00+00:00,0.03591820792039017,0.03591820792039017,0.03591820792039017,0.03591820792039017,499.3411646040247
2026-06-13 11:00:00+00:00,0.03591820792039017,0.03591820792039017,0.03591820792039017,0.03591820792039017,499.3411646040247
2026-06-13 12:00:00+00:00,0.03591820792039017,0.03591820792039017,0.03591820792039017,0.03591820792039017,499.3411646040247
2026-06-13 13:00:00+00:00,0.03591820792039017,0.03591820792039017,0.03591820792039017,0.03591820792039017,499.3411646040247
2026-06-13 14:00:00+00:00,0.03591820792039017,0.03591820792039017,0.03591820792039017,0.03591820792039017,499.3411646040247
2026-06-13 15:00:00+00:00,0.03591820792039017,0.03591820792039017,0.03591820792039017,0.03591820792039017,499.3411646040247
2026-06-13 16:00:00+00:00,0.035920270648038134,0.035920270648038134,0.035920270648038134,0.035920270648038134,11.864083849932172
2026-06-13 17:00:00+00:00,0.035919894913848935,0.035919894913848935,0.035919894913848935,0.035919894913848935,11.863959748920529
2026-06-13 18:00:00+00:00,0.035918434820135764,0.035918434820135764,0.035918434820135764,0.035918434820135764,2.065067013946248
2026-06-13 19:00:00+00:00,0.03591720272615481,0.03591720272615481,0.03591720272615481,0.03591720272615481,2.064996176877459
2026-06-13 20:00:00+00:00,0.03591640431659585,0.03591640431659585,0.03591640431659585,0.03591640431659585,2.06495027372906
2026-06-13 21:00:00+00:00,0.035915284250407395,0.035915284250407395,0.035915284250407395,0.035915284250407395,1.9771259466372102
2026-06-13 22:00:00+00:00,0.03591499362766972,0.03591499362766972,0.03591499362766972,0.03591499362766972,1.9771099479400724
2026-06-13 23:00:00+00:00,0.03591346423071675,0.03591346423071675,0.03591346423071675,0.03591346423071675,1.977025755082866
2026-06-14 00:00:00+00:00,0.03591482967989112,0.03591482967989112,0.03591482967989112,0.03591482967989112,1.977100922662569
2026-06-14 01:00:00+00:00,0.035914824412809555,0.035914824412809555,0.035914824412809555,0.035914824412809555,49.427516607907684
2026-06-14 02:00:00+00:00,0.0359153035593006,0.0359153035593006,0.0359153035593006,0.0359153035593006,49.428176029790734
2026-06-14 03:00:00+00:00,0.03591555770926433,0.03591555770926433,0.03591555770926433,0.03591555770926433,49.428525801834965
2026-06-14 04:00:00+00:00,0.035914162433869704,0.035914162433869704,0.035914162433869704,0.035914162433869704,49.426605564193046
2026-06-14 05:00:00+00:00,0.03591378291066182,0.03591378291066182,0.03591378291066182,0.03591378291066182,49.42608324813088
2026-06-14 06:00:00+00:00,0.03591636876744194,0.03591636876744194,0.03591636876744194,0.03591636876744194,49.4296420147693
2026-06-14 07:00:00+00:00,0.03591830559249183,0.03591830559249183,0.03591830559249183,0.03591830559249183,49.43230755619642
2026-06-14 08:00:00+00:00,0.03975181538020929,0.03975181538020929,0.03975181538020929,0.03975181538020929,327.9952996682174
2026-06-14 09:00:00+00:00,0.040431921874542594,0.040431921874542594,0.040431921874542594,0.040431921874542594,278.56160359220473
2026-06-14 10:00:00+00:00,0.04043362911948758,0.04043362911948758,0.04043362911948758,0.04043362911948758,278.5733659044459
2026-06-14 11:00:00+00:00,0.04043438443259352,0.04043438443259352,0.04043438443259352,0.04043438443259352,278.5785697438938
2026-06-14 12:00:00+00:00,0.04043245226980621,0.04043245226980621,0.04043245226980621,0.04043245226980621,278.56525782748025
2026-06-14 13:00:00+00:00,0.04043078570691595,0.04043078570691595,0.04043078570691595,0.04043078570691595,278.5537758001693
2026-06-14 14:00:00+00:00,0.04043230013407628,0.04043230013407628,0.04043230013407628,0.04043230013407628,278.564209666252
2026-06-14 15:00:00+00:00,0.04043363971866971,0.04043363971866971,0.04043363971866971,0.04043363971866971,278.57343892905203
2026-06-14 16:00:00+00:00,0.03381973590304122,0.03381973590304122,0.03381973590304122,0.03381973590304122,47.761435904186094
2026-06-14 17:00:00+00:00,0.03382059540524901,0.03382059540524901,0.03382059540524901,0.03382059540524901,47.76264972382456
2026-06-14 18:00:00+00:00,0.03382210735440031,0.03382210735440031,0.03382210735440031,0.03382210735440031,47.76478495228073
2026-06-14 19:00:00+00:00,0.033820558207555494,0.033820558207555494,0.033820558207555494,0.033820558207555494,47.76259719191657
2026-06-14 20:00:00+00:00,0.03382153829009406,0.03382153829009406,0.03382153829009406,0.03382153829009406,47.76398129939395
2026-06-14 21:00:00+00:00,0.04045906444918076,0.04045906444918076,0.04045906444918076,0.04045906444918076,289.57246241903476
2026-06-14 22:00:00+00:00,0.0406364340524594,0.0406364340524594,0.0406364340524594,0.0406364340524594,352.1100592276853
2026-06-14 23:00:00+00:00,0.040661209366646876,0.040661209366646876,0.040661209366646876,0.040661209366646876,352.3247344950741
2026-06-15 00:00:00+00:00,0.04063662462852006,0.04063662462852006,0.04063662462852006,0.04063662462852006,352.1117105474818
2026-06-15 01:00:00+00:00,0.040620103623448124,0.040620103623448124,0.040620103623448124,0.040620103623448124,351.96855792570227
2026-06-15 02:00:00+00:00,0.04061618171487568,0.04061618171487568,0.04061618171487568,0.04061618171487568,351.93457503591554
2026-06-15 03:00:00+00:00,0.040621657322311065,0.040621657322311065,0.040621657322311065,0.040621657322311065,351.98202054887304
2026-06-15 04:00:00+00:00,0.040641195749567004,0.040641195749567004,0.040641195749567004,0.040641195749567004,352.15131878920147
2026-06-15 05:00:00+00:00,0.03833616724813887,0.03833616724813887,0.03833616724813887,0.03833616724813887,2062.1610576645235
2026-06-15 06:00:00+00:00,0.03835397395110492,0.03835397395110492,0.03835397395110492,0.03835397395110492,2063.1184787386705
2026-06-15 07:00:00+00:00,0.03830317871047532,0.03830317871047532,0.03830317871047532,0.03830317871047532,2069.4952867456595
2026-06-15 08:00:00+00:00,0.03829941833586167,0.03829941833586167,0.03829941833586167,0.03829941833586167,1805.4229267232913
2026-06-15 09:00:00+00:00,0.038284032652813715,0.038284032652813715,0.038284032652813715,0.038284032652813715,1804.6985707266233
2026-06-15 10:00:00+00:00,0.03830352376402662,0.03830352376402662,0.03830352376402662,0.03830352376402662,1805.6162097114504
2026-06-15 11:00:00+00:00,0.038320584670448736,0.038320584670448736,0.038320584670448736,0.038320584670448736,1806.4195594576863
2026-06-15 12:00:00+00:00,0.03817884443241246,0.03817884443241246,0.03817884443241246,0.03817884443241246,1875.4851160577061
2026-06-15 13:00:00+00:00,0.03819610605279356,0.03819610605279356,0.03819610605279356,0.03819610605279356,1876.3248970212303
2026-06-15 14:00:00+00:00,0.03488591823087365,0.03488591823087365,0.03488591823087365,0.03488591823087365,1715.5732834203727
2026-06-15 15:00:00+00:00,0.03486565501572282,0.03486565501572282,0.03486565501572282,0.03486565501572282,1714.5769584407535
2026-06-15 16:00:00+00:00,0.03483619015548502,0.03483619015548502,0.03483619015548502,0.03483619015548502,1711.8742351792428
2026-06-15 17:00:00+00:00,0.03473639027239475,0.03473639027239475,0.03473639027239475,0.03473639027239475,1836.0543185964273
2026-06-15 18:00:00+00:00,0.03472363030149283,0.03472363030149283,0.03472363030149283,0.03472363030149283,1835.3835655818389
2026-06-15 19:00:00+00:00,0.038897780788185496,0.038897780788185496,0.038897780788185496,0.038897780788185496,2166.2221353620657
2026-06-15 20:00:00+00:00,0.03893084704605803,0.03893084704605803,0.03893084704605803,0.03893084704605803,2397.058966728993
2026-06-15 21:00:00+00:00,0.03930617772431891,0.03930617772431891,0.03930617772431891,0.03930617772431891,2215.4996042421494
2026-06-15 22:00:00+00:00,0.03941732608914378,0.03941732608914378,0.03941732608914378,0.03941732608914378,2278.3202272558647
2026-06-15 23:00:00+00:00,0.039409662974792994,0.039409662974792994,0.039409662974792994,0.039409662974792994,2277.877299483705
2026-06-16 00:00:00+00:00,0.039421420706909176,0.039421420706909176,0.039421420706909176,0.039421420706909176,2278.5568960359005
2026-06-16 01:00:00+00:00,0.03941654119885257,0.03941654119885257,0.03941654119885257,0.03941654119885257,2278.27486062134
2026-06-16 02:00:00+00:00,0.03942077767229092,0.03942077767229092,0.03942077767229092,0.03942077767229092,2278.519728654879
2026-06-16 03:00:00+00:00,0.03940930458891199,0.03940930458891199,0.03940930458891199,0.03940930458891199,2277.8565847908812
2026-06-16 04:00:00+00:00,0.039408633011589096,0.039408633011589096,0.039408633011589096,0.039408633011589096,2277.817767642416
2026-06-16 05:00:00+00:00,0.03725159179581242,0.03725159179581242,0.03725159179581242,0.03725159179581242,970.3069174231841
2026-06-16 06:00:00+00:00,0.0372478477580168,0.0372478477580168,0.0372478477580168,0.0372478477580168,970.2155636850581
2026-06-16 07:00:00+00:00,0.037300989475419176,0.037300989475419176,0.037300989475419176,0.037300989475419176,962.7293499029686
2026-06-16 08:00:00+00:00,0.03732116706804821,0.03732116706804821,0.03732116706804821,0.03732116706804821,963.2234698281964
2026-06-16 09:00:00+00:00,0.036555793394466816,0.036555793394466816,0.036555793394466816,0.036555793394466816,1139.3711277814014
2026-06-16 10:00:00+00:00,0.036564081882145945,0.036564081882145945,0.036564081882145945,0.036564081882145945,1196.784721654246
2026-06-16 11:00:00+00:00,0.03659257903224525,0.03659257903224525,0.03659257903224525,0.03659257903224525,1197.6898242857228
2026-06-16 12:00:00+00:00,0.03675741116505394,0.03675741116505394,0.03675741116505394,0.03675741116505394,1244.8950566661726
2026-06-16 13:00:00+00:00,0.03675942371066937,0.03675942371066937,0.03675942371066937,0.03675942371066937,1244.9639357693893
2026-06-16 14:00:00+00:00,0.03674550420885801,0.03674550420885801,0.03674550420885801,0.03674550420885801,1243.2546758488884
2026-06-16 15:00:00+00:00,0.03676965581480763,0.03676965581480763,0.03676965581480763,0.03676965581480763,1244.054842485805
2026-06-16 16:00:00+00:00,0.036807024644976497,0.036807024644976497,0.036807024644976497,0.036807024644976497,1245.2949233763647
2026-06-16 17:00:00+00:00,0.036109862528714724,0.036109862528714724,0.036109862528714724,0.036109862528714724,1275.3705929708315
2026-06-16 18:00:00+00:00,0.03485422989911599,0.03485422989911599,0.03485422989911599,0.03485422989911599,1462.2637353877033
2026-06-16 19:00:00+00:00,0.034840510432100166,0.034840510432100166,0.034840510432100166,0.034840510432100166,1359.2163002092166
2026-06-16 20:00:00+00:00,0.03481725328182057,0.03481725328182057,0.03481725328182057,0.03481725328182057,1196.6492367419048
2026-06-16 21:00:00+00:00,0.03380981731582514,0.03380981731582514,0.03380981731582514,0.03380981731582514,1714.1087158099501
2026-06-16 22:00:00+00:00,0.03380963522150155,0.03380963522150155,0.03380963522150155,0.03380963522150155,1614.6143667319118
2026-06-16 23:00:00+00:00,0.033824085374411166,0.033824085374411166,0.033824085374411166,0.033824085374411166,1615.3044488441997
2026-06-17 00:00:00+00:00,0.03382039903816453,0.03382039903816453,0.03382039903816453,0.03382039903816453,1615.1284040148062
2026-06-17 01:00:00+00:00,0.03382569179783003,0.03382569179783003,0.03382569179783003,0.03382569179783003,1615.3811652687975
2026-06-17 02:00:00+00:00,0.03486598835495776,0.03486598835495776,0.03486598835495776,0.03486598835495776,1736.1400749093714
2026-06-17 03:00:00+00:00,0.034862053553601155,0.034862053553601155,0.034862053553601155,0.034862053553601155,1735.9441428092268
2026-06-17 04:00:00+00:00,0.03486275899011456,0.03486275899011456,0.03486275899011456,0.03486275899011456,1735.9792697813568
2026-06-17 05:00:00+00:00,0.03484659701232732,0.03484659701232732,0.03484659701232732,0.03484659701232732,1523.2745150507965
2026-06-17 06:00:00+00:00,0.034848046484215356,0.034848046484215356,0.034848046484215356,0.034848046484215356,1523.3378128458246
2026-06-17 07:00:00+00:00,0.03485644812237247,0.03485644812237247,0.03485644812237247,0.03485644812237247,1492.3615928751549
2026-06-17 08:00:00+00:00,0.0348577969003804,0.0348577969003804,0.0348577969003804,0.0348577969003804,1537.550232379989
2026-06-17 09:00:00+00:00,0.034838785784973826,0.034838785784973826,0.034838785784973826,0.034838785784973826,1350.9048093878814
2026-06-17 10:00:00+00:00,0.033675629434954515,0.033675629434954515,0.033675629434954515,0.033675629434954515,3864.5723939570053
2026-06-17 11:00:00+00:00,0.03365626096358927,0.03365626096358927,0.03365626096358927,0.03365626096358927,3862.34969282247
2026-06-17 12:00:00+00:00,0.033643690902612836,0.033643690902612836,0.033643690902612836,0.033643690902612836,3755.770634544983
2026-06-17 13:00:00+00:00,0.03367293154094645,0.03367293154094645,0.03367293154094645,0.03367293154094645,3759.0348760072716
2026-06-17 14:00:00+00:00,0.03365872161101568,0.03365872161101568,0.03365872161101568,0.03365872161101568,3757.448568556421
2026-06-17 15:00:00+00:00,0.03363489528112506,0.03363489528112506,0.03363489528112506,0.03363489528112506,3754.788746529426
2026-06-17 16:00:00+00:00,0.03364483379681207,0.03364483379681207,0.03364483379681207,0.03364483379681207,3755.8982200849964
2026-06-17 17:00:00+00:00,0.033639030088935075,0.033639030088935075,0.033639030088935075,0.033639030088935075,3581.050142558844
2026-06-17 18:00:00+00:00,0.03364916883532376,0.03364916883532376,0.03364916883532376,0.03364916883532376,3358.9233116995056
2026-06-17 19:00:00+00:00,0.03352412901125701,0.03352412901125701,0.03352412901125701,0.03352412901125701,3346.4416013189593
2026-06-17 20:00:00+00:00,0.03335437353245432,0.03335437353245432,0.03335437353245432,0.03335437353245432,3318.155803192127
2026-06-17 21:00:00+00:00,0.033379886668532456,0.033379886668532456,0.033379886668532456,0.033379886668532456,2699.737293407508
2026-06-17 22:00:00+00:00,0.03351210098800322,0.03351210098800322,0.03351210098800322,0.03351210098800322,2805.7702583277464
2026-06-17 23:00:00+00:00,0.03351617097329699,0.03351617097329699,0.03351617097329699,0.03351617097329699,2806.111014154819
2026-06-18 00:00:00+00:00,0.038002765727300936,0.038002765727300936,0.038002765727300936,0.038002765727300936,3229.2030807882757
2026-06-18 01:00:00+00:00,0.03802965135761432,0.03802965135761432,0.03802965135761432,0.03802965135761432,3231.4876292566664
2026-06-18 02:00:00+00:00,0.03803357232423064,0.03803357232423064,0.03803357232423064,0.03803357232423064,3154.284844998828
2026-06-18 03:00:00+00:00,0.038042752886922666,0.038042752886922666,0.038042752886922666,0.038042752886922666,3155.0462278508294
2026-06-18 04:00:00+00:00,0.038062474708905066,0.038062474708905066,0.038062474708905066,0.038062474708905066,3156.681841872687
2026-06-18 05:00:00+00:00,0.03806166023236297,0.03806166023236297,0.03806166023236297,0.03806166023236297,3156.6142938918815
2026-06-18 06:00:00+00:00,0.038017804242529755,0.038017804242529755,0.038017804242529755,0.038017804242529755,3152.9771313631013
2026-06-18 07:00:00+00:00,0.03804827765781829,0.03804827765781829,0.03804827765781829,0.03804827765781829,3155.5044204434053
2026-06-18 08:00:00+00:00,0.03803303753567464,0.03803303753567464,0.03803303753567464,0.03803303753567464,3104.9985706506463
2026-06-18 09:00:00+00:00,0.03792581010506463,0.03792581010506463,0.03792581010506463,0.03792581010506463,3096.2445756938578
2026-06-18 10:00:00+00:00,0.03790333119068906,0.03790333119068906,0.03790333119068906,0.03790333119068906,155.1641453785032
2026-06-18 11:00:00+00:00,0.03784892092564705,0.03784892092564705,0.03784892092564705,0.03784892092564705,154.94140711223878
2026-06-18 12:00:00+00:00,0.03784357614846896,0.03784357614846896,0.03784357614846896,0.03784357614846896,154.91952729964646
2026-06-18 13:00:00+00:00,0.037885248560299546,0.037885248560299546,0.037885248560299546,0.037885248560299546,155.09012085869338
2026-06-18 14:00:00+00:00,0.03789715767375746,0.03789715767375746,0.03789715767375746,0.03789715767375746,155.1388729697576
2026-06-18 15:00:00+00:00,0.037943950986853686,0.037943950986853686,0.037943950986853686,0.037943950986853686,155.33042986483568
2026-06-18 16:00:00+00:00,0.03788782740835408,0.03788782740835408,0.03788782740835408,0.03788782740835408,155.100677839884
2026-06-18 17:00:00+00:00,0.03787508893541567,0.03787508893541567,0.03787508893541567,0.03787508893541567,155.04853059570192
2026-06-18 18:00:00+00:00,0.03339776755192223,0.03339776755192223,0.03339776755192223,0.03339776755192223,4328.489874392639
2026-06-18 19:00:00+00:00,0.03338309336572213,0.03338309336572213,0.03338309336572213,0.03338309336572213,4327.812085456599
2026-06-18 20:00:00+00:00,0.03338676764422231,0.03338676764422231,0.03338676764422231,0.03338676764422231,5880.738656543497
2026-06-18 21:00:00+00:00,0.033372679368616834,0.033372679368616834,0.033372679368616834,0.033372679368616834,5878.257150461805
2026-06-18 22:00:00+00:00,0.03338545541747924,0.03338545541747924,0.03338545541747924,0.03338545541747924,5785.528237536768
2026-06-18 23:00:00+00:00,0.03338823876683409,0.03338823876683409,0.03338823876683409,0.03338823876683409,5786.010577708141
2026-06-19 00:00:00+00:00,0.03337532011312435,0.03337532011312435,0.03337532011312435,0.03337532011312435,5742.094378053437
2026-06-19 01:00:00+00:00,0.03339032216909661,0.03339032216909661,0.03339032216909661,0.03339032216909661,5744.675423597438
2026-06-19 02:00:00+00:00,0.033365357134007415,0.033365357134007415,0.033365357134007415,0.033365357134007415,5740.380286138151
2026-06-19 03:00:00+00:00,0.033364273932489794,0.033364273932489794,0.033364273932489794,0.033364273932489794,5740.193925518281
2026-06-19 04:00:00+00:00,0.03333334463599927,0.03333334463599927,0.03333334463599927,0.03333334463599927,5734.872660017502
2026-06-19 05:00:00+00:00,0.03329199032507219,0.03329199032507219,0.03329199032507219,0.03329199032507219,5727.757811216719
2026-06-19 06:00:00+00:00,0.03329230212614315,0.03329230212614315,0.03329230212614315,0.03329230212614315,5727.811455381645
2026-06-19 07:00:00+00:00,0.033325245439620975,0.033325245439620975,0.033325245439620975,0.033325245439620975,5733.4792246936495
2026-06-19 08:00:00+00:00,0.033325245439620975,0.033325245439620975,0.033325245439620975,0.033325245439620975,5733.4792246936495
2026-06-19 09:00:00+00:00,0.033325245439620975,0.033325245439620975,0.033325245439620975,0.033325245439620975,5733.4792246936495
2026-06-19 10:00:00+00:00,0.033325245439620975,0.033325245439620975,0.033325245439620975,0.033325245439620975,5733.4792246936495
2026-06-19 11:00:00+00:00,0.033325245439620975,0.033325245439620975,0.033325245439620975,0.033325245439620975,5733.4792246936495
2026-06-19 12:00:00+00:00,0.033325245439620975,0.033325245439620975,0.033325245439620975,0.033325245439620975,5733.4792246936495
2026-06-19 13:00:00+00:00,0.03352734812069433,0.03352734812069433,0.03352734812069433,0.03352734812069433,12.505700849018984
2026-06-19 14:00:00+00:00,0.03352882614095194,0.03352882614095194,0.03352882614095194,0.03352882614095194,12.506252150575074
2026-06-19 15:00:00+00:00,0.03382815690312465,0.03382815690312465,0.03382815690312465,0.03382815690312465,25.611129194790607
2026-06-19 16:00:00+00:00,0.03382924133075648,0.03382924133075648,0.03382924133075648,0.03382924133075648,25.611950209552386
2026-06-19 17:00:00+00:00,0.03382990224962615,0.03382990224962615,0.03382990224962615,0.03382990224962615,25.612450587938557
2026-06-19 18:00:00+00:00,0.037288124217735794,0.037288124217735794,0.037288124217735794,0.037288124217735794,6477.685069794545
2026-06-19 19:00:00+00:00,0.037253019077681325,0.037253019077681325,0.037253019077681325,0.037253019077681325,1794.578061124684
2026-06-19 20:00:00+00:00,0.0357032830240219,0.0357032830240219,0.0357032830240219,0.0357032830240219,59.86462887311305
2026-06-19 21:00:00+00:00,0.03569559842369228,0.03569559842369228,0.03569559842369228,0.03569559842369228,59.85264069177582
2026-06-19 22:00:00+00:00,0.03570652762038642,0.03570652762038642,0.03570652762038642,0.03570652762038642,59.86961788017928
2026-06-19 23:00:00+00:00,0.035706739143695,0.035706739143695,0.035706739143695,0.035706739143695,59.86997254417215
2026-06-20 00:00:00+00:00,0.035705771370181424,0.035705771370181424,0.035705771370181424,0.035705771370181424,59.86834986523042
2026-06-20 01:00:00+00:00,0.035091275073311015,0.035091275073311015,0.035091275073311015,0.035091275073311015,58.656529372562815
2026-06-20 02:00:00+00:00,0.02299738286165942,0.02299738286165942,0.02299738286165942,0.02299738286165942,8484.908889762266
2026-06-20 03:00:00+00:00,0.02299737979721934,0.02299737979721934,0.02299737979721934,0.02299737979721934,8484.907759133837
2026-06-20 04:00:00+00:00,0.02414156187579517,0.02414156187579517,0.02414156187579517,0.02414156187579517,17163.297984637877
2026-06-20 05:00:00+00:00,0.024141519395534994,0.024141519395534994,0.024141519395534994,0.024141519395534994,17707.459815026763
2026-06-20 06:00:00+00:00,0.02413993848046344,0.02413993848046344,0.02413993848046344,0.02413993848046344,17706.29803955936
2026-06-20 07:00:00+00:00,0.024139393357366472,0.024139393357366472,0.024139393357366472,0.024139393357366472,17705.89819959991
2026-06-20 08:00:00+00:00,0.024131344502362886,0.024131344502362886,0.024131344502362886,0.024131344502362886,17699.985687399996
2026-06-20 09:00:00+00:00,0.02412991567333099,0.02412991567333099,0.02412991567333099,0.02412991567333099,17698.937662354736
2026-06-20 10:00:00+00:00,0.024121392689817944,0.024121392689817944,0.024121392689817944,0.024121392689817944,17675.903707695954
2026-06-20 11:00:00+00:00,0.03444511019468413,0.03444511019468413,0.03444511019468413,0.03444511019468413,25294.758469770048
2026-06-20 12:00:00+00:00,0.034445858362898006,0.034445858362898006,0.034445858362898006,0.034445858362898006,25273.425855439153
2026-06-20 13:00:00+00:00,0.028775877697562117,0.028775877697562117,0.028775877697562117,0.028775877697562117,21136.073325759047
2026-06-20 14:00:00+00:00,0.028774605824810232,0.028774605824810232,0.028774605824810232,0.028774605824810232,21135.13912677379
2026-06-20 15:00:00+00:00,0.02877505278791502,0.02877505278791502,0.02877505278791502,0.02877505278791502,21124.754582079207
2026-06-20 16:00:00+00:00,0.02877427223792173,0.02877427223792173,0.02877427223792173,0.02877427223792173,21113.150376702906
2026-06-20 17:00:00+00:00,0.028776977249800925,0.028776977249800925,0.028776977249800925,0.028776977249800925,21115.13518181297
2026-06-20 18:00:00+00:00,0.02877857347921871,0.02877857347921871,0.02877857347921871,0.02877857347921871,21089.725221992496
2026-06-20 19:00:00+00:00,0.02877788005249405,0.02877788005249405,0.02877788005249405,0.02877788005249405,21089.198196763024
2026-06-20 20:00:00+00:00,0.02877659753862717,0.02877659753862717,0.02877659753862717,0.02877659753862717,21088.258336388342
2026-06-20 21:00:00+00:00,0.028776638225709295,0.028776638225709295,0.028776638225709295,0.028776638225709295,21088.288152967514
2026-06-20 22:00:00+00:00,0.02877651103333925,0.02877651103333925,0.02877651103333925,0.02877651103333925,21088.194943005696
2026-06-20 23:00:00+00:00,0.02877734858717793,0.02877734858717793,0.02877734858717793,0.02877734858717793,21088.808724801715
2026-06-21 00:00:00+00:00,0.02878021589455662,0.02878021589455662,0.02878021589455662,0.02878021589455662,21090.909964138667
2026-06-21 01:00:00+00:00,0.028779160381264053,0.028779160381264053,0.028779160381264053,0.028779160381264053,21090.136455840428
2026-06-21 02:00:00+00:00,0.028791031613474488,0.028791031613474488,0.028791031613474488,0.028791031613474488,10615.450049254845
2026-06-21 03:00:00+00:00,0.028791432968866586,0.028791432968866586,0.028791432968866586,0.028791432968866586,10615.598031729873
2026-06-21 04:00:00+00:00,0.028934645755067084,0.028934645755067084,0.028934645755067084,0.028934645755067084,790.807257210845
2026-06-21 05:00:00+00:00,0.02964002115724364,0.02964002115724364,0.02964002115724364,0.02964002115724364,142.0508661091701
2026-06-21 06:00:00+00:00,0.02963682405603043,0.02963682405603043,0.02963682405603043,0.02963682405603043,142.03554388676125
2026-06-21 07:00:00+00:00,0.02964326970961504,0.02964326970961504,0.02964326970961504,0.02964326970961504,144.55604200441314
2026-06-21 08:00:00+00:00,0.0326262883790651,0.0326262883790651,0.0326262883790651,0.0326262883790651,484.5762444375421
2026-06-21 09:00:00+00:00,0.03262662873967565,0.03262662873967565,0.03262662873967565,0.03262662873967565,484.58129958400855
2026-06-21 10:00:00+00:00,0.03262959285290543,0.03262959285290543,0.03262959285290543,0.03262959285290543,484.62532355756906
2026-06-21 11:00:00+00:00,0.03258614266606924,0.03258614266606924,0.03258614266606924,0.03258614266606924,457.2617567258263
2026-06-21 12:00:00+00:00,0.03258898405389008,0.03258898405389008,0.03258898405389008,0.03258898405389008,457.30162821352616
2026-06-21 13:00:00+00:00,0.03290089734336081,0.03290089734336081,0.03290089734336081,0.03290089734336081,429.0272128269618
2026-06-21 14:00:00+00:00,0.02934506940873284,0.02934506940873284,0.02934506940873284,0.02934506940873284,1733.784310484913
2026-06-21 15:00:00+00:00,0.029343362324065578,0.029343362324065578,0.029343362324065578,0.029343362324065578,1733.6834514079915
2026-06-21 16:00:00+00:00,0.028857835141393867,0.028857835141393867,0.028857835141393867,0.028857835141393867,1994.0044997603006
2026-06-21 17:00:00+00:00,0.028856916474204488,0.028856916474204488,0.028856916474204488,0.028856916474204488,1993.9410221466674
2026-06-21 18:00:00+00:00,0.028798715197248727,0.028798715197248727,0.028798715197248727,0.028798715197248727,1942.209928674482
2026-06-21 19:00:00+00:00,0.02879816007630345,0.02879816007630345,0.02879816007630345,0.02879816007630345,1942.1724908442134
2026-06-21 20:00:00+00:00,0.028756106905722036,0.028756106905722036,0.028756106905722036,0.028756106905722036,1939.3344747293952
2026-06-21 21:00:00+00:00,0.028784864856356646,0.028784864856356646,0.028784864856356646,0.028784864856356646,1991.4468758257572
2026-06-21 22:00:00+00:00,0.028773142197981678,0.028773142197981678,0.028773142197981678,0.028773142197981678,2915.772236167383
2026-06-21 23:00:00+00:00,0.028778875834593473,0.028778875834593473,0.028778875834593473,0.028778875834593473,2916.3542458267484
2026-06-22 00:00:00+00:00,0.02877847349860514,0.02877847349860514,0.02877847349860514,0.02877847349860514,2916.3135569900437
2026-06-22 01:00:00+00:00,0.028772789759121783,0.028772789759121783,0.028772789759121783,0.028772789759121783,2915.7365543053725
2026-06-22 02:00:00+00:00,0.028787628171772897,0.028787628171772897,0.028787628171772897,0.028787628171772897,2917.2428749180945
2026-06-22 03:00:00+00:00,0.028785058956417788,0.028785058956417788,0.028785058956417788,0.028785058956417788,2916.9819572442048
2026-06-22 04:00:00+00:00,0.02877068151058596,0.02877068151058596,0.02877068151058596,0.02877068151058596,2915.5224873233083
2026-06-22 05:00:00+00:00,0.028733484165620635,0.028733484165620635,0.028733484165620635,0.028733484165620635,2854.1208360559654
2026-06-22 06:00:00+00:00,0.03002734832822454,0.03002734832822454,0.03002734832822454,0.03002734832822454,5.42905174534918
2026-06-22 07:00:00+00:00,0.030027805925729838,0.030027805925729838,0.030027805925729838,0.030027805925729838,5.429134480611304
2026-06-22 08:00:00+00:00,0.029789708957091474,0.029789708957091474,0.029789708957091474,0.029789708957091474,2947.465038150485
2026-06-22 09:00:00+00:00,0.0297997334797981,0.0297997334797981,0.0297997334797981,0.0297997334797981,3707.286042948546
2026-06-22 10:00:00+00:00,0.029819258167162264,0.029819258167162264,0.029819258167162264,0.029819258167162264,3709.715100291034
2026-06-22 11:00:00+00:00,0.029813876925572264,0.029813876925572264,0.029813876925572264,0.029813876925572264,3688.4843318916387
2026-06-22 12:00:00+00:00,0.029798057138901154,0.029798057138901154,0.029798057138901154,0.029798057138901154,3686.52711003321
2026-06-22 13:00:00+00:00,0.029821052904016057,0.029821052904016057,0.029821052904016057,0.029821052904016057,3671.0330128634455
2026-06-22 14:00:00+00:00,0.029742512614057963,0.029742512614057963,0.029742512614057963,0.029742512614057963,2292.19027276691
2026-06-22 15:00:00+00:00,0.029791626586419415,0.029791626586419415,0.029791626586419415,0.029791626586419415,2295.9753793160944
2026-06-22 16:00:00+00:00,0.02975127022099486,0.02975127022099486,0.02975127022099486,0.02975127022099486,1994.7705285050936
2026-06-22 17:00:00+00:00,0.029750970883116453,0.029750970883116453,0.029750970883116453,0.029750970883116453,1994.7504584028231
2026-06-22 18:00:00+00:00,0.029746346577825638,0.029746346577825638,0.029746346577825638,0.029746346577825638,1994.4404068105541
2026-06-22 19:00:00+00:00,0.029730001679225154,0.029730001679225154,0.029730001679225154,0.029730001679225154,1994.3316323381612
2026-06-22 20:00:00+00:00,0.029732895362040435,0.029732895362040435,0.029732895362040435,0.029732895362040435,1994.5257320807666
2026-06-22 21:00:00+00:00,0.029749766130888804,0.029749766130888804,0.029749766130888804,0.029749766130888804,2043.2605768681506
2026-06-22 22:00:00+00:00,0.029540825620917727,0.029540825620917727,0.029540825620917727,0.029540825620917727,1260.8093031252895
2026-06-22 23:00:00+00:00,0.029542079686840573,0.029542079686840573,0.029542079686840573,0.029542079686840573,1260.8626880328113
2026-06-23 00:00:00+00:00,0.025615178317021557,0.025615178317021557,0.025615178317021557,0.025615178317021557,1703.985370113768
2026-06-23 01:00:00+00:00,0.025616351279931216,0.025616351279931216,0.025616351279931216,0.025616351279931216,1704.0661932287087
2026-06-23 02:00:00+00:00,0.02561541591734285,0.02561541591734285,0.02561541591734285,0.02561541591734285,1704.0026317016725
2026-06-23 03:00:00+00:00,0.025613840542476684,0.025613840542476684,0.025613840542476684,0.025613840542476684,1703.8929700421274
2026-06-23 04:00:00+00:00,0.025622690808573788,0.025622690808573788,0.025622690808573788,0.025622690808573788,1704.5017811101577
2026-06-23 05:00:00+00:00,0.025477254220403082,0.025477254220403082,0.025477254220403082,0.025477254220403082,1655.2316206221153
2026-06-23 06:00:00+00:00,0.025157472027278006,0.025157472027278006,0.025157472027278006,0.025157472027278006,1480.5708609263304
2026-06-23 07:00:00+00:00,0.025156754114965194,0.025156754114965194,0.025156754114965194,0.025156754114965194,1480.5286102562352
2026-06-23 08:00:00+00:00,0.02513293597975357,0.02513293597975357,0.02513293597975357,0.02513293597975357,1242.1039429054117
2026-06-23 09:00:00+00:00,0.025123703445270942,0.025123703445270942,0.025123703445270942,0.025123703445270942,601.8903295166267
2026-06-23 10:00:00+00:00,0.02512761365106605,0.02512761365106605,0.02512761365106605,0.02512761365106605,601.9840065917292
2026-06-23 11:00:00+00:00,0.025109400570575497,0.025109400570575497,0.025109400570575497,0.025109400570575497,601.5476745421231
2026-06-23 12:00:00+00:00,0.025075355845163978,0.025075355845163978,0.025075355845163978,0.025075355845163978,600.7320626622552
2026-06-23 13:00:00+00:00,0.025080977613453192,0.025080977613453192,0.025080977613453192,0.025080977613453192,600.8667437603438
2026-06-23 14:00:00+00:00,0.02508292335230461,0.02508292335230461,0.02508292335230461,0.02508292335230461,600.9133579627835
2026-06-23 15:00:00+00:00,0.02506713222490121,0.02506713222490121,0.02506713222490121,0.02506713222490121,600.5350488135382
2026-06-23 16:00:00+00:00,0.025065731853890973,0.025065731853890973,0.025065731853890973,0.025065731853890973,600.5015000268064
2026-06-23 17:00:00+00:00,0.025061086478686097,0.025061086478686097,0.025061086478686097,0.025061086478686097,3246.7828669110595
2026-06-23 18:00:00+00:00,0.025060359860397296,0.025060359860397296,0.025060359860397296,0.025060359860397296,3246.6887300581793
2026-06-23 19:00:00+00:00,0.02522048098697505,0.02522048098697505,0.02522048098697505,0.02522048098697505,3420.563193305657
2026-06-23 20:00:00+00:00,0.025222368511600552,0.025222368511600552,0.025222368511600552,0.025222368511600552,3420.8198528635567
2026-06-23 21:00:00+00:00,0.025225400201374013,0.025225400201374013,0.025225400201374013,0.025225400201374013,3421.2385830978988
2026-06-23 22:00:00+00:00,0.0250698553849405,0.0250698553849405,0.0250698553849405,0.0250698553849405,3247.918920394318
2026-06-23 23:00:00+00:00,0.025064273905473892,0.025064273905473892,0.025064273905473892,0.025064273905473892,3247.195813201035
2026-06-24 00:00:00+00:00,0.02506082390708226,0.02506082390708226,0.02506082390708226,0.02506082390708226,2646.3649295116934
2026-06-24 01:00:00+00:00,0.02505369785993709,0.02505369785993709,0.02505369785993709,0.02505369785993709,2645.612435446816
2026-06-24 02:00:00+00:00,0.025054557071193306,0.025054557071193306,0.025054557071193306,0.025054557071193306,2645.703166164366
2026-06-24 03:00:00+00:00,0.025033609623408407,0.025033609623408407,0.025033609623408407,0.025033609623408407,2643.4911642211623
2026-06-24 04:00:00+00:00,0.02503552655635858,0.02503552655635858,0.02503552655635858,0.02503552655635858,2643.6935878984677
2026-06-24 05:00:00+00:00,0.025025128969278207,0.025025128969278207,0.025025128969278207,0.025025128969278207,2642.5956267977845
2026-06-24 06:00:00+00:00,0.030044941193298345,0.030044941193298345,0.030044941193298345,0.030044941193298345,3355.341119325158
2026-06-24 07:00:00+00:00,0.030022654864868156,0.030022654864868156,0.030022654864868156,0.030022654864868156,3352.852239959427
2026-06-24 08:00:00+00:00,0.030019093044137277,0.030019093044137277,0.030019093044137277,0.030019093044137277,3352.4544650567873
2026-06-24 09:00:00+00:00,0.03001075829350069,0.03001075829350069,0.03001075829350069,0.03001075829350069,3351.5236617195355
2026-06-24 10:00:00+00:00,0.029994996031085085,0.029994996031085085,0.029994996031085085,0.029994996031085085,3349.763373127975
2026-06-24 11:00:00+00:00,0.02997167999922292,0.02997167999922292,0.02997167999922292,0.02997167999922292,3347.1594991532083
2026-06-24 12:00:00+00:00,0.02997343592767255,0.02997343592767255,0.02997343592767255,0.02997343592767255,3347.3555966889544
2026-06-24 13:00:00+00:00,0.029943175722194945,0.029943175722194945,0.029943175722194945,0.029943175722194945,3343.976215412585
2026-06-24 14:00:00+00:00,0.029943175722194945,0.029943175722194945,0.029943175722194945,0.029943175722194945,3343.976215412585
2026-06-24 15:00:00+00:00,0.029943175722194945,0.029943175722194945,0.029943175722194945,0.029943175722194945,3343.976215412585
2026-06-24 16:00:00+00:00,0.03023924099710815,0.03023924099710815,0.03023924099710815,0.03023924099710815,3407.279258549608
2026-06-24 17:00:00+00:00,0.03022352559124196,0.03022352559124196,0.03022352559124196,0.03022352559124196,224.1540429722529
2026-06-24 18:00:00+00:00,0.026202178094480087,0.026202178094480087,0.026202178094480087,0.026202178094480087,511.7272419962426
2026-06-24 19:00:00+00:00,0.026215488755241087,0.026215488755241087,0.026215488755241087,0.026215488755241087,511.98840808399154
2026-06-24 20:00:00+00:00,0.026213161282571545,0.026213161282571545,0.026213161282571545,0.026213161282571545,511.94261533248437
2026-06-24 21:00:00+00:00,0.026225098943497904,0.026225098943497904,0.026225098943497904,0.026225098943497904,512.1767944853011
2026-06-24 22:00:00+00:00,0.026226215292217882,0.026226215292217882,0.026226215292217882,0.026226215292217882,512.1988812985553
2026-06-24 23:00:00+00:00,0.026217271808374715,0.026217271808374715,0.026217271808374715,0.026217271808374715,512.0232397486311
2026-06-25 00:00:00+00:00,0.026226706639619478,0.026226706639619478,0.026226706639619478,0.026226706639619478,512.8766861453131
2026-06-25 01:00:00+00:00,0.026227088761482012,0.026227088761482012,0.026227088761482012,0.026227088761482012,512.8841655665145
2026-06-25 02:00:00+00:00,0.029839841472072977,0.029839841472072977,0.029839841472072977,0.029839841472072977,10.922834612101411
2026-06-25 03:00:00+00:00,0.029840503679484074,0.029840503679484074,0.029840503679484074,0.029840503679484074,53.5651995316753
2026-06-25 04:00:00+00:00,0.02666063295313573,0.02666063295313573,0.02666063295313573,0.02666063295313573,1402.0272969373718
2026-06-25 05:00:00+00:00,0.026656979846148423,0.026656979846148423,0.026656979846148423,0.026656979846148423,1401.8264587654696
2026-06-25 06:00:00+00:00,0.02670823151585875,0.02670823151585875,0.02670823151585875,0.02670823151585875,1242.1827318304618
2026-06-25 07:00:00+00:00,0.026697675187062713,0.026697675187062713,0.026697675187062713,0.026697675187062713,1241.6721830323374
2026-06-25 08:00:00+00:00,0.026696611899941786,0.026696611899941786,0.026696611899941786,0.026696611899941786,1241.62738511997
2026-06-25 09:00:00+00:00,0.026712844625127356,0.026712844625127356,0.026712844625127356,0.026712844625127356,1242.4166056427985
2026-06-25 10:00:00+00:00,0.026703176642921173,0.026703176642921173,0.026703176642921173,0.026703176642921173,1241.94840347021
2026-06-25 11:00:00+00:00,0.026677309653468723,0.026677309653468723,0.026677309653468723,0.026677309653468723,1240.695153734624
2026-06-25 12:00:00+00:00,0.02610908297201319,0.02610908297201319,0.02610908297201319,0.02610908297201319,882.1712400317623
2026-06-25 13:00:00+00:00,0.026146834593246123,0.026146834593246123,0.026146834593246123,0.026146834593246123,883.4467882596325
2026-06-25 14:00:00+00:00,0.028451215858407573,0.028451215858407573,0.028451215858407573,0.028451215858407573,1018.209437448371
2026-06-25 15:00:00+00:00,0.02620032333786965,0.02620032333786965,0.02620032333786965,0.02620032333786965,1791.3605261324067
2026-06-25 16:00:00+00:00,0.02620402068900887,0.02620402068900887,0.02620402068900887,0.02620402068900887,1791.6133202982128
2026-06-25 17:00:00+00:00,0.026495567069700392,0.026495567069700392,0.026495567069700392,0.026495567069700392,2113.045928145163
2026-06-25 18:00:00+00:00,0.02655013719923895,0.02655013719923895,0.02655013719923895,0.02655013719923895,1795.6920710150534
2026-06-25 19:00:00+00:00,0.026358476947257483,0.026358476947257483,0.026358476947257483,0.026358476947257483,1790.7514316546449
2026-06-25 20:00:00+00:00,0.026351642520538253,0.026351642520538253,0.026351642520538253,0.026351642520538253,1790.2804214966534
2026-06-25 21:00:00+00:00,0.026346755878582945,0.026346755878582945,0.026346755878582945,0.026346755878582945,1782.9464949717583
2026-06-25 22:00:00+00:00,0.026052182764105477,0.026052182764105477,0.026052182764105477,0.026052182764105477,1841.2397546771974
2026-06-25 23:00:00+00:00,0.026454517333803555,0.026454517333803555,0.026454517333803555,0.026454517333803555,2125.8580014856534
2026-06-26 00:00:00+00:00,0.026327701067245163,0.026327701067245163,0.026327701067245163,0.026327701067245163,1781.8796070100398
2026-06-26 01:00:00+00:00,0.025742454907335,0.025742454907335,0.025742454907335,0.025742454907335,2212.4593550977484
2026-06-26 02:00:00+00:00,0.02493060505392196,0.02493060505392196,0.02493060505392196,0.02493060505392196,766.3554858240569
2026-06-26 03:00:00+00:00,0.024928943809451216,0.024928943809451216,0.024928943809451216,0.024928943809451216,730.6809234960184
2026-06-26 04:00:00+00:00,0.026187879422201212,0.026187879422201212,0.026187879422201212,0.026187879422201212,905.6761074406719
2026-06-26 05:00:00+00:00,0.02619939524347412,0.02619939524347412,0.02619939524347412,0.02619939524347412,906.0743681786371
2026-06-26 06:00:00+00:00,0.026201174625345675,0.026201174625345675,0.026201174625345675,0.026201174625345675,906.2125414165092
2026-06-26 07:00:00+00:00,0.026194659058045036,0.026194659058045036,0.026194659058045036,0.026194659058045036,905.9871879411916
2026-06-26 08:00:00+00:00,0.02622140553391411,0.02622140553391411,0.02622140553391411,0.02622140553391411,906.8355674284103
2026-06-26 09:00:00+00:00,0.026256056353267353,0.026256056353267353,0.026256056353267353,0.026256056353267353,908.0339240683477
2026-06-26 10:00:00+00:00,0.02626981989145155,0.02626981989145155,0.02626981989145155,0.02626981989145155,908.5099193746613
2026-06-26 11:00:00+00:00,0.026251620582550803,0.026251620582550803,0.026251620582550803,0.026251620582550803,916.2595858980732
2026-06-26 12:00:00+00:00,0.02492987859916946,0.02492987859916946,0.02492987859916946,0.02492987859916946,7.977561151734227
2026-06-26 13:00:00+00:00,0.024930653747710488,0.024930653747710488,0.024930653747710488,0.024930653747710488,81.41975572209058
2026-06-26 14:00:00+00:00,0.024931342165663693,0.024931342165663693,0.024931342165663693,0.024931342165663693,780.3131892383844
2026-06-26 15:00:00+00:00,0.02492790809450851,0.02492790809450851,0.02492790809450851,0.02492790809450851,788.2556232631431
2026-06-26 16:00:00+00:00,0.024929016599765094,0.024929016599765094,0.024929016599765094,0.024929016599765094,788.2906757632809
2026-06-26 17:00:00+00:00,0.02492979759034284,0.02492979759034284,0.02492979759034284,0.02492979759034284,788.3153717872028
2026-06-26 18:00:00+00:00,0.024928540744808398,0.024928540744808398,0.024928540744808398,0.024928540744808398,788.2756285581944
2026-06-26 19:00:00+00:00,0.024930539557416087,0.024930539557416087,0.024930539557416087,0.024930539557416087,781.7110697112961
2026-06-26 20:00:00+00:00,0.024930879252967483,0.024930879252967483,0.024930879252967483,0.024930879252967483,781.7217210560955
2026-06-26 21:00:00+00:00,0.024930627040871983,0.024930627040871983,0.024930627040871983,0.024930627040871983,781.7138128041896
2026-06-26 22:00:00+00:00,0.02493057449026712,0.02493057449026712,0.02493057449026712,0.02493057449026712,706.9204415796585
2026-06-26 23:00:00+00:00,0.024930558858735866,0.024930558858735866,0.024930558858735866,0.024930558858735866,465.2426128633331
2026-06-27 00:00:00+00:00,0.0249297836909576,0.0249297836909576,0.0249297836909576,0.0249297836909576,464.3283918812807
2026-06-27 01:00:00+00:00,0.024930119694990344,0.024930119694990344,0.024930119694990344,0.024930119694990344,8.113459688625271
2026-06-27 02:00:00+00:00,0.024930165564757096,0.024930165564757096,0.024930165564757096,0.024930165564757096,8.050644242437567
2026-06-27 03:00:00+00:00,0.024931559724047734,0.024931559724047734,0.024931559724047734,0.024931559724047734,8.051094455270572
2026-06-27 04:00:00+00:00,0.0249307714843523,0.0249307714843523,0.0249307714843523,0.0249307714843523,8.050839910736995
2026-06-27 05:00:00+00:00,0.024930981485599173,0.024930981485599173,0.024930981485599173,0.024930981485599173,8.050907725983736
2026-06-27 06:00:00+00:00,0.024930922542586234,0.024930922542586234,0.024930922542586234,0.024930922542586234,7.977895213627595
2026-06-27 07:00:00+00:00,0.02493196837914125,0.02493196837914125,0.02493196837914125,0.02493196837914125,7.978229881325199
2026-06-27 08:00:00+00:00,0.03104026307402891,0.03104026307402891,0.03104026307402891,0.03104026307402891,9.949342569258205
2026-06-27 09:00:00+00:00,0.03134132323610903,0.03134132323610903,0.03134132323610903,0.03134132323610903,10.52317867383082
2026-06-27 10:00:00+00:00,0.03133956480336124,0.03133956480336124,0.03133956480336124,0.03133956480336124,10.52258826155462
2026-06-27 11:00:00+00:00,0.031340552023560966,0.031340552023560966,0.031340552023560966,0.031340552023560966,0.4939430835728528
2026-06-27 12:00:00+00:00,0.03134036141795382,0.03134036141795382,0.03134036141795382,0.03134036141795382,0.4939400795312754
2026-06-27 13:00:00+00:00,0.031340536929313934,0.031340536929313934,0.031340536929313934,0.031340536929313934,0.49394284567982155
2026-06-27 14:00:00+00:00,0.029739990845595712,0.029739990845595712,0.029739990845595712,0.029739990845595712,0.5187847274504709
2026-06-27 15:00:00+00:00,0.02853810155501065,0.02853810155501065,0.02853810155501065,0.02853810155501065,0.5129506294179315
2026-06-27 16:00:00+00:00,0.02853916963493539,0.02853916963493539,0.02853916963493539,0.02853916963493539,0.5129698273407017
2026-06-27 17:00:00+00:00,0.011342267016628518,0.011342267016628518,0.011342267016628518,0.011342267016628518,64.60975490259806
2026-06-27 18:00:00+00:00,0.01134287443932415,0.01134287443932415,0.01134287443932415,0.01134287443932415,64.61339298718335
2026-06-27 19:00:00+00:00,0.011342663809642174,0.011342663809642174,0.011342663809642174,0.011342663809642174,64.61213145144796
2026-06-27 20:00:00+00:00,0.01134232841228526,0.01134232841228526,0.01134232841228526,0.01134232841228526,64.61012262652818
2026-06-27 21:00:00+00:00,0.01134288675246603,0.01134288675246603,0.01134288675246603,0.01134288675246603,64.61346673477837
2026-06-27 22:00:00+00:00,0.011205582625591192,0.011205582625591192,0.011205582625591192,0.011205582625591192,64.10217558602801
2026-06-27 23:00:00+00:00,0.028567019294739378,0.028567019294739378,0.028567019294739378,0.028567019294739378,2231.8251079361435
2026-06-28 00:00:00+00:00,0.02907948378627062,0.02907948378627062,0.02907948378627062,0.02907948378627062,2167.65286262981
2026-06-28 01:00:00+00:00,0.029079514271352226,0.029079514271352226,0.029079514271352226,0.029079514271352226,2167.6551350592276
2026-06-28 02:00:00+00:00,0.029079243537494973,0.029079243537494973,0.029079243537494973,0.029079243537494973,2167.634953923104
2026-06-28 03:00:00+00:00,0.03094882599954789,0.03094882599954789,0.03094882599954789,0.03094882599954789,2420.973216004129
2026-06-28 04:00:00+00:00,0.03094700041853951,0.03094700041853951,0.03094700041853951,0.03094700041853951,2420.8304098529356
2026-06-28 05:00:00+00:00,0.030947872394661863,0.030947872394661863,0.030947872394661863,0.030947872394661863,2420.898620221796
2026-06-28 06:00:00+00:00,0.030946569065457823,0.030946569065457823,0.030946569065457823,0.030946569065457823,2420.796667239971
2026-06-28 07:00:00+00:00,0.030947648678582202,0.030947648678582202,0.030947648678582202,0.030947648678582202,2420.881120022051
2026-06-28 08:00:00+00:00,0.030946014433995625,0.030946014433995625,0.030946014433995625,0.030946014433995625,2421.289820057019
2026-06-28 09:00:00+00:00,0.03094744648136373,0.03094744648136373,0.03094744648136373,0.03094744648136373,2420.933395555755
2026-06-28 10:00:00+00:00,0.030946730110766846,0.030946730110766846,0.030946730110766846,0.030946730110766846,2420.8773558594703
2026-06-28 11:00:00+00:00,0.028533896026705623,0.028533896026705623,0.028533896026705623,0.028533896026705623,0.06316628458340699
2026-06-28 12:00:00+00:00,0.028535921758808827,0.028535921758808827,0.028535921758808827,0.028535921758808827,0.06317076900328435
2026-06-28 13:00:00+00:00,0.028535011833918662,0.028535011833918662,0.028535011833918662,0.028535011833918662,0.0631687546770771
2026-06-28 14:00:00+00:00,0.028535161649562678,0.028535161649562678,0.028535161649562678,0.028535161649562678,0.01513011315596267
2026-06-28 15:00:00+00:00,0.03078997253647959,0.03078997253647959,0.03078997253647959,0.03078997253647959,3309.438686202112
2026-06-28 16:00:00+00:00,0.030789046097720076,0.030789046097720076,0.030789046097720076,0.030789046097720076,3436.281532297685
2026-06-28 17:00:00+00:00,0.02851947201703661,0.02851947201703661,0.02851947201703661,0.02851947201703661,3183.3574874022443
2026-06-28 18:00:00+00:00,0.02852224907571694,0.02852224907571694,0.02852224907571694,0.02852224907571694,3183.667464057412
2026-06-28 19:00:00+00:00,0.031086954242247375,0.031086954242247375,0.031086954242247375,0.031086954242247375,3693.9105265834173
2026-06-28 20:00:00+00:00,0.031071195171654326,0.031071195171654326,0.031071195171654326,0.031071195171654326,3692.0379534037093
2026-06-28 21:00:00+00:00,0.030835862716342102,0.030835862716342102,0.030835862716342102,0.030835862716342102,3742.309819144317
2026-06-28 22:00:00+00:00,0.03107324968085122,0.03107324968085122,0.03107324968085122,0.03107324968085122,3658.7770114485315
2026-06-28 23:00:00+00:00,0.030407533711493028,0.030407533711493028,0.030407533711493028,0.030407533711493028,1424.1165234683638
2026-06-29 00:00:00+00:00,0.031076696640764533,0.031076696640764533,0.031076696640764533,0.031076696640764533,1376.1618772141032
2026-06-29 01:00:00+00:00,0.031085689864744585,0.031085689864744585,0.031085689864744585,0.031085689864744585,1376.5601219869523
2026-06-29 02:00:00+00:00,0.03108338004486681,0.03108338004486681,0.03108338004486681,0.03108338004486681,1376.457836789276
2026-06-29 03:00:00+00:00,0.031088510335109548,0.031088510335109548,0.031088510335109548,0.031088510335109548,1262.195400446644
2026-06-29 04:00:00+00:00,0.03108220116796521,0.03108220116796521,0.03108220116796521,0.03108220116796521,1261.939247878882
2026-06-29 05:00:00+00:00,0.03107118420349185,0.03107118420349185,0.03107118420349185,0.03107118420349185,1261.4919584547422
2026-06-29 06:00:00+00:00,0.031102745770442492,0.031102745770442492,0.031102745770442492,0.031102745770442492,1262.7733599823991
2026-06-29 07:00:00+00:00,0.031134875844574673,0.031134875844574673,0.031134875844574673,0.031134875844574673,1264.077842936021
2026-06-29 08:00:00+00:00,0.031112326327446718,0.031112326327446718,0.031112326327446718,0.031112326327446718,1263.1623311763901
2026-06-29 09:00:00+00:00,0.031100319054959403,0.031100319054959403,0.031100319054959403,0.031100319054959403,1262.6748351869705
2026-06-29 10:00:00+00:00,0.03111229766822962,0.03111229766822962,0.03111229766822962,0.03111229766822962,1263.1611676104424
2026-06-29 11:00:00+00:00,0.03193512382533147,0.03193512382533147,0.03193512382533147,0.03193512382533147,1319.3787621019144
2026-06-29 12:00:00+00:00,0.031936040613061274,0.031936040613061274,0.031936040613061274,0.031936040613061274,1319.416638587588
2026-06-29 13:00:00+00:00,0.03192883530510226,0.03192883530510226,0.03192883530510226,0.03192883530510226,1319.1189559999918
2026-06-29 14:00:00+00:00,0.031959575793524486,0.031959575793524486,0.031959575793524486,0.031959575793524486,1320.3889791814506
2026-06-29 15:00:00+00:00,0.03199315222783896,0.03199315222783896,0.03199315222783896,0.03199315222783896,385.6802320580335
2026-06-29 16:00:00+00:00,0.03199650332305972,0.03199650332305972,0.03199650332305972,0.03199650332305972,253.7998918408072
2026-06-29 17:00:00+00:00,0.03201434556201695,0.03201434556201695,0.03201434556201695,0.03201434556201695,253.51829431249777
2026-06-29 18:00:00+00:00,0.032004369759972236,0.032004369759972236,0.032004369759972236,0.032004369759972236,253.43929696695224
2026-06-29 19:00:00+00:00,0.032006101159853466,0.032006101159853466,0.032006101159853466,0.032006101159853466,22.86150082860393
2026-06-29 20:00:00+00:00,0.03199995479379768,0.03199995479379768,0.03199995479379768,0.03199995479379768,22.857110567135482
2026-06-29 21:00:00+00:00,0.03199323987504346,0.03199323987504346,0.03199323987504346,0.03199323987504346,22.85231419659673
2026-06-29 22:00:00+00:00,0.028597583953663568,0.028597583953663568,0.028597583953663568,0.028597583953663568,857.1709687700068
2026-06-29 23:00:00+00:00,0.028596071005870114,0.028596071005870114,0.028596071005870114,0.028596071005870114,857.125620361277
2026-06-30 00:00:00+00:00,0.02858778804387543,0.02858778804387543,0.02858778804387543,0.02858778804387543,856.8773506274152
2026-06-30 01:00:00+00:00,0.0285764375815113,0.0285764375815113,0.0285764375815113,0.0285764375815113,856.5371370332733
2026-06-30 02:00:00+00:00,0.028545634994701995,0.028545634994701995,0.028545634994701995,0.028545634994701995,855.613874312243
2026-06-30 03:00:00+00:00,0.02854670242771836,0.02854670242771836,0.02854670242771836,0.02854670242771836,855.6458690637653
2026-06-30 04:00:00+00:00,0.02853479255784921,0.02853479255784921,0.02853479255784921,0.02853479255784921,855.288888043613
2026-06-30 05:00:00+00:00,0.02853283622515195,0.02853283622515195,0.02853283622515195,0.02853283622515195,855.2302498175286
2026-06-30 06:00:00+00:00,0.02853283622515195,0.02853283622515195,0.02853283622515195,0.02853283622515195,855.2302498175286
2026-06-30 07:00:00+00:00,0.02853283622515195,0.02853283622515195,0.02853283622515195,0.02853283622515195,855.2302498175286
2026-06-30 08:00:00+00:00,0.011204615147234148,0.011204615147234148,0.011204615147234148,0.011204615147234148,50.27003812721694
2026-06-30 09:00:00+00:00,0.01120451347904864,0.01120451347904864,0.01120451347904864,0.01120451347904864,50.26958198807297
2026-06-30 10:00:00+00:00,0.011204645088601192,0.011204645088601192,0.011204645088601192,0.011204645088601192,50.270172460582536
2026-06-30 11:00:00+00:00,0.011204492467778014,0.011204492467778014,0.011204492467778014,0.011204492467778014,50.269487720009174
2026-06-30 12:00:00+00:00,0.02754599067378425,0.02754599067378425,0.02754599067378425,0.02754599067378425,885.032564435265
2026-06-30 13:00:00+00:00,0.027559703105294993,0.027559703105294993,0.027559703105294993,0.027559703105294993,885.4489432478575
2026-06-30 14:00:00+00:00,0.027553619436335892,0.027553619436335892,0.027553619436335892,0.027553619436335892,885.2662907966137
2026-06-30 15:00:00+00:00,0.027628849018524113,0.027628849018524113,0.027628849018524113,0.027628849018524113,887.5150997394808
2026-06-30 16:00:00+00:00,0.027675129711026595,0.027675129711026595,0.027675129711026595,0.027675129711026595,950.6223124917489
2026-06-30 17:00:00+00:00,0.03086072055483652,0.03086072055483652,0.03086072055483652,0.03086072055483652,2219.1956397303807
2026-06-30 18:00:00+00:00,0.028599383363487312,0.028599383363487312,0.028599383363487312,0.028599383363487312,2097.4390544880357
2026-06-30 19:00:00+00:00,0.02860266123576744,0.02860266123576744,0.02860266123576744,0.02860266123576744,2097.6794490884567
2026-06-30 20:00:00+00:00,0.02861597136935763,0.02861597136935763,0.02861597136935763,0.02861597136935763,2098.6555957996534
2026-06-30 21:00:00+00:00,0.0286041434167726,0.0286041434167726,0.0286041434167726,0.0286041434167726,2097.7881501847896
2026-06-30 22:00:00+00:00,0.028607911629891063,0.028607911629891063,0.028607911629891063,0.028607911629891063,1261.0182024562828
2026-06-30 23:00:00+00:00,0.02859509234439621,0.02859509234439621,0.02859509234439621,0.02859509234439621,1260.4531366604772
2026-07-01 00:00:00+00:00,0.028581758898378138,0.028581758898378138,0.028581758898378138,0.028581758898378138,1259.86540700206
2026-07-01 01:00:00+00:00,0.028572035810997334,0.028572035810997334,0.028572035810997334,0.028572035810997334,1259.4368196123237
2026-07-01 02:00:00+00:00,0.02856103132735066,0.02856103132735066,0.02856103132735066,0.02856103132735066,1258.9517491057234
2026-07-01 03:00:00+00:00,0.02856358945185808,0.02856358945185808,0.02856358945185808,0.02856358945185808,1259.0645095759644
2026-07-01 04:00:00+00:00,0.028558722269252754,0.028558722269252754,0.028558722269252754,0.028558722269252754,1258.8499673213812
2026-07-01 05:00:00+00:00,0.02857028275513486,0.02857028275513486,0.02857028275513486,0.02857028275513486,1259.3595460461472
2026-07-01 06:00:00+00:00,0.02857028275513486,0.02857028275513486,0.02857028275513486,0.02857028275513486,1259.3595460461472
2026-07-01 07:00:00+00:00,0.03421842005644119,0.03421842005644119,0.03421842005644119,0.03421842005644119,1539.301692353616
2026-07-01 08:00:00+00:00,0.03395900794082341,0.03395900794082341,0.03395900794082341,0.03395900794082341,1595.7395018248174
2026-07-01 09:00:00+00:00,0.03327469444865414,0.03327469444865414,0.03327469444865414,0.03327469444865414,1642.745874495609
2026-07-01 10:00:00+00:00,0.03325188254619114,0.03325188254619114,0.03325188254619114,0.03325188254619114,1641.6789877454378
2026-07-01 11:00:00+00:00,0.02818291195753967,0.02818291195753967,0.02818291195753967,0.02818291195753967,2569.9003297104
2026-07-01 12:00:00+00:00,0.02816082641097329,0.02816082641097329,0.02816082641097329,0.02816082641097329,2567.9322940964403
2026-07-01 13:00:00+00:00,0.03340744122134791,0.03340744122134791,0.03340744122134791,0.03340744122134791,3532.2348284387513
2026-07-01 14:00:00+00:00,0.02991800197434135,0.02991800197434135,0.02991800197434135,0.02991800197434135,3227.5844362656285
2026-07-01 15:00:00+00:00,0.02985820879850342,0.02985820879850342,0.02985820879850342,0.02985820879850342,3764.6408880332533
2026-07-01 16:00:00+00:00,0.02932100228444835,0.02932100228444835,0.02932100228444835,0.02932100228444835,3959.036093672159
2026-07-01 17:00:00+00:00,0.02848308079916445,0.02848308079916445,0.02848308079916445,0.02848308079916445,2657.5169695222426
2026-07-01 18:00:00+00:00,0.028483237234663197,0.028483237234663197,0.028483237234663197,0.028483237234663197,2847.951603405677
2026-07-01 19:00:00+00:00,0.02847834445878398,0.02847834445878398,0.02847834445878398,0.02847834445878398,2847.462628193801
2026-07-01 20:00:00+00:00,0.02847863943309247,0.02847863943309247,0.02847863943309247,0.02847863943309247,2847.4920847866674
2026-07-01 21:00:00+00:00,0.028472933719688866,0.028472933719688866,0.028472933719688866,0.028472933719688866,2846.9217608506788
2026-07-01 22:00:00+00:00,0.028479967885720187,0.028479967885720187,0.028479967885720187,0.028479967885720187,2847.624942133775
2026-07-01 23:00:00+00:00,0.02848780124279297,0.02848780124279297,0.02848780124279297,0.02848780124279297,2589.8366457240772
2026-07-02 00:00:00+00:00,0.02847629504364821,0.02847629504364821,0.02847629504364821,0.02847629504364821,2852.1459681645474
2026-07-02 01:00:00+00:00,0.028478274370091206,0.028478274370091206,0.028478274370091206,0.028478274370091206,2852.344178523016
2026-07-02 02:00:00+00:00,0.028427393218615288,0.028427393218615288,0.028427393218615288,0.028427393218615288,262.90399979340486
2026-07-02 03:00:00+00:00,0.028428230637424775,0.028428230637424775,0.028428230637424775,0.028428230637424775,262.91174446252813
2026-07-02 04:00:00+00:00,0.02842835345166632,0.02842835345166632,0.02842835345166632,0.02842835345166632,262.9128802808948
2026-07-02 05:00:00+00:00,0.028429401412211713,0.028429401412211713,0.028429401412211713,0.028429401412211713,287.3233192810386
2026-07-02 06:00:00+00:00,0.02952075059809213,0.02952075059809213,0.02952075059809213,0.02952075059809213,3005.490248084294
2026-07-02 07:00:00+00:00,0.02954117573932557,0.02954117573932557,0.02954117573932557,0.02954117573932557,3007.554291779229
2026-07-02 08:00:00+00:00,0.029594182909597255,0.029594182909597255,0.029594182909597255,0.029594182909597255,2924.22267156802
2026-07-02 09:00:00+00:00,0.029623037501102876,0.029623037501102876,0.029623037501102876,0.029623037501102876,2978.326489787301
2026-07-02 10:00:00+00:00,0.029606177147397418,0.029606177147397418,0.029606177147397418,0.029606177147397418,2976.6430254530947
2026-07-02 11:00:00+00:00,0.029533295664364797,0.029533295664364797,0.029533295664364797,0.029533295664364797,1746.7537465768617
2026-07-02 12:00:00+00:00,0.029519732018438598,0.029519732018438598,0.029519732018438598,0.029519732018438598,1745.9603278316563
2026-07-02 13:00:00+00:00,0.03333103510960139,0.03333103510960139,0.03333103510960139,0.03333103510960139,1738.2355212484983
2026-07-02 14:00:00+00:00,0.03328433187795284,0.03328433187795284,0.03328433187795284,0.03328433187795284,1673.0734887968804
2026-07-02 15:00:00+00:00,0.028653833053197623,0.028653833053197623,0.028653833053197623,0.028653833053197623,925.1106930470368
2026-07-02 16:00:00+00:00,0.028655499056480394,0.028655499056480394,0.028655499056480394,0.028655499056480394,606.6819050343661
2026-07-02 17:00:00+00:00,0.02863096858156396,0.02863096858156396,0.02863096858156396,0.02863096858156396,568.1847865990985
2026-07-02 18:00:00+00:00,0.02860230668940044,0.02860230668940044,0.02860230668940044,0.02860230668940044,335.5398115857823
2026-07-02 19:00:00+00:00,0.028611509934831886,0.028611509934831886,0.028611509934831886,0.028611509934831886,335.64769812543454
2026-07-02 20:00:00+00:00,0.02860707533352391,0.02860707533352391,0.02860707533352391,0.02860707533352391,335.59575187072164
2026-07-02 21:00:00+00:00,0.028615249530592617,0.028615249530592617,0.028615249530592617,0.028615249530592617,335.691537226227
2026-07-02 22:00:00+00:00,0.028618900223854844,0.028618900223854844,0.028618900223854844,0.028618900223854844,335.73435227235984
2026-07-02 23:00:00+00:00,0.028623165692648726,0.028623165692648726,0.028623165692648726,0.028623165692648726,306.3053569034955
2026-07-03 00:00:00+00:00,0.028595185188265843,0.028595185188265843,0.028595185188265843,0.028595185188265843,330.5480703678207
2026-07-03 01:00:00+00:00,0.028607375300312852,0.028607375300312852,0.028607375300312852,0.028607375300312852,330.68885355623354
2026-07-03 02:00:00+00:00,0.028431465232446596,0.028431465232446596,0.028431465232446596,0.028431465232446596,24.402518547546343
2026-07-03 03:00:00+00:00,0.028430031313601726,0.028430031313601726,0.028430031313601726,0.028430031313601726,24.40128782549521
2026-07-03 04:00:00+00:00,0.028430359826899947,0.028430359826899947,0.028430359826899947,0.028430359826899947,24.40156978605501
2026-07-03 05:00:00+00:00,0.028676356636323525,0.028676356636323525,0.028676356636323525,0.028676356636323525,283.71289698997236
2026-07-03 06:00:00+00:00,0.028675485234414974,0.028675485234414974,0.028675485234414974,0.028675485234414974,283.70427567300896
2026-07-03 07:00:00+00:00,0.028687168016177395,0.028687168016177395,0.028687168016177395,0.028687168016177395,283.8198606443062
2026-07-03 08:00:00+00:00,0.0286884291197822,0.0286884291197822,0.0286884291197822,0.0286884291197822,283.8323375206981
2026-07-03 09:00:00+00:00,0.03405045635864517,0.03405045635864517,0.03405045635864517,0.03405045635864517,334.69946120187757
2026-07-03 10:00:00+00:00,0.030944568219357562,0.030944568219357562,0.030944568219357562,0.030944568219357562,329.5446340307519
2026-07-03 11:00:00+00:00,0.029849733689030662,0.029849733689030662,0.029849733689030662,0.029849733689030662,607.7475690925705
2026-07-03 12:00:00+00:00,0.02985450331121971,0.02985450331121971,0.02985450331121971,0.02985450331121971,607.8363335702418
2026-07-03 13:00:00+00:00,0.030963176857000015,0.030963176857000015,0.030963176857000015,0.030963176857000015,78.5106862907957
2026-07-03 14:00:00+00:00,0.03094363842038547,0.03094363842038547,0.03094363842038547,0.03094363842038547,78.46114434376805
2026-07-03 15:00:00+00:00,0.030946364484435353,0.030946364484435353,0.030946364484435353,0.030946364484435353,76.95329301806572
2026-07-03 16:00:00+00:00,0.03093443401232872,0.03093443401232872,0.03093443401232872,0.03093443401232872,76.92362591076053
2026-07-03 17:00:00+00:00,0.029045878115899988,0.029045878115899988,0.029045878115899988,0.029045878115899988,354.87139289074014
2026-07-03 18:00:00+00:00,0.029048665431237762,0.029048665431237762,0.029048665431237762,0.029048665431237762,354.9027725523308
2026-07-03 19:00:00+00:00,0.029049039695303598,0.029049039695303598,0.029049039695303598,0.029049039695303598,354.90758558518127
2026-07-03 20:00:00+00:00,0.029045713394914338,0.029045713394914338,0.029045713394914338,0.029045713394914338,354.8687755354864
2026-07-03 21:00:00+00:00,0.029045998790939564,0.029045998790939564,0.029045998790939564,0.029045998790939564,354.87387040779316
2026-07-03 22:00:00+00:00,0.02904877305772589,0.02904877305772589,0.02904877305772589,0.02904877305772589,354.9027348626988
2026-07-03 23:00:00+00:00,0.028522766428035626,0.028522766428035626,0.028522766428035626,0.028522766428035626,277.94130126135025
2026-07-04 00:00:00+00:00,0.028523243587667873,0.028523243587667873,0.028523243587667873,0.028523243587667873,277.9459509635252
2026-07-04 01:00:00+00:00,0.028523243587667873,0.028523243587667873,0.028523243587667873,0.028523243587667873,277.9459509635252
2026-07-04 02:00:00+00:00,0.02852215707449893,0.02852215707449893,0.02852215707449893,0.02852215707449893,292.57257787376363
2026-07-04 03:00:00+00:00,0.028521953839574336,0.028521953839574336,0.028521953839574336,0.028521953839574336,292.57049314484044
2026-07-04 04:00:00+00:00,0.02852352129418719,0.02852352129418719,0.02852352129418719,0.02852352129418719,292.58657167058396
2026-07-04 05:00:00+00:00,0.028522591730391993,0.028522591730391993,0.028522591730391993,0.028522591730391993,292.5770364564293
2026-07-04 06:00:00+00:00,0.028523370263893347,0.028523370263893347,0.028523370263893347,0.028523370263893347,292.5850224426524
2026-07-04 07:00:00+00:00,0.030270037685171444,0.030270037685171444,0.030270037685171444,0.030270037685171444,430.84529333339094
2026-07-04 08:00:00+00:00,0.030270543006030957,0.030270543006030957,0.030270543006030957,0.030270543006030957,430.85248576295476
2026-07-04 09:00:00+00:00,0.029702529146705372,0.029702529146705372,0.029702529146705372,0.029702529146705372,374.15111589151786
2026-07-04 10:00:00+00:00,0.029356383893324935,0.029356383893324935,0.029356383893324935,0.029356383893324935,346.27049442906747
2026-07-04 11:00:00+00:00,0.03275099381734497,0.03275099381734497,0.03275099381734497,0.03275099381734497,68.34002057758235
2026-07-04 12:00:00+00:00,0.03275033467513889,0.03275033467513889,0.03275033467513889,0.03275033467513889,68.3386451752914
2026-07-04 13:00:00+00:00,0.03274959412122362,0.03274959412122362,0.03274959412122362,0.03274959412122362,68.33709989486142
2026-07-04 14:00:00+00:00,0.028909747876747,0.028909747876747,0.028909747876747,0.028909747876747,743.3781352280656
2026-07-04 15:00:00+00:00,0.028908842690151027,0.028908842690151027,0.028908842690151027,0.028908842690151027,743.3548594829217
2026-07-04 16:00:00+00:00,0.028908607488101604,0.028908607488101604,0.028908607488101604,0.028908607488101604,743.348811555363
2026-07-04 17:00:00+00:00,0.02891004632293126,0.02891004632293126,0.02891004632293126,0.02891004632293126,743.3858093997278
2026-07-04 18:00:00+00:00,0.027217556749122004,0.027217556749122004,0.027217556749122004,0.027217556749122004,3450.90008442386
2026-07-04 19:00:00+00:00,0.02721737358802211,0.02721737358802211,0.02721737358802211,0.02721737358802211,3450.8768615217855
2026-07-04 20:00:00+00:00,0.027216719512803387,0.027216719512803387,0.027216719512803387,0.027216719512803387,3450.7939316597
2026-07-04 21:00:00+00:00,0.02721773086515753,0.02721773086515753,0.02721773086515753,0.02721773086515753,3450.9221605068547
2026-07-04 22:00:00+00:00,0.027219464958871595,0.027219464958871595,0.027219464958871595,0.027219464958871595,3451.1420253609786
2026-07-04 23:00:00+00:00,0.0272210390274788,0.0272210390274788,0.0272210390274788,0.0272210390274788,3451.3416007137394
2026-07-05 00:00:00+00:00,0.027221296279790325,0.027221296279790325,0.027221296279790325,0.027221296279790325,3451.374217602601
2026-07-05 01:00:00+00:00,0.027222292640783227,0.027222292640783227,0.027222292640783227,0.027222292640783227,3451.5005457027387
2026-07-05 02:00:00+00:00,0.027221986627087778,0.027221986627087778,0.027221986627087778,0.027221986627087778,3437.4917631207877
2026-07-05 03:00:00+00:00,0.027221419812455214,0.027221419812455214,0.027221419812455214,0.027221419812455214,3437.420187865927
2026-07-05 04:00:00+00:00,0.02722166675660725,0.02722166675660725,0.02722166675660725,0.02722166675660725,3437.4513710598726
2026-07-05 05:00:00+00:00,0.027221073125807245,0.027221073125807245,0.027221073125807245,0.027221073125807245,3437.376409558594
2026-07-05 06:00:00+00:00,0.027220946241980532,0.027220946241980532,0.027220946241980532,0.027220946241980532,3437.3603871383652
2026-07-05 07:00:00+00:00,0.027222429484082503,0.027222429484082503,0.027222429484082503,0.027222429484082503,3436.61635701459
2026-07-05 08:00:00+00:00,0.027602252653823794,0.027602252653823794,0.027602252653823794,0.027602252653823794,3640.5741366726784
2026-07-05 09:00:00+00:00,0.02760204552722205,0.02760204552722205,0.02760204552722205,0.02760204552722205,3640.5468178969686
2026-07-05 10:00:00+00:00,0.027600952029060197,0.027600952029060197,0.027600952029060197,0.027600952029060197,3640.402591946411
2026-07-05 11:00:00+00:00,0.02760142141968719,0.02760142141968719,0.02760142141968719,0.02760142141968719,3640.46450179841
2026-07-05 12:00:00+00:00,0.027601492400420147,0.027601492400420147,0.027601492400420147,0.027601492400420147,3640.4738637379523
2026-07-05 13:00:00+00:00,0.0276003159558155,0.0276003159558155,0.0276003159558155,0.0276003159558155,3640.3186976413795
2026-07-05 14:00:00+00:00,0.02779389784748232,0.02779389784748232,0.02779389784748232,0.02779389784748232,3036.9951918106262
2026-07-05 15:00:00+00:00,0.027842286088017504,0.027842286088017504,0.027842286088017504,0.027842286088017504,3059.8254840969785
2026-07-05 16:00:00+00:00,0.027842050979930862,0.027842050979930862,0.027842050979930862,0.027842050979930862,3059.7996460708646
2026-07-05 17:00:00+00:00,0.027843021328738914,0.027843021328738914,0.027843021328738914,0.027843021328738914,3059.906285949571
2026-07-05 18:00:00+00:00,0.03433321379047997,0.03433321379047997,0.03433321379047997,0.03433321379047997,267.79906756540043
2026-07-05 19:00:00+00:00,0.03433324801510076,0.03433324801510076,0.03433324801510076,0.03433324801510076,267.79933451744256
2026-07-05 20:00:00+00:00,0.03434021951303361,0.03434021951303361,0.03434021951303361,0.03434021951303361,267.85371220131873
2026-07-05 21:00:00+00:00,0.03435818857570704,0.03435818857570704,0.03435818857570704,0.03435818857570704,377.94007433277744
2026-07-05 22:00:00+00:00,0.03433749079095372,0.03433749079095372,0.03433749079095372,0.03433749079095372,377.7123987004909
2026-07-05 23:00:00+00:00,0.034015169327379996,0.034015169327379996,0.034015169327379996,0.034015169327379996,571.8856125118155
2026-07-06 00:00:00+00:00,0.0340118771319471,0.0340118771319471,0.0340118771319471,0.0340118771319471,571.8302619362082
2026-07-06 01:00:00+00:00,0.03402070278457655,0.03402070278457655,0.03402070278457655,0.03402070278457655,571.9786446683719
2026-07-06 02:00:00+00:00,0.033991903391452,0.033991903391452,0.033991903391452,0.033991903391452,571.4944501486126
2026-07-06 03:00:00+00:00,0.03400714018313511,0.03400714018313511,0.03400714018313511,0.03400714018313511,571.7506212074877
2026-07-06 04:00:00+00:00,0.03400369479652303,0.03400369479652303,0.03400369479652303,0.03400369479652303,571.6926950800583
2026-07-06 05:00:00+00:00,0.03400687866057075,0.03400687866057075,0.03400687866057075,0.03400687866057075,571.7462243164869
2026-07-06 06:00:00+00:00,0.03397666095550999,0.03397666095550999,0.03397666095550999,0.03397666095550999,571.2381841947091
2026-07-06 07:00:00+00:00,0.033983693475791464,0.033983693475791464,0.033983693475791464,0.033983693475791464,367.4542587404655
2026-07-06 08:00:00+00:00,0.03398872893979894,0.03398872893979894,0.03398872893979894,0.03398872893979894,367.50870552081915
2026-07-06 09:00:00+00:00,0.033971388648898655,0.033971388648898655,0.033971388648898655,0.033971388648898655,367.3212107818012
2026-07-06 10:00:00+00:00,0.03395174695568723,0.03395174695568723,0.03395174695568723,0.03395174695568723,367.1088317528839
2026-07-06 11:00:00+00:00,0.0339710950378297,0.0339710950378297,0.0339710950378297,0.0339710950378297,367.3180360639684
2026-07-06 12:00:00+00:00,0.03394985634302107,0.03394985634302107,0.03394985634302107,0.03394985634302107,367.08838919338683
2026-07-06 13:00:00+00:00,0.03395259990486655,0.03395259990486655,0.03395259990486655,0.03395259990486655,367.11805440576165
2026-07-06 14:00:00+00:00,0.03394619753322314,0.03394619753322314,0.03394619753322314,0.03394619753322314,328.57647050822686
2026-07-06 15:00:00+00:00,0.0339501833083541,0.0339501833083541,0.0339501833083541,0.0339501833083541,305.9815946049718
2026-07-06 16:00:00+00:00,0.03397697610705427,0.03397697610705427,0.03397697610705427,0.03397697610705427,306.2230690970459
2026-07-06 17:00:00+00:00,0.03399658556329758,0.03399658556329758,0.03399658556329758,0.03399658556329758,306.39980253722115
2026-07-06 18:00:00+00:00,0.03401911266703378,0.03401911266703378,0.03401911266703378,0.03401911266703378,306.60283175389515
2026-07-06 19:00:00+00:00,0.03403435952926993,0.03403435952926993,0.03403435952926993,0.03403435952926993,306.74024660015283
2026-07-06 20:00:00+00:00,0.034023213421440546,0.034023213421440546,0.034023213421440546,0.034023213421440546,306.6397904754746
2026-07-06 21:00:00+00:00,0.034025526495338645,0.034025526495338645,0.034025526495338645,0.034025526495338645,197.77895264788157
2026-07-06 22:00:00+00:00,0.034031733147411966,0.034031733147411966,0.034031733147411966,0.034031733147411966,197.81502983089533
2026-07-06 23:00:00+00:00,0.034031733147411966,0.034031733147411966,0.034031733147411966,0.034031733147411966,197.81502983089533
2026-07-07 00:00:00+00:00,0.02721707196032044,0.02721707196032044,0.02721707196032044,0.02721707196032044,2.0012552703869773
2026-07-07 01:00:00+00:00,0.027217111872175286,0.027217111872175286,0.027217111872175286,0.027217111872175286,6.779692288198784
2026-07-07 02:00:00+00:00,0.027216823483737808,0.027216823483737808,0.027216823483737808,0.027216823483737808,6.7796204515955925
2026-07-07 03:00:00+00:00,0.02721877228910029,0.02721877228910029,0.02721877228910029,0.02721877228910029,6.7801058925471995
2026-07-07 04:00:00+00:00,0.02721930568239377,0.02721930568239377,0.02721930568239377,0.02721930568239377,6.780238759047339
2026-07-07 05:00:00+00:00,0.027220632035026268,0.027220632035026268,0.027220632035026268,0.027220632035026268,6.780569149088584
2026-07-07 06:00:00+00:00,0.027220179359608097,0.027220179359608097,0.027220179359608097,0.027220179359608097,6.780456389143442
2026-07-07 07:00:00+00:00,0.027222415257309788,0.027222415257309788,0.027222415257309788,0.027222415257309788,6.78101334384446
2026-07-07 08:00:00+00:00,0.02722119319827896,0.02722119319827896,0.02722119319827896,0.02722119319827896,6.780708932993451
2026-07-07 09:00:00+00:00,0.02722119319827896,0.02722119319827896,0.02722119319827896,0.02722119319827896,6.780708932993451
2026-07-07 10:00:00+00:00,0.02722119319827896,0.02722119319827896,0.02722119319827896,0.02722119319827896,6.780708932993451
2026-07-07 11:00:00+00:00,0.02722119319827896,0.02722119319827896,0.02722119319827896,0.02722119319827896,6.780708932993451
2026-07-07 12:00:00+00:00,0.02722119319827896,0.02722119319827896,0.02722119319827896,0.02722119319827896,6.780708932993451
2026-07-07 13:00:00+00:00,0.02722119319827896,0.02722119319827896,0.02722119319827896,0.02722119319827896,6.780708932993451
2026-07-07 14:00:00+00:00,0.02722119319827896,0.02722119319827896,0.02722119319827896,0.02722119319827896,6.780708932993451
2026-07-07 15:00:00+00:00,0.02722119319827896,0.02722119319827896,0.02722119319827896,0.02722119319827896,6.780708932993451
2026-07-07 16:00:00+00:00,0.02722119319827896,0.02722119319827896,0.02722119319827896,0.02722119319827896,6.780708932993451
2026-07-07 17:00:00+00:00,0.02722119319827896,0.02722119319827896,0.02722119319827896,0.02722119319827896,6.780708932993451
2026-07-07 18:00:00+00:00,0.02722119319827896,0.02722119319827896,0.02722119319827896,0.02722119319827896,6.780708932993451
2026-07-07 19:00:00+00:00,0.02722119319827896,0.02722119319827896,0.02722119319827896,0.02722119319827896,6.780708932993451
2026-07-07 20:00:00+00:00,0.02722119319827896,0.02722119319827896,0.02722119319827896,0.02722119319827896,6.780708932993451
2026-07-07 21:00:00+00:00,0.02722119319827896,0.02722119319827896,0.02722119319827896,0.02722119319827896,6.780708932993451
2026-07-07 22:00:00+00:00,0.02722119319827896,0.02722119319827896,0.02722119319827896,0.02722119319827896,6.780708932993451
2026-07-07 23:00:00+00:00,0.02722119319827896,0.02722119319827896,0.02722119319827896,0.02722119319827896,6.780708932993451
2026-07-08 00:00:00+00:00,0.027217289727071724,0.027217289727071724,0.027217289727071724,0.027217289727071724,4.778465308615607
2026-07-08 01:00:00+00:00,0.027217289727071724,0.027217289727071724,0.027217289727071724,0.027217289727071724,4.778465308615607
2026-07-08 02:00:00+00:00,0.027217289727071724,0.027217289727071724,0.027217289727071724,0.027217289727071724,4.778465308615607
2026-07-08 03:00:00+00:00,0.027217289727071724,0.027217289727071724,0.027217289727071724,0.027217289727071724,4.778465308615607
2026-07-08 04:00:00+00:00,0.027217289727071724,0.027217289727071724,0.027217289727071724,0.027217289727071724,4.778465308615607
2026-07-08 05:00:00+00:00,0.027217289727071724,0.027217289727071724,0.027217289727071724,0.027217289727071724,4.778465308615607
2026-07-08 06:00:00+00:00,0.027217289727071724,0.027217289727071724,0.027217289727071724,0.027217289727071724,4.778465308615607
2026-07-08 07:00:00+00:00,0.027217289727071724,0.027217289727071724,0.027217289727071724,0.027217289727071724,4.778465308615607
2026-07-08 08:00:00+00:00,0.027217289727071724,0.027217289727071724,0.027217289727071724,0.027217289727071724,4.778465308615607
2026-07-08 09:00:00+00:00,0.027217289727071724,0.027217289727071724,0.027217289727071724,0.027217289727071724,4.778465308615607
2026-07-08 10:00:00+00:00,0.03394498463297993,0.03394498463297993,0.03394498463297993,0.03394498463297993,28.553991111263535
2026-07-08 11:00:00+00:00,0.03393511369740544,0.03393511369740544,0.03393511369740544,0.03393511369740544,234.07464024099554
2026-07-08 12:00:00+00:00,0.03390561680200833,0.03390561680200833,0.03390561680200833,0.03390561680200833,339.05616802008325
2026-07-08 13:00:00+00:00,0.03389853354491775,0.03389853354491775,0.03389853354491775,0.03389853354491775,338.9853354491775
2026-07-08 14:00:00+00:00,0.03394282014768093,0.03394282014768093,0.03394282014768093,0.03394282014768093,339.4282014768093
2026-07-08 15:00:00+00:00,0.03393476839017431,0.03393476839017431,0.03393476839017431,0.03393476839017431,339.34768390174304
2026-07-08 16:00:00+00:00,0.033897358920645985,0.033897358920645985,0.033897358920645985,0.033897358920645985,338.97358920645985
2026-07-08 17:00:00+00:00,0.03152920906268736,0.03152920906268736,0.03152920906268736,0.03152920906268736,906.5652653947535
2026-07-08 18:00:00+00:00,0.031542308056826854,0.031542308056826854,0.031542308056826854,0.031542308056826854,906.9419032315882
2026-07-08 19:00:00+00:00,0.03202229358151918,0.03202229358151918,0.03202229358151918,0.03202229358151918,980.0650324205424
2026-07-08 20:00:00+00:00,0.03201976405184287,0.03201976405184287,0.03201976405184287,0.03201976405184287,979.987614368712
2026-07-08 21:00:00+00:00,0.03199175920223753,0.03199175920223753,0.03199175920223753,0.03199175920223753,979.1305060617594
2026-07-08 22:00:00+00:00,0.031995005318889116,0.031995005318889116,0.031995005318889116,0.031995005318889116,979.2298557667792
2026-07-08 23:00:00+00:00,0.0319942890625882,0.0319942890625882,0.0319942890625882,0.0319942890625882,979.2079342341135
2026-07-09 00:00:00+00:00,0.032005151267772744,0.032005151267772744,0.032005151267772744,0.032005151267772744,979.5403797364711
2026-07-09 01:00:00+00:00,0.03201689494322591,0.03201689494322591,0.03201689494322591,0.03201689494322591,979.8998032622858
2026-07-09 02:00:00+00:00,0.03200828683231613,0.03200828683231613,0.03200828683231613,0.03200828683231613,979.636345915722
2026-07-09 03:00:00+00:00,0.03200828683231613,0.03200828683231613,0.03200828683231613,0.03200828683231613,979.636345915722
2026-07-09 04:00:00+00:00,0.03200828683231613,0.03200828683231613,0.03200828683231613,0.03200828683231613,979.636345915722
2026-07-09 05:00:00+00:00,0.03200828683231613,0.03200828683231613,0.03200828683231613,0.03200828683231613,979.636345915722
2026-07-09 06:00:00+00:00,0.03200828683231613,0.03200828683231613,0.03200828683231613,0.03200828683231613,979.636345915722
2026-07-09 07:00:00+00:00,0.03200828683231613,0.03200828683231613,0.03200828683231613,0.03200828683231613,979.636345915722
2026-07-09 08:00:00+00:00,0.03200828683231613,0.03200828683231613,0.03200828683231613,0.03200828683231613,979.636345915722
2026-07-09 09:00:00+00:00,0.03200828683231613,0.03200828683231613,0.03200828683231613,0.03200828683231613,979.636345915722
2026-07-09 10:00:00+00:00,0.032019330801799556,0.032019330801799556,0.032019330801799556,0.032019330801799556,953.0401932709942
2026-07-09 11:00:00+00:00,0.030889080814105328,0.030889080814105328,0.030889080814105328,0.030889080814105328,801.2693171185014
2026-07-09 12:00:00+00:00,0.030905480290924218,0.030905480290924218,0.030905480290924218,0.030905480290924218,705.8170217239361
2026-07-09 13:00:00+00:00,0.030890812908430865,0.030890812908430865,0.030890812908430865,0.030890812908430865,705.4820491517421
2026-07-09 14:00:00+00:00,0.03092624948013297,0.03092624948013297,0.03092624948013297,0.03092624948013297,706.2913468964606
2026-07-09 15:00:00+00:00,0.030914805781700673,0.030914805781700673,0.030914805781700673,0.030914805781700673,706.0299965770688
2026-07-09 16:00:00+00:00,0.030929303092475338,0.030929303092475338,0.030929303092475338,0.030929303092475338,706.3610850642127
2026-07-09 17:00:00+00:00,0.03092367539609915,0.03092367539609915,0.03092367539609915,0.03092367539609915,126.31507188457816
2026-07-09 18:00:00+00:00,0.03092457521782635,0.03092457521782635,0.03092457521782635,0.03092457521782635,126.31874741941348
2026-07-09 19:00:00+00:00,0.030914825669195803,0.030914825669195803,0.030914825669195803,0.030914825669195803,69.00851684937267
2026-07-09 20:00:00+00:00,0.030899071897758538,0.030899071897758538,0.030899071897758538,0.030899071897758538,68.97335105502846
2026-07-09 21:00:00+00:00,0.030904742185849637,0.030904742185849637,0.030904742185849637,0.030904742185849637,68.98600835335719
2026-07-09 22:00:00+00:00,0.03090470486506286,0.03090470486506286,0.03090470486506286,0.03090470486506286,68.98592504536215
2026-07-09 23:00:00+00:00,0.030913009924053842,0.030913009924053842,0.030913009924053842,0.030913009924053842,69.00446371704825
2026-07-10 00:00:00+00:00,0.030912799400221083,0.030912799400221083,0.030912799400221083,0.030912799400221083,69.00399378273208
2026-07-10 01:00:00+00:00,0.030931839457068257,0.030931839457068257,0.030931839457068257,0.030931839457068257,69.04649527045876
2026-07-10 02:00:00+00:00,0.030951719836616133,0.030951719836616133,0.030951719836616133,0.030951719836616133,69.09087253855924
2026-07-10 03:00:00+00:00,0.030951719836616133,0.030951719836616133,0.030951719836616133,0.030951719836616133,69.09087253855924
2026-07-10 04:00:00+00:00,0.030951719836616133,0.030951719836616133,0.030951719836616133,0.030951719836616133,69.09087253855924
2026-07-10 05:00:00+00:00,0.030951719836616133,0.030951719836616133,0.030951719836616133,0.030951719836616133,69.09087253855924
2026-07-10 06:00:00+00:00,0.030951719836616133,0.030951719836616133,0.030951719836616133,0.030951719836616133,69.09087253855924
2026-07-10 07:00:00+00:00,0.030951719836616133,0.030951719836616133,0.030951719836616133,0.030951719836616133,69.09087253855924
2026-07-10 08:00:00+00:00,0.030951719836616133,0.030951719836616133,0.030951719836616133,0.030951719836616133,69.09087253855924
2026-07-10 09:00:00+00:00,0.030951719836616133,0.030951719836616133,0.030951719836616133,0.030951719836616133,69.09087253855924
2026-07-10 10:00:00+00:00,0.0309073049088016,0.0309073049088016,0.0309073049088016,0.0309073049088016,34.77292703702506
2026-07-10 11:00:00+00:00,0.030943240924995778,0.030943240924995778,0.030943240924995778,0.030943240924995778,13.708173069727598
2026-07-10 12:00:00+00:00,0.030943462232332238,0.030943462232332238,0.030943462232332238,0.030943462232332238,13.708271111147278
2026-07-10 13:00:00+00:00,0.030938005791618716,0.030938005791618716,0.030938005791618716,0.030938005791618716,13.705853851952387
2026-07-10 14:00:00+00:00,0.030915377941856625,0.030915377941856625,0.030915377941856625,0.030915377941856625,13.695829482446738
2026-07-10 15:00:00+00:00,0.030915383233017055,0.030915383233017055,0.030915383233017055,0.030915383233017055,13.69583182648507
2026-07-10 16:00:00+00:00,0.030955348592595883,0.030955348592595883,0.030955348592595883,0.030955348592595883,13.713536890645237
2026-07-10 17:00:00+00:00,0.030934106263128695,0.030934106263128695,0.030934106263128695,0.030934106263128695,13.7041263208395
2026-07-10 18:00:00+00:00,0.030913131482526026,0.030913131482526026,0.030913131482526026,0.030913131482526026,124.9821076150183
2026-07-10 19:00:00+00:00,0.030897154992948823,0.030897154992948823,0.030897154992948823,0.030897154992948823,124.91751450380997
2026-07-10 20:00:00+00:00,0.030899964593856025,0.030899964593856025,0.030899964593856025,0.030899964593856025,124.92887374909179
2026-07-10 21:00:00+00:00,0.030890209471595785,0.030890209471595785,0.030890209471595785,0.030890209471595785,125.03377607740836
2026-07-10 22:00:00+00:00,0.030904367799218145,0.030904367799218145,0.030904367799218145,0.030904367799218145,125.09107288181008
2026-07-10 23:00:00+00:00,0.030903607998131872,0.030903607998131872,0.030903607998131872,0.030903607998131872,125.08799744814723
2026-07-11 00:00:00+00:00,0.030901965164068665,0.030901965164068665,0.030901965164068665,0.030901965164068665,125.08134777723765
2026-07-11 01:00:00+00:00,0.03090117900802611,0.03090117900802611,0.03090117900802611,0.03090117900802611,125.07816566707591
2026-07-11 02:00:00+00:00,0.027215806255161887,0.027215806255161887,0.027215806255161887,0.027215806255161887,0.12900011842142306
2026-07-11 03:00:00+00:00,0.0272154715605341,0.0272154715605341,0.0272154715605341,0.0272154715605341,0.1289985320033609
2026-07-11 04:00:00+00:00,0.027216334894914096,0.027216334894914096,0.027216334894914096,0.027216334894914096,0.12900262411939864
2026-07-11 05:00:00+00:00,0.027216334894914096,0.027216334894914096,0.027216334894914096,0.027216334894914096,0.12900262411939864
2026-07-11 06:00:00+00:00,0.027216334894914096,0.027216334894914096,0.027216334894914096,0.027216334894914096,0.12900262411939864
2026-07-11 07:00:00+00:00,0.027216334894914096,0.027216334894914096,0.027216334894914096,0.027216334894914096,0.12900262411939864
2026-07-11 08:00:00+00:00,0.027216334894914096,0.027216334894914096,0.027216334894914096,0.027216334894914096,0.12900262411939864
2026-07-11 09:00:00+00:00,0.027216334894914096,0.027216334894914096,0.027216334894914096,0.027216334894914096,0.12900262411939864
2026-07-11 10:00:00+00:00,0.027216334894914096,0.027216334894914096,0.027216334894914096,0.027216334894914096,0.12900262411939864
2026-07-11 11:00:00+00:00,0.030910971539043035,0.030910971539043035,0.030910971539043035,0.030910971539043035,111.27949754055493
2026-07-11 12:00:00+00:00,0.03091166462480775,0.03091166462480775,0.03091166462480775,0.03091166462480775,111.28199264930788
2026-07-11 13:00:00+00:00,0.030901211911383227,0.030901211911383227,0.030901211911383227,0.030901211911383227,111.24436288097962
2026-07-11 14:00:00+00:00,0.030901353801400147,0.030901353801400147,0.030901353801400147,0.030901353801400147,111.24487368504053
2026-07-11 15:00:00+00:00,0.030900239590776552,0.030900239590776552,0.030900239590776552,0.030900239590776552,111.24086252679558
2026-07-11 16:00:00+00:00,0.03089758789980333,0.03089758789980333,0.03089758789980333,0.03089758789980333,111.23131643929199
2026-07-11 17:00:00+00:00,0.03089669273372772,0.03089669273372772,0.03089669273372772,0.03089669273372772,111.22809384141979
2026-07-11 18:00:00+00:00,0.03089669273372772,0.03089669273372772,0.03089669273372772,0.03089669273372772,111.22809384141979
2026-07-11 19:00:00+00:00,0.03089669273372772,0.03089669273372772,0.03089669273372772,0.03089669273372772,111.22809384141979
2026-07-11 20:00:00+00:00,0.03089669273372772,0.03089669273372772,0.03089669273372772,0.03089669273372772,111.22809384141979
2026-07-11 21:00:00+00:00,0.03089669273372772,0.03089669273372772,0.03089669273372772,0.03089669273372772,111.22809384141979
2026-07-11 22:00:00+00:00,0.03089669273372772,0.03089669273372772,0.03089669273372772,0.03089669273372772,111.22809384141979
2026-07-11 23:00:00+00:00,0.03089669273372772,0.03089669273372772,0.03089669273372772,0.03089669273372772,111.22809384141979
2026-07-12 00:00:00+00:00,0.03089669273372772,0.03089669273372772,0.03089669273372772,0.03089669273372772,111.22809384141979
2026-07-12 01:00:00+00:00,0.03089669273372772,0.03089669273372772,0.03089669273372772,0.03089669273372772,111.22809384141979
2026-07-12 02:00:00+00:00,0.03089669273372772,0.03089669273372772,0.03089669273372772,0.03089669273372772,111.22809384141979
2026-07-12 03:00:00+00:00,0.03089669273372772,0.03089669273372772,0.03089669273372772,0.03089669273372772,111.22809384141979
2026-07-12 04:00:00+00:00,0.03089669273372772,0.03089669273372772,0.03089669273372772,0.03089669273372772,111.22809384141979
2026-07-12 05:00:00+00:00,0.03089669273372772,0.03089669273372772,0.03089669273372772,0.03089669273372772,111.22809384141979
2026-07-12 06:00:00+00:00,0.03089669273372772,0.03089669273372772,0.03089669273372772,0.03089669273372772,111.22809384141979
2026-07-12 07:00:00+00:00,0.03197988766898659,0.03197988766898659,0.03197988766898659,0.03197988766898659,9.822394069668794
2026-07-12 08:00:00+00:00,0.03198115450471183,0.03198115450471183,0.03198115450471183,0.03198115450471183,9.822783169212974
2026-07-12 09:00:00+00:00,0.03198095963076213,0.03198095963076213,0.03198095963076213,0.03198095963076213,9.822723315071281
2026-07-12 10:00:00+00:00,0.031979719298560125,0.031979719298560125,0.031979719298560125,0.031979719298560125,9.822342355894953
2026-07-12 11:00:00+00:00,0.03197937455914316,0.03197937455914316,0.03197937455914316,0.03197937455914316,9.822236471645457
2026-07-12 12:00:00+00:00,0.03200766305718493,0.03200766305718493,0.03200766305718493,0.03200766305718493,9.830925081758206
2026-07-12 13:00:00+00:00,0.03200733359038998,0.03200733359038998,0.03200733359038998,0.03200733359038998,9.830823888385472
2026-07-12 14:00:00+00:00,0.032007300925417335,0.032007300925417335,0.032007300925417335,0.032007300925417335,9.830813855572446
2026-07-12 15:00:00+00:00,0.032008835461930264,0.032008835461930264,0.032008835461930264,0.032008835461930264,9.831285177501412
2026-07-12 16:00:00+00:00,0.032008835461930264,0.032008835461930264,0.032008835461930264,0.032008835461930264,9.831285177501412
2026-07-12 17:00:00+00:00,0.032008835461930264,0.032008835461930264,0.032008835461930264,0.032008835461930264,9.831285177501412
2026-07-12 18:00:00+00:00,0.032008835461930264,0.032008835461930264,0.032008835461930264,0.032008835461930264,9.831285177501412
2026-07-12 19:00:00+00:00,0.032008835461930264,0.032008835461930264,0.032008835461930264,0.032008835461930264,9.831285177501412
2026-07-12 20:00:00+00:00,0.032008835461930264,0.032008835461930264,0.032008835461930264,0.032008835461930264,9.831285177501412
2026-07-12 21:00:00+00:00,0.032008835461930264,0.032008835461930264,0.032008835461930264,0.032008835461930264,9.831285177501412
2026-07-12 22:00:00+00:00,0.14991875244881087,0.14991875244881087,0.14991875244881087,0.14991875244881087,58.54533471383599
2026-07-12 23:00:00+00:00,0.14991739185897518,0.14991739185897518,0.14991739185897518,0.14991739185897518,58.54480338479251
2026-07-13 00:00:00+00:00,0.14991905938730005,0.14991905938730005,0.14991905938730005,0.14991905938730005,58.54545457753744
2026-07-13 01:00:00+00:00,0.14991832429147586,0.14991832429147586,0.14991832429147586,0.14991832429147586,58.54516751250808
2026-07-13 02:00:00+00:00,0.14991980783808107,0.14991980783808107,0.14991980783808107,0.14991980783808107,58.545746857861126
2026-07-13 03:00:00+00:00,0.14991978384777457,0.14991978384777457,0.14991978384777457,0.14991978384777457,58.545737489316494
2026-07-13 04:00:00+00:00,0.14991601693828496,0.14991601693828496,0.14991601693828496,0.14991601693828496,58.54426645935324
2026-07-13 05:00:00+00:00,0.1499121589974677,0.1499121589974677,0.1499121589974677,0.1499121589974677,58.54275988040457
2026-07-13 06:00:00+00:00,0.14991215424798568,0.14991215424798568,0.14991215424798568,0.14991215424798568,58.5427580256665
2026-07-13 07:00:00+00:00,0.14991215424798568,0.14991215424798568,0.14991215424798568,0.14991215424798568,58.5427580256665
2026-07-13 08:00:00+00:00,0.14991215424798568,0.14991215424798568,0.14991215424798568,0.14991215424798568,58.5427580256665
2026-07-13 09:00:00+00:00,0.14991215424798568,0.14991215424798568,0.14991215424798568,0.14991215424798568,58.5427580256665
2026-07-13 10:00:00+00:00,0.14991215424798568,0.14991215424798568,0.14991215424798568,0.14991215424798568,58.5427580256665
2026-07-13 11:00:00+00:00,0.14991215424798568,0.14991215424798568,0.14991215424798568,0.14991215424798568,58.5427580256665
2026-07-13 12:00:00+00:00,0.14991215424798568,0.14991215424798568,0.14991215424798568,0.14991215424798568,58.5427580256665
2026-07-13 13:00:00+00:00,0.03199487604951281,0.03199487604951281,0.03199487604951281,0.03199487604951281,54.391289284171776
2026-07-13 14:00:00+00:00,0.03198224703367088,0.03198224703367088,0.03198224703367088,0.03198224703367088,54.36981995724049
2026-07-13 15:00:00+00:00,0.0319612915789989,0.0319612915789989,0.0319612915789989,0.0319612915789989,54.33419568429813
2026-07-13 16:00:00+00:00,0.031948396396647635,0.031948396396647635,0.031948396396647635,0.031948396396647635,54.31227387430098
2026-07-13 17:00:00+00:00,0.031914997766033945,0.031914997766033945,0.031914997766033945,0.031914997766033945,54.25549620225771
2026-07-13 18:00:00+00:00,0.03191260605758287,0.03191260605758287,0.03191260605758287,0.03191260605758287,54.251430297890884
2026-07-13 19:00:00+00:00,0.03191345334895917,0.03191345334895917,0.03191345334895917,0.03191345334895917,54.252870693230584
2026-07-13 20:00:00+00:00,0.03190250651579513,0.03190250651579513,0.03190250651579513,0.03190250651579513,54.23426107685172
2026-07-13 21:00:00+00:00,0.03189393396679851,0.03189393396679851,0.03189393396679851,0.03189393396679851,54.219687743557465
2026-07-13 22:00:00+00:00,0.1498856880466443,0.1498856880466443,0.1498856880466443,0.1498856880466443,47.98047017156044
2026-07-13 23:00:00+00:00,0.14984905070264698,0.14984905070264698,0.14984905070264698,0.14984905070264698,47.9687420538613
2026-07-14 00:00:00+00:00,0.14985944963763545,0.14985944963763545,0.14985944963763545,0.14985944963763545,47.97207089597113
2026-07-14 01:00:00+00:00,0.14986615298217515,0.14986615298217515,0.14986615298217515,0.14986615298217515,47.97421672875162
2026-07-14 02:00:00+00:00,0.1498621120392266,0.1498621120392266,0.1498621120392266,0.1498621120392266,47.972923167337356
2026-07-14 03:00:00+00:00,0.1498673949068649,0.1498673949068649,0.1498673949068649,0.1498673949068649,47.97461428592541
2026-07-14 04:00:00+00:00,0.149865980118838,0.149865980118838,0.149865980118838,0.149865980118838,47.97416139281995
2026-07-14 05:00:00+00:00,0.14986128449213998,0.14986128449213998,0.14986128449213998,0.14986128449213998,47.97265825813339
2026-07-14 06:00:00+00:00,0.14986109403554418,0.14986109403554418,0.14986109403554418,0.14986109403554418,47.97259729035766
2026-07-14 07:00:00+00:00,0.14986109403554418,0.14986109403554418,0.14986109403554418,0.14986109403554418,47.97259729035766
2026-07-14 08:00:00+00:00,0.14986109403554418,0.14986109403554418,0.14986109403554418,0.14986109403554418,47.97259729035766
2026-07-14 09:00:00+00:00,0.14986109403554418,0.14986109403554418,0.14986109403554418,0.14986109403554418,47.97259729035766
2026-07-14 10:00:00+00:00,0.14986109403554418,0.14986109403554418,0.14986109403554418,0.14986109403554418,47.97259729035766
2026-07-14 11:00:00+00:00,0.14986109403554418,0.14986109403554418,0.14986109403554418,0.14986109403554418,47.97259729035766
2026-07-14 12:00:00+00:00,0.14986109403554418,0.14986109403554418,0.14986109403554418,0.14986109403554418,47.97259729035766
2026-07-14 13:00:00+00:00,0.14986109403554418,0.14986109403554418,0.14986109403554418,0.14986109403554418,47.97259729035766
2026-07-14 14:00:00+00:00,0.03320961158261634,0.03320961158261634,0.03320961158261634,0.03320961158261634,29.622973531693773
2026-07-14 15:00:00+00:00,0.033218214052909756,0.033218214052909756,0.033218214052909756,0.033218214052909756,29.630646935195504
2026-07-14 16:00:00+00:00,0.03316162678293703,0.03316162678293703,0.03316162678293703,0.03316162678293703,29.580171090379828
2026-07-14 17:00:00+00:00,0.033170743586278514,0.033170743586278514,0.033170743586278514,0.033170743586278514,29.588303278960435
2026-07-14 18:00:00+00:00,0.03314609773730397,0.03314609773730397,0.03314609773730397,0.03314609773730397,29.566319181675137
2026-07-14 19:00:00+00:00,0.03313934313819389,0.03313934313819389,0.03313934313819389,0.03313934313819389,29.56029407926895
2026-07-14 20:00:00+00:00,0.03313652415761876,0.03313652415761876,0.03313652415761876,0.03313652415761876,29.55777954859593
2026-07-14 21:00:00+00:00,0.03314041120603755,0.03314041120603755,0.03314041120603755,0.03314041120603755,29.561246795785493
2026-07-14 22:00:00+00:00,0.03314152437741399,0.03314152437741399,0.03314152437741399,0.03314152437741399,29.562239744653276
2026-07-14 23:00:00+00:00,0.03314152437741399,0.03314152437741399,0.03314152437741399,0.03314152437741399,29.562239744653276
2026-07-15 00:00:00+00:00,0.03314152437741399,0.03314152437741399,0.03314152437741399,0.03314152437741399,29.562239744653276
2026-07-15 01:00:00+00:00,0.03314152437741399,0.03314152437741399,0.03314152437741399,0.03314152437741399,29.562239744653276
2026-07-15 02:00:00+00:00,0.03314152437741399,0.03314152437741399,0.03314152437741399,0.03314152437741399,29.562239744653276
2026-07-15 03:00:00+00:00,0.03314152437741399,0.03314152437741399,0.03314152437741399,0.03314152437741399,29.562239744653276
2026-07-15 04:00:00+00:00,0.03314152437741399,0.03314152437741399,0.03314152437741399,0.03314152437741399,29.562239744653276
2026-07-15 05:00:00+00:00,0.03314152437741399,0.03314152437741399,0.03314152437741399,0.03314152437741399,29.562239744653276
2026-07-15 06:00:00+00:00,0.03314152437741399,0.03314152437741399,0.03314152437741399,0.03314152437741399,29.562239744653276
2026-07-15 07:00:00+00:00,0.03431049968164606,0.03431049968164606,0.03431049968164606,0.03431049968164606,1384.7597139920974
2026-07-15 08:00:00+00:00,0.03429213058657922,0.03429213058657922,0.03429213058657922,0.03429213058657922,1384.018343768199
2026-07-15 09:00:00+00:00,0.04000318824349117,0.04000318824349117,0.04000318824349117,0.04000318824349117,1645.6667275684333
2026-07-15 10:00:00+00:00,0.03997594583670696,0.03997594583670696,0.03997594583670696,0.03997594583670696,1644.54601883515
2026-07-15 11:00:00+00:00,0.03997011014957767,0.03997011014957767,0.03997011014957767,0.03997011014957767,1644.3059480667225
2026-07-15 12:00:00+00:00,0.04408312734282858,0.04408312734282858,0.04408312734282858,0.04408312734282858,1708.0236221384819
2026-07-15 13:00:00+00:00,0.03922033272589646,0.03922033272589646,0.03922033272589646,0.03922033272589646,1505.6676908223683
2026-07-15 14:00:00+00:00,0.039230199037969,0.039230199037969,0.039230199037969,0.039230199037969,1506.1974835806466
2026-07-15 15:00:00+00:00,0.03429547813446033,0.03429547813446033,0.03429547813446033,0.03429547813446033,1422.2631189455406
2026-07-15 16:00:00+00:00,0.034287395677753574,0.034287395677753574,0.034287395677753574,0.034287395677753574,1421.928393330246
2026-07-15 17:00:00+00:00,0.03430997605038054,0.03430997605038054,0.03430997605038054,0.03430997605038054,1422.8625344629272
2026-07-15 18:00:00+00:00,0.034402365129012506,0.034402365129012506,0.034402365129012506,0.034402365129012506,1426.6849503734652
2026-07-15 19:00:00+00:00,0.03437953168624497,0.03437953168624497,0.03437953168624497,0.03437953168624497,1425.740026070641
2026-07-15 20:00:00+00:00,0.034373024597354265,0.034373024597354265,0.034373024597354265,0.034373024597354265,1466.1640819903014
2026-07-15 21:00:00+00:00,0.0343714192519373,0.0343714192519373,0.0343714192519373,0.0343714192519373,1466.0956369873822
2026-07-15 22:00:00+00:00,0.034374039042820076,0.034374039042820076,0.034374039042820076,0.034374039042820076,1466.2071902972132
2026-07-15 23:00:00+00:00,0.03442016077100458,0.03442016077100458,0.03442016077100458,0.03442016077100458,1456.5081819325842
2026-07-16 00:00:00+00:00,0.034429442578829766,0.034429442578829766,0.034429442578829766,0.034429442578829766,1456.9009467755625
2026-07-16 01:00:00+00:00,0.03440617595321635,0.03440617595321635,0.03440617595321635,0.03440617595321635,1469.9111291218899
2026-07-16 02:00:00+00:00,0.03438222469262308,0.03438222469262308,0.03438222469262308,0.03438222469262308,1468.8899433373704
2026-07-16 03:00:00+00:00,0.03437979174137976,0.03437979174137976,0.03437979174137976,0.03437979174137976,1468.7862731028288
2026-07-16 04:00:00+00:00,0.030321440631143386,0.030321440631143386,0.030321440631143386,0.030321440631143386,13.922343680747737
2026-07-16 05:00:00+00:00,0.030322012033054905,0.030322012033054905,0.030322012033054905,0.030322012033054905,13.922606044726045
2026-07-16 06:00:00+00:00,0.030319460525508546,0.030319460525508546,0.030319460525508546,0.030319460525508546,13.921434498644295
2026-07-16 07:00:00+00:00,0.03032005686525173,0.03032005686525173,0.03032005686525173,0.03032005686525173,13.92170831303709
2026-07-16 08:00:00+00:00,0.03392657464909093,0.03392657464909093,0.03392657464909093,0.03392657464909093,111.99923865694453
2026-07-16 09:00:00+00:00,0.0337457961531915,0.0337457961531915,0.0337457961531915,0.0337457961531915,85.13312287152247
2026-07-16 10:00:00+00:00,0.033748412905215,0.033748412905215,0.033748412905215,0.033748412905215,85.13930608348737
2026-07-16 11:00:00+00:00,0.033733881888743086,0.033733881888743086,0.033733881888743086,0.033733881888743086,85.10412993955141
2026-07-16 12:00:00+00:00,0.08090757122615884,0.08090757122615884,0.08090757122615884,0.08090757122615884,119.22322327048687
2026-07-16 13:00:00+00:00,0.09689701287301086,0.09689701287301086,0.09689701287301086,0.09689701287301086,88.67111603282615
2026-07-16 14:00:00+00:00,0.09688722629782333,0.09688722629782333,0.09688722629782333,0.09688722629782333,88.69598426264018
2026-07-16 15:00:00+00:00,0.14990488397207175,0.14990488397207175,0.14990488397207175,0.14990488397207175,47.98661505129773
2026-07-16 16:00:00+00:00,0.14993005331000056,0.14993005331000056,0.14993005331000056,0.14993005331000056,47.99467210253104
2026-07-16 17:00:00+00:00,0.1499296272384277,0.1499296272384277,0.1499296272384277,0.1499296272384277,47.994535711160665
2026-07-16 18:00:00+00:00,0.1499210931696929,0.1499210931696929,0.1499210931696929,0.1499210931696929,47.991803838386765
2026-07-16 19:00:00+00:00,0.14991797944021318,0.14991797944021318,0.14991797944021318,0.14991797944021318,47.99080709075614
2026-07-16 20:00:00+00:00,0.030317043407172888,0.030317043407172888,0.030317043407172888,0.030317043407172888,3.356896590047293
2026-07-16 21:00:00+00:00,0.03031701639457587,0.03031701639457587,0.03031701639457587,0.03031701639457587,3.356893599040103
2026-07-16 22:00:00+00:00,0.030319143191999878,0.030319143191999878,0.030319143191999878,0.030319143191999878,3.357129091628364
2026-07-16 23:00:00+00:00,0.029517230034616548,0.029517230034616548,0.029517230034616548,0.029517230034616548,3.2683361474292854
2026-07-17 00:00:00+00:00,0.02951774677783943,0.02951774677783943,0.02951774677783943,0.02951774677783943,27.668079812664786
2026-07-17 01:00:00+00:00,0.029517784158012667,0.029517784158012667,0.029517784158012667,0.029517784158012667,25.773400017003922
2026-07-17 02:00:00+00:00,0.029517308077295287,0.029517308077295287,0.029517308077295287,0.029517308077295287,25.772984327983917
2026-07-17 03:00:00+00:00,0.029517749549691094,0.029517749549691094,0.029517749549691094,0.029517749549691094,25.77336979881034
2026-07-17 04:00:00+00:00,0.03142164722060836,0.03142164722060836,0.03142164722060836,0.03142164722060836,40.30647944692243
2026-07-17 05:00:00+00:00,0.03141622431823813,0.03141622431823813,0.03141622431823813,0.03141622431823813,40.30034687157698
2026-07-17 06:00:00+00:00,0.03142087216080266,0.03142087216080266,0.03142087216080266,0.03142087216080266,40.30538043383852
2026-07-17 07:00:00+00:00,0.031435461827068016,0.031435461827068016,0.031435461827068016,0.031435461827068016,40.321437653718796
2026-07-17 08:00:00+00:00,0.031427693680190404,0.031427693680190404,0.031427693680190404,0.031427693680190404,40.31275193458006
2026-07-17 09:00:00+00:00,0.03269712463386985,0.03269712463386985,0.03269712463386985,0.03269712463386985,71.32730003697775
2026-07-17 10:00:00+00:00,0.03269414806306875,0.03269414806306875,0.03269414806306875,0.03269414806306875,71.32100737523555
2026-07-17 11:00:00+00:00,0.03035862953574975,0.03035862953574975,0.03035862953574975,0.03035862953574975,267.8528726356103
2026-07-17 12:00:00+00:00,0.030357235416108387,0.030357235416108387,0.030357235416108387,0.030357235416108387,267.84182938953444
2026-07-17 13:00:00+00:00,0.030355242412703695,0.030355242412703695,0.030355242412703695,0.030355242412703695,267.82796751893864
2026-07-17 14:00:00+00:00,0.03036322662191516,0.03036322662191516,0.03036322662191516,0.03036322662191516,267.8883924390878
2026-07-17 15:00:00+00:00,0.03075472597919673,0.03075472597919673,0.03075472597919673,0.03075472597919673,297.0791934885384
2026-07-17 16:00:00+00:00,0.030754230008289234,0.030754230008289234,0.030754230008289234,0.030754230008289234,297.07539819148906
2026-07-17 17:00:00+00:00,0.03075105243816495,0.03075105243816495,0.03075105243816495,0.03075105243816495,297.04742397223663
2026-07-17 18:00:00+00:00,0.030748388198243014,0.030748388198243014,0.030748388198243014,0.030748388198243014,297.028007437676
2026-07-17 19:00:00+00:00,0.03432804359717291,0.03432804359717291,0.03432804359717291,0.03432804359717291,76.07521326613892
2026-07-17 20:00:00+00:00,0.03434136389585842,0.03434136389585842,0.03434136389585842,0.03434136389585842,76.10473270439063
2026-07-17 21:00:00+00:00,0.03433295751460623,0.03433295751460623,0.03433295751460623,0.03433295751460623,76.08610311821143
2026-07-17 22:00:00+00:00,0.034338274691344615,0.034338274691344615,0.034338274691344615,0.034338274691344615,76.09788664304882
2026-07-17 23:00:00+00:00,0.029516497671302388,0.029516497671302388,0.029516497671302388,0.029516497671302388,196.5553103892479
2026-07-18 00:00:00+00:00,0.02951651665030346,0.02951651665030346,0.02951651665030346,0.02951651665030346,196.5554367736004
2026-07-18 01:00:00+00:00,0.02951573527269397,0.02951573527269397,0.02951573527269397,0.02951573527269397,196.55023344899615
2026-07-18 02:00:00+00:00,0.029514910587874053,0.029514910587874053,0.029514910587874053,0.029514910587874053,196.54474173441142
2026-07-18 03:00:00+00:00,0.029516585224529372,0.029516585224529372,0.029516585224529372,0.029516585224529372,196.5558934208764
2026-07-18 04:00:00+00:00,0.03064666030672122,0.03064666030672122,0.03064666030672122,0.03064666030672122,256.74589705538153
2026-07-18 05:00:00+00:00,0.030648584200420468,0.030648584200420468,0.030648584200420468,0.030648584200420468,256.7620146945861
2026-07-18 06:00:00+00:00,0.03064599487955531,0.03064599487955531,0.03064599487955531,0.03064599487955531,256.74401801671814
2026-07-18 07:00:00+00:00,0.03081479418231746,0.03081479418231746,0.03081479418231746,0.03081479418231746,269.06223665531104
2026-07-18 08:00:00+00:00,0.03433203048978622,0.03433203048978622,0.03433203048978622,0.03433203048978622,72.49995280216744
2026-07-18 09:00:00+00:00,0.0343311223255797,0.0343311223255797,0.0343311223255797,0.0343311223255797,41.498852743662496
2026-07-18 10:00:00+00:00,0.034330657838987255,0.034330657838987255,0.034330657838987255,0.034330657838987255,41.49829128049451
2026-07-18 11:00:00+00:00,0.03433095303463493,0.03433095303463493,0.03433095303463493,0.03433095303463493,41.4986481077662
2026-07-18 12:00:00+00:00,0.03433123273428733,0.03433123273428733,0.03433123273428733,0.03433123273428733,41.4989862037532
2026-07-18 13:00:00+00:00,0.034331571608164,0.034331571608164,0.034331571608164,0.034331571608164,41.499395828494656
2026-07-18 14:00:00+00:00,0.03433233759812741,0.03433233759812741,0.03433233759812741,0.03433233759812741,41.50032174359855
2026-07-18 15:00:00+00:00,0.0343321953513974,0.0343321953513974,0.0343321953513974,0.0343321953513974,12.317783749582372
2026-07-18 16:00:00+00:00,0.034331997876738095,0.034331997876738095,0.034331997876738095,0.034331997876738095,12.317712899171426
2026-07-18 17:00:00+00:00,0.03433241523936178,0.03433241523936178,0.03433241523936178,0.03433241523936178,12.317862641490292
2026-07-18 18:00:00+00:00,0.03433221894606432,0.03433221894606432,0.03433221894606432,0.03433221894606432,12.317792214931057
2026-07-18 19:00:00+00:00,0.03433077348726264,0.03433077348726264,0.03433077348726264,0.03433077348726264,12.317273609908693
2026-07-18 20:00:00+00:00,0.034330802781224745,0.034330802781224745,0.034330802781224745,0.034330802781224745,12.317284120063569
2026-07-18 21:00:00+00:00,0.03433066485856927,0.03433066485856927,0.03433066485856927,0.03433066485856927,12.31723463585707
2026-07-18 22:00:00+00:00,0.03433126903199077,0.03433126903199077,0.03433126903199077,0.03433126903199077,12.317451402582213
2026-07-18 23:00:00+00:00,0.02911597778802953,0.02911597778802953,0.02911597778802953,0.02911597778802953,36.581339299693376
2026-07-19 00:00:00+00:00,0.02911585914504122,0.02911585914504122,0.02911585914504122,0.02911585914504122,36.58119023654177
2026-07-19 01:00:00+00:00,0.02911723386058045,0.02911723386058045,0.02911723386058045,0.02911723386058045,56.09978331826067
2026-07-19 02:00:00+00:00,0.02911701626506242,0.02911701626506242,0.02911701626506242,0.02911701626506242,56.09936407989926
2026-07-19 03:00:00+00:00,0.029116264865058136,0.029116264865058136,0.029116264865058136,0.029116264865058136,56.097916367605315
2026-07-19 04:00:00+00:00,0.029117129199578477,0.029117129199578477,0.029117129199578477,0.029117129199578477,56.09958166931419
2026-07-19 05:00:00+00:00,0.029118113991205747,0.029118113991205747,0.029118113991205747,0.029118113991205747,56.10147905411276
2026-07-19 06:00:00+00:00,0.029117332612834234,0.029117332612834234,0.029117332612834234,0.029117332612834234,56.0999735829014
2026-07-19 07:00:00+00:00,0.029118890112936988,0.029118890112936988,0.029118890112936988,0.029118890112936988,56.10297439742592
2026-07-19 08:00:00+00:00,0.028918240302468097,0.028918240302468097,0.028918240302468097,0.028918240302468097,55.97273847870173
2026-07-19 09:00:00+00:00,0.028717166490470503,0.028717166490470503,0.028717166490470503,0.028717166490470503,55.58355137390578
2026-07-19 10:00:00+00:00,0.02871808322223245,0.02871808322223245,0.02871808322223245,0.02871808322223245,55.58532575533728
2026-07-19 11:00:00+00:00,0.0287198378708397,0.0287198378708397,0.0287198378708397,0.0287198378708397,55.58872196787923
2026-07-19 12:00:00+00:00,0.028719096273190373,0.028719096273190373,0.028719096273190373,0.028719096273190373,55.58728498797167
2026-07-19 13:00:00+00:00,0.028718939155609798,0.028718939155609798,0.028718939155609798,0.028718939155609798,55.58698087882963
2026-07-19 14:00:00+00:00,0.028719663088940726,0.028719663088940726,0.028719663088940726,0.028719663088940726,55.5883836685326
2026-07-19 15:00:00+00:00,0.028718953934962058,0.028718953934962058,0.028718953934962058,0.028718953934962058,55.58701106456701
2026-07-19 16:00:00+00:00,0.028719555815960342,0.028719555815960342,0.028719555815960342,0.028719555815960342,55.58817603616684
2026-07-19 17:00:00+00:00,0.028719630226511524,0.028719630226511524,0.028719630226511524,0.028719630226511524,55.588320061612244
2026-07-19 18:00:00+00:00,0.028718866970227668,0.028718866970227668,0.028718866970227668,0.028718866970227668,55.586842739854916
2026-07-19 19:00:00+00:00,0.028719254189804658,0.028719254189804658,0.028719254189804658,0.028719254189804658,55.587592223243455
2026-07-19 20:00:00+00:00,0.028718893684631732,0.028718893684631732,0.028718893684631732,0.028718893684631732,55.5868944469567
2026-07-19 21:00:00+00:00,0.027219443337175585,0.027219443337175585,0.027219443337175585,0.027219443337175585,57.134628183720764
2026-07-19 22:00:00+00:00,0.027618683818301765,0.027618683818301765,0.027618683818301765,0.027618683818301765,58.061857213570455
2026-07-19 23:00:00+00:00,0.027617901852295436,0.027617901852295436,0.027617901852295436,0.027617901852295436,58.060213311967324
2026-07-20 00:00:00+00:00,0.027618322186320942,0.027618322186320942,0.027618322186320942,0.027618322186320942,27.555437255221886
2026-07-20 01:00:00+00:00,0.027616993814554413,0.027616993814554413,0.027616993814554413,0.027616993814554413,9.042837009474699
2026-07-20 02:00:00+00:00,0.02761756052364432,0.02761756052364432,0.02761756052364432,0.02761756052364432,9.043022571233022
2026-07-20 03:00:00+00:00,0.027618156253495858,0.027618156253495858,0.027618156253495858,0.027618156253495858,9.043217635474456
2026-07-20 04:00:00+00:00,0.027218356978954864,0.027218356978954864,0.027218356978954864,0.027218356978954864,10.79037502684736
2026-07-20 05:00:00+00:00,0.027216636787135772,0.027216636787135772,0.027216636787135772,0.027216636787135772,10.789693078452736
2026-07-20 06:00:00+00:00,0.027217057623587514,0.027217057623587514,0.027217057623587514,0.027217057623587514,10.789859913766962
2026-07-20 07:00:00+00:00,0.027219406604733647,0.027219406604733647,0.027219406604733647,0.027219406604733647,10.79079113777572
2026-07-20 08:00:00+00:00,0.027220682404382152,0.027220682404382152,0.027220682404382152,0.027220682404382152,10.54999198705408
2026-07-20 09:00:00+00:00,0.027220314087653748,0.027220314087653748,0.027220314087653748,0.027220314087653748,10.549847740446705
2026-07-20 10:00:00+00:00,0.02722010076782663,0.02722010076782663,0.02722010076782663,0.02722010076782663,10.549765063527959
2026-07-20 11:00:00+00:00,0.027221642153650447,0.027221642153650447,0.027221642153650447,0.027221642153650447,10.550362462430051
2026-07-20 12:00:00+00:00,0.027224592641040744,0.027224592641040744,0.027224592641040744,0.027224592641040744,10.551505990481472
2026-07-20 13:00:00+00:00,0.027224222795127328,0.027224222795127328,0.027224222795127328,0.027224222795127328,10.551362648341428
2026-07-20 14:00:00+00:00,0.02762518208689196,0.02762518208689196,0.02762518208689196,0.02762518208689196,23.682380791308876
2026-07-20 15:00:00+00:00,0.02762549503581228,0.02762549503581228,0.02762549503581228,0.02762549503581228,23.682649074626468
2026-07-20 16:00:00+00:00,0.027622626427057834,0.027622626427057834,0.027622626427057834,0.027622626427057834,23.6801898877639
2026-07-20 17:00:00+00:00,0.027623457962787288,0.027623457962787288,0.027623457962787288,0.027623457962787288,23.680902742641184
2026-07-20 18:00:00+00:00,0.027621068152880558,0.027621068152880558,0.027621068152880558,0.027621068152880558,23.67885401810963
2026-07-20 19:00:00+00:00,0.02802071041465588,0.02802071041465588,0.02802071041465588,0.02802071041465588,102.0690371698025
2026-07-20 20:00:00+00:00,0.028019217098512066,0.028019217098512066,0.028019217098512066,0.028019217098512066,102.06359757392025
2026-07-20 21:00:00+00:00,0.027018192562761327,0.027018192562761327,0.027018192562761327,0.027018192562761327,94.00284367543398
2026-07-20 22:00:00+00:00,0.02701797139130853,0.02701797139130853,0.02701797139130853,0.02701797139130853,93.914806118723
2026-07-20 23:00:00+00:00,0.027016791489915693,0.027016791489915693,0.027016791489915693,0.027016791489915693,93.91070476673983
2026-07-21 00:00:00+00:00,0.027017961908810832,0.027017961908810832,0.027017961908810832,0.027017961908810832,89.81191651250215
2026-07-21 01:00:00+00:00,0.02701639726587595,0.02701639726587595,0.02701639726587595,0.02701639726587595,89.8067153955151
2026-07-21 02:00:00+00:00,0.0270172698803776,0.0270172698803776,0.0270172698803776,0.0270172698803776,89.80961610212778
2026-07-21 03:00:00+00:00,0.027019724031109523,0.027019724031109523,0.027019724031109523,0.027019724031109523,89.81980718080915
2026-07-21 04:00:00+00:00,0.027018601301489805,0.027018601301489805,0.027018601301489805,0.027018601301489805,87.95179147827751
2026-07-21 05:00:00+00:00,0.027018502266535235,0.027018502266535235,0.027018502266535235,0.027018502266535235,87.9514690966125
2026-07-21 06:00:00+00:00,0.027019154455512742,0.027019154455512742,0.027019154455512742,0.027019154455512742,87.95359212246103
2026-07-21 07:00:00+00:00,0.0270184677491394,0.0270184677491394,0.0270184677491394,0.0270184677491394,87.95135673451179
2026-07-21 08:00:00+00:00,0.027019023262549634,0.027019023262549634,0.027019023262549634,0.027019023262549634,87.95316505904626
2026-07-21 09:00:00+00:00,0.027018060669691472,0.027018060669691472,0.027018060669691472,0.027018060669691472,87.95003159682905
2026-07-21 10:00:00+00:00,0.027017593388019904,0.027017593388019904,0.027017593388019904,0.027017593388019904,87.94851048699509
2026-07-21 11:00:00+00:00,0.027018411314612897,0.027018411314612897,0.027018411314612897,0.027018411314612897,87.9511730270855
2026-07-21 12:00:00+00:00,0.027018411314612897,0.027018411314612897,0.027018411314612897,0.027018411314612897,87.9511730270855
2026-07-21 13:00:00+00:00,0.027018279703243237,0.027018279703243237,0.027018279703243237,0.027018279703243237,75.26019086320183
2026-07-21 14:00:00+00:00,0.02701890535780275,0.02701890535780275,0.02701890535780275,0.02701890535780275,75.26193364187169
2026-07-21 15:00:00+00:00,0.027093070245302633,0.027093070245302633,0.027093070245302633,0.027093070245302633,76.79621969478595
2026-07-21 16:00:00+00:00,0.03059149981373862,0.03059149981373862,0.03059149981373862,0.03059149981373862,1270.4537232212253
2026-07-21 17:00:00+00:00,0.03059061909136402,0.03059061909136402,0.03059061909136402,0.03059061909136402,1270.416323989199
2026-07-21 18:00:00+00:00,0.030593468241334264,0.030593468241334264,0.030593468241334264,0.030593468241334264,1270.5346882258914
2026-07-21 19:00:00+00:00,0.03080570948786324,0.03080570948786324,0.03080570948786324,0.03080570948786324,1194.782836584296
2026-07-21 20:00:00+00:00,0.02965184882079464,0.02965184882079464,0.02965184882079464,0.02965184882079464,2319.82268415399
2026-07-21 21:00:00+00:00,0.029641277346793622,0.029641277346793622,0.029641277346793622,0.029641277346793622,2318.9939003705636
2026-07-21 22:00:00+00:00,0.02963322201090981,0.02963322201090981,0.02963322201090981,0.02963322201090981,2367.7163835340443
2026-07-21 23:00:00+00:00,0.029631097123777896,0.029631097123777896,0.029631097123777896,0.029631097123777896,2367.5470421788496
2026-07-22 00:00:00+00:00,0.029640632644367917,0.029640632644367917,0.029640632644367917,0.029640632644367917,2368.3079732117435
2026-07-22 01:00:00+00:00,0.02964521773696716,0.02964521773696716,0.02964521773696716,0.02964521773696716,2368.6737944672304
2026-07-22 02:00:00+00:00,0.029644366212243853,0.029644366212243853,0.029644366212243853,0.029644366212243853,2368.6060022638126
2026-07-22 03:00:00+00:00,0.02965009143230437,0.02965009143230437,0.02965009143230437,0.02965009143230437,2369.0604972166725
2026-07-22 04:00:00+00:00,0.029678429110451078,0.029678429110451078,0.029678429110451078,0.029678429110451078,2335.831092139982
2026-07-22 05:00:00+00:00,0.029678557468232225,0.029678557468232225,0.029678557468232225,0.029678557468232225,2335.84119449732
2026-07-22 06:00:00+00:00,0.029678557468232225,0.029678557468232225,0.029678557468232225,0.029678557468232225,2335.84119449732
2026-07-22 07:00:00+00:00,0.029678557468232225,0.029678557468232225,0.029678557468232225,0.029678557468232225,2335.84119449732
2026-07-22 08:00:00+00:00,0.029678557468232225,0.029678557468232225,0.029678557468232225,0.029678557468232225,2335.84119449732
2026-07-22 09:00:00+00:00,0.029678557468232225,0.029678557468232225,0.029678557468232225,0.029678557468232225,2335.84119449732
2026-07-22 10:00:00+00:00,0.029678557468232225,0.029678557468232225,0.029678557468232225,0.029678557468232225,2335.84119449732
2026-07-22 11:00:00+00:00,0.029678557468232225,0.029678557468232225,0.029678557468232225,0.029678557468232225,2335.84119449732
2026-07-22 12:00:00+00:00,0.029678557468232225,0.029678557468232225,0.029678557468232225,0.029678557468232225,2335.84119449732
2026-07-22 13:00:00+00:00,0.029678557468232225,0.029678557468232225,0.029678557468232225,0.029678557468232225,2335.84119449732
2026-07-22 14:00:00+00:00,0.02968990285247857,0.02968990285247857,0.02968990285247857,0.02968990285247857,2335.249634124804
2026-07-22 15:00:00+00:00,0.02967982563769812,0.02967982563769812,0.02967982563769812,0.02967982563769812,2334.4570140800033
2026-07-22 16:00:00+00:00,0.029690258838558574,0.029690258838558574,0.029690258838558574,0.029690258838558574,1185.2465869095786
2026-07-22 17:00:00+00:00,0.02967612091805406,0.02967612091805406,0.02967612091805406,0.02967612091805406,1184.6821956688323
2026-07-22 18:00:00+00:00,0.02968146635625831,0.02968146635625831,0.02968146635625831,0.02968146635625831,1184.8955876241391
2026-07-22 19:00:00+00:00,0.02968345693559941,0.02968345693559941,0.02968345693559941,0.02968345693559941,1184.9750523193727
2026-07-22 20:00:00+00:00,0.029684637076340697,0.029684637076340697,0.029684637076340697,0.029684637076340697,49.43755249242002
2026-07-22 21:00:00+00:00,0.029685089456508648,0.029685089456508648,0.029685089456508648,0.029685089456508648,49.43830589790185
2026-07-22 22:00:00+00:00,0.029685089456508648,0.029685089456508648,0.029685089456508648,0.029685089456508648,49.43830589790185
2026-07-22 23:00:00+00:00,0.029685089456508648,0.029685089456508648,0.029685089456508648,0.029685089456508648,49.43830589790185
2026-07-23 00:00:00+00:00,0.029685089456508648,0.029685089456508648,0.029685089456508648,0.029685089456508648,49.43830589790185
2026-07-23 01:00:00+00:00,0.029685089456508648,0.029685089456508648,0.029685089456508648,0.029685089456508648,49.43830589790185
2026-07-23 02:00:00+00:00,0.027013194379716356,0.027013194379716356,0.027013194379716356,0.027013194379716356,0.0012853688281700435
2026-07-23 03:00:00+00:00,0.027012975120284347,0.027012975120284347,0.027012975120284347,0.027012975120284347,0.00128535839514849
2026-07-23 04:00:00+00:00,0.027014257224069745,0.027014257224069745,0.027014257224069745,0.027014257224069745,0.0012854194014929106
2026-07-23 05:00:00+00:00,0.030311527667510794,0.030311527667510794,0.030311527667510794,0.030311527667510794,1202.0969592302085
2026-07-23 06:00:00+00:00,0.03030467603377244,0.03030467603377244,0.03030467603377244,0.03030467603377244,1201.825236651682
2026-07-23 07:00:00+00:00,0.030296284461817632,0.030296284461817632,0.030296284461817632,0.030296284461817632,1201.492443114677
2026-07-23 08:00:00+00:00,0.030287818421028477,0.030287818421028477,0.030287818421028477,0.030287818421028477,1201.2077101228053
2026-07-23 09:00:00+00:00,0.030258411218814067,0.030258411218814067,0.030258411218814067,0.030258411218814067,1200.04144208901
2026-07-23 10:00:00+00:00,0.03026339414676247,0.03026339414676247,0.03026339414676247,0.03026339414676247,1200.2390609422391
2026-07-23 11:00:00+00:00,0.030243710816850494,0.030243710816850494,0.030243710816850494,0.030243710816850494,1199.458433965837
2026-07-23 12:00:00+00:00,0.02963269736064834,0.02963269736064834,0.02963269736064834,0.02963269736064834,1733.3127577792372
2026-07-23 13:00:00+00:00,0.02961565893313937,0.02961565893313937,0.02961565893313937,0.02961565893313937,1732.3161340640017
2026-07-23 14:00:00+00:00,0.029572648180516452,0.029572648180516452,0.029572648180516452,0.029572648180516452,1734.7129797043413
2026-07-23 15:00:00+00:00,0.029571842460015926,0.029571842460015926,0.029571842460015926,0.029571842460015926,1734.6658226787088
2026-07-23 16:00:00+00:00,0.029579292311491808,0.029579292311491808,0.029579292311491808,0.029579292311491808,1735.1026818184096
2026-07-23 17:00:00+00:00,0.029594442749716544,0.029594442749716544,0.029594442749716544,0.029594442749716544,1735.9907114632856
2026-07-23 18:00:00+00:00,0.029584360430504743,0.029584360430504743,0.029584360430504743,0.029584360430504743,1735.3998006474596
2026-07-23 19:00:00+00:00,0.02958744714764591,0.02958744714764591,0.02958744714764591,0.02958744714764591,1735.5806222155072
2026-07-23 20:00:00+00:00,0.024916765951453042,0.024916765951453042,0.024916765951453042,0.024916765951453042,4.289376856865716
2026-07-23 21:00:00+00:00,0.024916755222788772,0.024916755222788772,0.024916755222788772,0.024916755222788772,4.289375009945281
2026-07-23 22:00:00+00:00,0.024916755222788772,0.024916755222788772,0.024916755222788772,0.024916755222788772,4.289375009945281
2026-07-23 23:00:00+00:00,0.024916755222788772,0.024916755222788772,0.024916755222788772,0.024916755222788772,4.289375009945281
2026-07-24 00:00:00+00:00,0.024916755222788772,0.024916755222788772,0.024916755222788772,0.024916755222788772,4.289375009945281
2026-07-24 01:00:00+00:00,0.024916755222788772,0.024916755222788772,0.024916755222788772,0.024916755222788772,4.289375009945281
2026-07-24 02:00:00+00:00,0.02491665293821219,0.02491665293821219,0.02491665293821219,0.02491665293821219,4.2881717927409335
2026-07-24 03:00:00+00:00,0.024916689809269525,0.024916689809269525,0.024916689809269525,0.024916689809269525,4.288178138273315
2026-07-24 04:00:00+00:00,0.024917477365110154,0.024917477365110154,0.024917477365110154,0.024917477365110154,4.288313677133584
2026-07-24 05:00:00+00:00,0.02957122901184871,0.02957122901184871,0.02957122901184871,0.02957122901184871,561.8913660401354
2026-07-24 06:00:00+00:00,0.029566115767091897,0.029566115767091897,0.029566115767091897,0.029566115767091897,561.7944119847049
2026-07-24 07:00:00+00:00,0.029590344224750355,0.029590344224750355,0.029590344224750355,0.029590344224750355,562.2536928128253
2026-07-24 08:00:00+00:00,0.029596215371316723,0.029596215371316723,0.029596215371316723,0.029596215371316723,562.3146585514523
2026-07-24 09:00:00+00:00,0.029443730044878984,0.029443730044878984,0.029443730044878984,0.029443730044878984,572.6996688689205
2026-07-24 10:00:00+00:00,0.029458465036385568,0.029458465036385568,0.029458465036385568,0.029458465036385568,572.9829935739923
2026-07-24 11:00:00+00:00,0.029444523576152053,0.029444523576152053,0.029444523576152053,0.029444523576152053,572.7152721173596
2026-07-24 12:00:00+00:00,0.02311616370438134,0.02311616370438134,0.02311616370438134,0.02311616370438134,14.973364548768904
2026-07-24 13:00:00+00:00,0.023120921286172567,0.023120921286172567,0.023120921286172567,0.023120921286172567,14.976446245517621
2026-07-24 14:00:00+00:00,0.023118315120259587,0.023118315120259587,0.023118315120259587,0.023118315120259587,11.03630727224177
2026-07-24 15:00:00+00:00,0.02312206318188536,0.02312206318188536,0.02312206318188536,0.02312206318188536,11.038096535843469
2026-07-24 16:00:00+00:00,0.02312113999413669,0.02312113999413669,0.02312113999413669,0.02312113999413669,11.037655821041751
2026-07-24 17:00:00+00:00,0.029417262486261794,0.029417262486261794,0.029417262486261794,0.029417262486261794,63.30702652647829
2026-07-24 18:00:00+00:00,0.029397415848848963,0.029397415848848963,0.029397415848848963,0.029397415848848963,63.26772859382608
2026-07-24 19:00:00+00:00,0.029397178129923127,0.029397178129923127,0.029397178129923127,0.029397178129923127,63.26709371673652
2026-07-24 20:00:00+00:00,0.02939914029093097,0.02939914029093097,0.02939914029093097,0.02939914029093097,63.27122545315575
2026-07-24 21:00:00+00:00,0.02940191266734003,0.02940191266734003,0.02940191266734003,0.02940191266734003,63.27684350098964
2026-07-24 22:00:00+00:00,0.030744143999382682,0.030744143999382682,0.030744143999382682,0.030744143999382682,52.265044798950555
2026-07-24 23:00:00+00:00,0.02960410041010422,0.02960410041010422,0.02960410041010422,0.02960410041010422,124.88073115014802
2026-07-25 00:00:00+00:00,0.02960383321444577,0.02960383321444577,0.02960383321444577,0.02960383321444577,124.87960402286751
2026-07-25 01:00:00+00:00,0.02960412650737124,0.02960412650737124,0.02960412650737124,0.02960412650737124,124.88084123779609
2026-07-25 02:00:00+00:00,0.029602844528073404,0.029602844528073404,0.029602844528073404,0.029602844528073404,124.8754333885517
2026-07-25 03:00:00+00:00,0.029602660234044138,0.029602660234044138,0.029602660234044138,0.029602660234044138,124.87465597012645
2026-07-25 04:00:00+00:00,0.02960304233004192,0.02960304233004192,0.02960304233004192,0.02960304233004192,124.87626778831758
2026-07-25 05:00:00+00:00,0.029603365115411364,0.029603365115411364,0.029603365115411364,0.029603365115411364,124.87762941297032
2026-07-25 06:00:00+00:00,0.02960242981714267,0.02960242981714267,0.02960242981714267,0.02960242981714267,147.64478384817383
2026-07-25 07:00:00+00:00,0.02960274219799124,0.02960274219799124,0.02960274219799124,0.02960274219799124,147.64634187578002
2026-07-25 08:00:00+00:00,0.0341452880274876,0.0341452880274876,0.0341452880274876,0.0341452880274876,201.29879921907076
2026-07-25 09:00:00+00:00,0.03414722733379387,0.03414722733379387,0.03414722733379387,0.03414722733379387,201.3102321298272
2026-07-25 10:00:00+00:00,0.03414633978651431,0.03414633978651431,0.03414633978651431,0.03414633978651431,201.30499971821357
2026-07-25 11:00:00+00:00,0.03415169554077514,0.03415169554077514,0.03415169554077514,0.03415169554077514,237.48831162649873
2026-07-25 12:00:00+00:00,0.0341470549345834,0.0341470549345834,0.0341470549345834,0.0341470549345834,237.45604120150367
2026-07-25 13:00:00+00:00,0.03414651447142062,0.03414651447142062,0.03414651447142062,0.03414651447142062,237.45228286148597
2026-07-25 14:00:00+00:00,0.03414560545347903,0.03414560545347903,0.03414560545347903,0.03414560545347903,237.4459616193699
2026-07-25 15:00:00+00:00,0.03414451783859584,0.03414451783859584,0.03414451783859584,0.03414451783859584,237.43839842760983
2026-07-25 16:00:00+00:00,0.03414476547408988,0.03414476547408988,0.03414476547408988,0.03414476547408988,237.44012046613372
2026-07-25 17:00:00+00:00,0.03414478569081434,0.03414478569081434,0.03414478569081434,0.03414478569081434,179.39412537732446
2026-07-25 18:00:00+00:00,0.03414465877709017,0.03414465877709017,0.03414465877709017,0.03414465877709017,179.3934585822023
2026-07-25 19:00:00+00:00,0.034144971100035434,0.034144971100035434,0.034144971100035434,0.034144971100035434,179.39509950336983
2026-07-25 20:00:00+00:00,0.03414461208344478,0.03414461208344478,0.03414461208344478,0.03414461208344478,179.39321325731575
2026-07-25 21:00:00+00:00,0.03414435900643033,0.03414435900643033,0.03414435900643033,0.03414435900643033,179.3918836097944
2026-07-25 22:00:00+00:00,0.03414276358871781,0.03414276358871781,0.03414276358871781,0.03414276358871781,179.38350140562008
2026-07-25 23:00:00+00:00,0.0330050886828787,0.0330050886828787,0.0330050886828787,0.0330050886828787,135.82753628775762
2026-07-26 00:00:00+00:00,0.03300538397382322,0.03300538397382322,0.03300538397382322,0.03300538397382322,135.828751513745
2026-07-26 01:00:00+00:00,0.03300471157147698,0.03300471157147698,0.03300471157147698,0.03300471157147698,135.82598434184123
2026-07-26 02:00:00+00:00,0.03300481666218938,0.03300481666218938,0.03300481666218938,0.03300481666218938,135.82641682704644
2026-07-26 03:00:00+00:00,0.033005305149332066,0.033005305149332066,0.033005305149332066,0.033005305149332066,135.82842712326885
2026-07-26 04:00:00+00:00,0.03300494531513678,0.03300494531513678,0.03300494531513678,0.03300494531513678,135.82694627912727
2026-07-26 05:00:00+00:00,0.0330058391815473,0.0330058391815473,0.0330058391815473,0.0330058391815473,135.83062485346707
2026-07-26 06:00:00+00:00,0.03300666095725557,0.03300666095725557,0.03300666095725557,0.03300666095725557,110.44426755137447
2026-07-26 07:00:00+00:00,0.03300032372412791,0.03300032372412791,0.03300032372412791,0.03300032372412791,110.42306240517708
2026-07-26 08:00:00+00:00,0.0329975471879372,0.0329975471879372,0.0329975471879372,0.0329975471879372,80.45955654038664
2026-07-26 09:00:00+00:00,0.03299494648683965,0.03299494648683965,0.03299494648683965,0.03299494648683965,80.45321512186206
2026-07-26 10:00:00+00:00,0.03299557169638686,0.03299557169638686,0.03299557169638686,0.03299557169638686,80.4547396013219
2026-07-26 11:00:00+00:00,0.032995314345480795,0.032995314345480795,0.032995314345480795,0.032995314345480795,45.52647719281967
2026-07-26 12:00:00+00:00,0.03299521570964288,0.03299521570964288,0.03299521570964288,0.03299521570964288,45.52634109645829
2026-07-26 13:00:00+00:00,0.032995460461108995,0.032995460461108995,0.032995460461108995,0.032995460461108995,45.5266788011373
2026-07-26 14:00:00+00:00,0.03299698621311962,0.03299698621311962,0.03299698621311962,0.03299698621311962,45.528784012604184
2026-07-26 15:00:00+00:00,0.03299847255700509,0.03299847255700509,0.03299847255700509,0.03299847255700509,45.53083484928645
2026-07-26 16:00:00+00:00,0.0296050042790663,0.0296050042790663,0.0296050042790663,0.0296050042790663,218.4786000504999
2026-07-26 17:00:00+00:00,0.029604868710750503,0.029604868710750503,0.029604868710750503,0.029604868710750503,218.47759958532288
2026-07-26 18:00:00+00:00,0.029604443828111598,0.029604443828111598,0.029604443828111598,0.029604443828111598,218.47446404231607
2026-07-26 19:00:00+00:00,0.029604285400538097,0.029604285400538097,0.029604285400538097,0.029604285400538097,218.47329488070605
2026-07-26 20:00:00+00:00,0.029660072703479815,0.029660072703479815,0.029660072703479815,0.029660072703479815,218.8849932453612
2026-07-26 21:00:00+00:00,0.029657133124938385,0.029657133124938385,0.029657133124938385,0.029657133124938385,218.8632997844038
2026-07-26 22:00:00+00:00,0.029646744918485426,0.029646744918485426,0.029646744918485426,0.029646744918485426,218.78663704247396
2026-07-26 23:00:00+00:00,0.02964473359062005,0.02964473359062005,0.02964473359062005,0.02964473359062005,177.86840154372027
2026-07-27 00:00:00+00:00,0.029659237623058925,0.029659237623058925,0.029659237623058925,0.029659237623058925,177.95542573835354
2026-07-27 01:00:00+00:00,0.029677561558360994,0.029677561558360994,0.029677561558360994,0.029677561558360994,178.06536935016598
2026-07-27 02:00:00+00:00,0.029711471701749613,0.029711471701749613,0.029711471701749613,0.029711471701749613,178.26883021049767
2026-07-27 03:00:00+00:00,0.02968839573984785,0.02968839573984785,0.02968839573984785,0.02968839573984785,178.1303744390871
2026-07-27 04:00:00+00:00,0.029683250769185966,0.029683250769185966,0.029683250769185966,0.029683250769185966,178.0995046151158
2026-07-27 05:00:00+00:00,0.029682347873895006,0.029682347873895006,0.029682347873895006,0.029682347873895006,178.09408724337004
2026-07-27 06:00:00+00:00,0.029688769320363965,0.029688769320363965,0.029688769320363965,0.029688769320363965,178.13261592218382
2026-07-27 07:00:00+00:00,0.029688769320363965,0.029688769320363965,0.029688769320363965,0.029688769320363965,178.13261592218382
2026-07-27 08:00:00+00:00,0.029688769320363965,0.029688769320363965,0.029688769320363965,0.029688769320363965,178.13261592218382
2026-07-27 09:00:00+00:00,0.029688769320363965,0.029688769320363965,0.029688769320363965,0.029688769320363965,178.13261592218382
2026-07-27 10:00:00+00:00,0.029688769320363965,0.029688769320363965,0.029688769320363965,0.029688769320363965,178.13261592218382
2026-07-27 11:00:00+00:00,0.029688769320363965,0.029688769320363965,0.029688769320363965,0.029688769320363965,178.13261592218382
2026-07-27 12:00:00+00:00,0.029688769320363965,0.029688769320363965,0.029688769320363965,0.029688769320363965,178.13261592218382
2026-07-27 13:00:00+00:00,0.029688769320363965,0.029688769320363965,0.029688769320363965,0.029688769320363965,178.13261592218382
2026-07-27 14:00:00+00:00,0.029688769320363965,0.029688769320363965,0.029688769320363965,0.029688769320363965,178.13261592218382
2026-07-27 15:00:00+00:00,0.029688769320363965,0.029688769320363965,0.029688769320363965,0.029688769320363965,178.13261592218382
2026-07-27 16:00:00+00:00,0.033013350674967315,0.033013350674967315,0.033013350674967315,0.033013350674967315,97.9136454171082
2026-07-27 17:00:00+00:00,0.03301795797537009,0.03301795797537009,0.03301795797537009,0.03301795797537009,97.92731011847127
2026-07-27 18:00:00+00:00,0.030164841261448538,0.030164841261448538,0.030164841261448538,0.030164841261448538,309.3574834563249
2026-07-27 19:00:00+00:00,0.029482687136902625,0.029482687136902625,0.029482687136902625,0.029482687136902625,341.8933206046068
2026-07-27 20:00:00+00:00,0.029484102773867163,0.029484102773867163,0.029484102773867163,0.029484102773867163,341.90786264833457
2026-07-27 21:00:00+00:00,0.029479132406930172,0.029479132406930172,0.029479132406930172,0.029479132406930172,341.8532032394048
2026-07-27 22:00:00+00:00,0.029161134222663986,0.029161134222663986,0.029161134222663986,0.029161134222663986,484.1454244485832
2026-07-27 23:00:00+00:00,0.029145068547596627,0.029145068547596627,0.029145068547596627,0.029145068547596627,483.8858234556319
2026-07-28 00:00:00+00:00,0.029147140853305418,0.029147140853305418,0.029147140853305418,0.029147140853305418,483.9196459711125
2026-07-28 01:00:00+00:00,0.03243199756667905,0.03243199756667905,0.03243199756667905,0.03243199756667905,567.038034054026
2026-07-28 02:00:00+00:00,0.032429389803254174,0.032429389803254174,0.032429389803254174,0.032429389803254174,566.9940177524531
2026-07-28 03:00:00+00:00,0.033011050084484427,0.033011050084484427,0.033011050084484427,0.033011050084484427,534.5617891753473
2026-07-28 04:00:00+00:00,0.033003914776515327,0.033003914776515327,0.033003914776515327,0.033003914776515327,534.4462441386241
2026-07-28 05:00:00+00:00,0.03298792145747145,0.03298792145747145,0.03298792145747145,0.03298792145747145,534.1872576107475
2026-07-28 06:00:00+00:00,0.03297921617292624,0.03297921617292624,0.03297921617292624,0.03297921617292624,534.0462892843882
2026-07-28 07:00:00+00:00,0.03298744905725949,0.03298744905725949,0.03298744905725949,0.03298744905725949,534.1796078358427
2026-07-28 08:00:00+00:00,0.03297689978298219,0.03297689978298219,0.03297689978298219,0.03297689978298219,534.008779009806
2026-07-28 09:00:00+00:00,0.03297689978298219,0.03297689978298219,0.03297689978298219,0.03297689978298219,534.008779009806
2026-07-28 10:00:00+00:00,0.03297689978298219,0.03297689978298219,0.03297689978298219,0.03297689978298219,534.008779009806
2026-07-28 11:00:00+00:00,0.03297689978298219,0.03297689978298219,0.03297689978298219,0.03297689978298219,534.008779009806
2026-07-28 12:00:00+00:00,0.03297689978298219,0.03297689978298219,0.03297689978298219,0.03297689978298219,534.008779009806
2026-07-28 13:00:00+00:00,0.03297689978298219,0.03297689978298219,0.03297689978298219,0.03297689978298219,534.008779009806
2026-07-28 14:00:00+00:00,0.03297689978298219,0.03297689978298219,0.03297689978298219,0.03297689978298219,534.008779009806
2026-07-28 15:00:00+00:00,0.03297689978298219,0.03297689978298219,0.03297689978298219,0.03297689978298219,534.008779009806
2026-07-28 16:00:00+00:00,0.03307740948214803,0.03307740948214803,0.03307740948214803,0.03307740948214803,437.53273858414434
2026-07-28 17:00:00+00:00,0.03306266752640683,0.03306266752640683,0.03306266752640683,0.03306266752640683,437.33773878311655
2026-07-28 18:00:00+00:00,0.03304406232291993,0.03304406232291993,0.03304406232291993,0.03304406232291993,196.21084865687808
2026-07-28 19:00:00+00:00,0.03303804652504201,0.03303804652504201,0.03303804652504201,0.03303804652504201,196.1751277217388
2026-07-28 20:00:00+00:00,0.033041172048795774,0.033041172048795774,0.033041172048795774,0.033041172048795774,196.1936866283959
2026-07-28 21:00:00+00:00,0.03304008808717079,0.03304008808717079,0.03304008808717079,0.03304008808717079,196.1872502215077
2026-07-28 22:00:00+00:00,0.03304766038921249,0.03304766038921249,0.03304766038921249,0.03304766038921249,31.02695916690965
2026-07-28 23:00:00+00:00,0.03303242805266534,0.03303242805266534,0.03303242805266534,0.03303242805266534,31.012658212515333
2026-07-29 00:00:00+00:00,0.03303687444303687,0.03303687444303687,0.03303687444303687,0.03303687444303687,31.016832728074768
2026-07-29 01:00:00+00:00,0.03303687444303687,0.03303687444303687,0.03303687444303687,0.03303687444303687,31.016832728074768
2026-07-29 02:00:00+00:00,0.03303687444303687,0.03303687444303687,0.03303687444303687,0.03303687444303687,31.016832728074768
2026-07-29 03:00:00+00:00,0.03303687444303687,0.03303687444303687,0.03303687444303687,0.03303687444303687,31.016832728074768
2026-07-29 04:00:00+00:00,0.030814312237475713,0.030814312237475713,0.030814312237475713,0.030814312237475713,5.516075549700561
2026-07-29 05:00:00+00:00,0.030809927983550575,0.030809927983550575,0.030809927983550575,0.030809927983550575,5.515290723620597
2026-07-29 06:00:00+00:00,0.030800476703334845,0.030800476703334845,0.030800476703334845,0.030800476703334845,5.513598848257305
2026-07-29 07:00:00+00:00,0.03078249275606252,0.03078249275606252,0.03078249275606252,0.03078249275606252,119.40560273606809
2026-07-29 08:00:00+00:00,0.03079781439893163,0.03079781439893163,0.03079781439893163,0.03079781439893163,119.46503554471653
2026-07-29 09:00:00+00:00,0.030792192434031255,0.030792192434031255,0.030792192434031255,0.030792192434031255,119.44322788564193
2026-07-29 10:00:00+00:00,0.030781499981636685,0.030781499981636685,0.030781499981636685,0.030781499981636685,119.40175175396483
2026-07-29 11:00:00+00:00,0.030764361997694428,0.030764361997694428,0.030764361997694428,0.030764361997694428,119.3352733398051
2026-07-29 12:00:00+00:00,0.030757225941243818,0.030757225941243818,0.030757225941243818,0.030757225941243818,119.30759250419518
2026-07-29 13:00:00+00:00,0.030745829488189755,0.030745829488189755,0.030745829488189755,0.030745829488189755,119.26338554679387
2026-07-29 14:00:00+00:00,0.02987075899676939,0.02987075899676939,0.02987075899676939,0.02987075899676939,235.3520141903006
2026-07-29 15:00:00+00:00,0.0298455504696141,0.0298455504696141,0.0298455504696141,0.0298455504696141,235.15339594824613
2026-07-29 16:00:00+00:00,0.02984990292238318,0.02984990292238318,0.02984990292238318,0.02984990292238318,235.18768896791744
2026-07-29 17:00:00+00:00,0.02985623989498438,0.02985623989498438,0.02985623989498438,0.02985623989498438,235.2376180395464
2026-07-29 18:00:00+00:00,0.02835774328160993,0.02835774328160993,0.02835774328160993,0.02835774328160993,285.8639003361937
2026-07-29 19:00:00+00:00,0.02848394275623564,0.02848394275623564,0.02848394275623564,0.02848394275623564,287.0106012816518
2026-07-29 20:00:00+00:00,0.02834115145490924,0.02834115145490924,0.02834115145490924,0.02834115145490924,354.73776913611204
2026-07-29 21:00:00+00:00,0.02838654310712107,0.02838654310712107,0.02838654310712107,0.02838654310712107,355.2557632053196
2026-07-29 22:00:00+00:00,0.028214810858649946,0.028214810858649946,0.028214810858649946,0.028214810858649946,353.1696719818067
2026-07-29 23:00:00+00:00,0.028238666901028085,0.028238666901028085,0.028238666901028085,0.028238666901028085,353.4389479593434
2026-07-30 00:00:00+00:00,0.02822883991352704,0.02822883991352704,0.02822883991352704,0.02822883991352704,353.3283041920412
2026-07-30 01:00:00+00:00,0.028209779552271653,0.028209779552271653,0.028209779552271653,0.028209779552271653,353.1159440980675
2026-07-30 02:00:00+00:00,0.028197318037160857,0.028197318037160857,0.028197318037160857,0.028197318037160857,352.97435779845404
2026-07-30 03:00:00+00:00,0.028199316395085935,0.028199316395085935,0.028199316395085935,0.028199316395085935,353.00045960813964
2026-07-30 04:00:00+00:00,0.020020569260365276,0.020020569260365276,0.020020569260365276,0.020020569260365276,58.40072547729844
2026-07-30 05:00:00+00:00,0.028169769670218794,0.028169769670218794,0.028169769670218794,0.028169769670218794,347.61062208976864
2026-07-30 06:00:00+00:00,0.02815263591045916,0.02815263591045916,0.02815263591045916,0.02815263591045916,349.01405508181597
2026-07-30 07:00:00+00:00,0.027375899057754206,0.027375899057754206,0.027375899057754206,0.027375899057754206,238.63286610789643
2026-07-30 08:00:00+00:00,0.027357549668937105,0.027357549668937105,0.027357549668937105,0.027357549668937105,238.49853307336906
2026-07-30 09:00:00+00:00,0.02738196853932094,0.02738196853932094,0.02738196853932094,0.02738196853932094,238.68243282735347
2026-07-30 10:00:00+00:00,0.0293197241489182,0.0293197241489182,0.0293197241489182,0.0293197241489182,1120.5680274752553
2026-07-30 11:00:00+00:00,0.029340453707528885,0.029340453707528885,0.029340453707528885,0.029340453707528885,1121.3329220699648
2026-07-30 12:00:00+00:00,0.02904249064370322,0.02904249064370322,0.02904249064370322,0.02904249064370322,1173.4258104537898
2026-07-30 13:00:00+00:00,0.029035610280979725,0.029035610280979725,0.029035610280979725,0.029035610280979725,1173.161620647652
2026-07-30 14:00:00+00:00,0.029859762750880862,0.029859762750880862,0.029859762750880862,0.029859762750880862,1139.6648792353103
2026-07-30 15:00:00+00:00,0.029307845295717623,0.029307845295717623,0.029307845295717623,0.029307845295717623,1254.0188041878343
2026-07-30 16:00:00+00:00,0.03193437491348506,0.03193437491348506,0.03193437491348506,0.03193437491348506,1387.4861950293855
2026-07-30 17:00:00+00:00,0.031980098507800016,0.031980098507800016,0.031980098507800016,0.031980098507800016,1416.5329440833345
2026-07-30 18:00:00+00:00,0.03241331236878898,0.03241331236878898,0.03241331236878898,0.03241331236878898,1397.4779535670646
2026-07-30 19:00:00+00:00,0.03242924249698764,0.03242924249698764,0.03242924249698764,0.03242924249698764,1398.129100207706
2026-07-30 20:00:00+00:00,0.03246088560064061,0.03246088560064061,0.03246088560064061,0.03246088560064061,1321.63049609604
2026-07-30 21:00:00+00:00,0.03245063810787643,0.03245063810787643,0.03245063810787643,0.03245063810787643,1321.2302059165013
2026-07-30 22:00:00+00:00,0.03245742184874191,0.03245742184874191,0.03245742184874191,0.03245742184874191,1319.483592614357
2026-07-30 23:00:00+00:00,0.028604962010146368,0.028604962010146368,0.028604962010146368,0.028604962010146368,3167.9190911609653
2026-07-31 00:00:00+00:00,0.02858949676936209,0.02858949676936209,0.02858949676936209,0.02858949676936209,3166.230963873072
2026-07-31 01:00:00+00:00,0.02857740760928381,0.02857740760928381,0.02857740760928381,0.02857740760928381,3164.9140885509623
2026-07-31 02:00:00+00:00,0.028558515731117912,0.028558515731117912,0.028558515731117912,0.028558515731117912,3162.8572322376085
2026-07-31 03:00:00+00:00,0.028559008707335538,0.028559008707335538,0.028559008707335538,0.028559008707335538,3165.4997738310794
2026-07-31 04:00:00+00:00,0.02856024670717748,0.02856024670717748,0.02856024670717748,0.02856024670717748,3165.631402453799
2026-07-31 05:00:00+00:00,0.02854873052999001,0.02854873052999001,0.02854873052999001,0.02854873052999001,3164.3757333823946
2026-07-31 06:00:00+00:00,0.028549326889839518,0.028549326889839518,0.028549326889839518,0.028549326889839518,3162.9956526440837
2026-07-31 07:00:00+00:00,0.02011569726471856,0.02011569726471856,0.02011569726471856,0.02011569726471856,112.35528408842914
2026-07-31 08:00:00+00:00,0.020114930866019162,0.020114930866019162,0.020114930866019162,0.020114930866019162,112.3510034044209
2026-07-31 09:00:00+00:00,0.020116063701585578,0.020116063701585578,0.020116063701585578,0.020116063701585578,112.35733080437204
2026-07-31 10:00:00+00:00,0.028371766234832615,0.028371766234832615,0.028371766234832615,0.028371766234832615,2337.4891253150913
2026-07-31 11:00:00+00:00,0.028362660152861357,0.028362660152861357,0.028362660152861357,0.028362660152861357,2336.7604698568543
2026-07-31 12:00:00+00:00,0.02849142588945335,0.02849142588945335,0.02849142588945335,0.02849142588945335,2287.733874788458
2026-07-31 13:00:00+00:00,0.028597243254291926,0.028597243254291926,0.028597243254291926,0.028597243254291926,2261.9510609665567
2026-07-31 14:00:00+00:00,0.028649968454034964,0.028649968454034964,0.028649968454034964,0.028649968454034964,2297.4475612066562
2026-07-31 15:00:00+00:00,0.02878523460933182,0.02878523460933182,0.02878523460933182,0.02878523460933182,2178.2860371433467
2026-07-31 16:00:00+00:00,0.02883334519610004,0.02883334519610004,0.02883334519610004,0.02883334519610004,2738.319548726762
2026-07-31 17:00:00+00:00,0.0288265846967732,0.0288265846967732,0.0288265846967732,0.0288265846967732,2713.184057927863
2026-07-31 18:00:00+00:00,0.028856924845018197,0.028856924845018197,0.028856924845018197,0.028856924845018197,2691.5876892211395
2026-07-31 19:00:00+00:00,0.02868537188170938,0.02868537188170938,0.02868537188170938,0.02868537188170938,2766.6924643940724
2026-07-31 20:00:00+00:00,0.027923005983693742,0.027923005983693742,0.027923005983693742,0.027923005983693742,3408.1072840290394
2026-07-31 21:00:00+00:00,0.027903846821165354,0.027903846821165354,0.027903846821165354,0.027903846821165354,3414.343855361063
2026-07-31 22:00:00+00:00,0.027867372062836245,0.027867372062836245,0.027867372062836245,0.027867372062836245,3439.040225298952
2026-07-31 23:00:00+00:00,0.02761589079789281,0.02761589079789281,0.02761589079789281,0.02761589079789281,1479.711614683093
2026-08-01 00:00:00+00:00,0.027616924191391848,0.027616924191391848,0.027616924191391848,0.027616924191391848,1479.7669858595746
2026-08-01 01:00:00+00:00,0.027617604738685995,0.027617604738685995,0.027617604738685995,0.027617604738685995,1479.8034508696242
2026-08-01 02:00:00+00:00,0.027618260604022147,0.027618260604022147,0.027618260604022147,0.027618260604022147,1479.838593373724
2026-08-01 03:00:00+00:00,0.027628190566782795,0.027628190566782795,0.027628190566782795,0.027628190566782795,1477.822378231076
2026-08-01 04:00:00+00:00,0.02762737557388138,0.02762737557388138,0.02762737557388138,0.02762737557388138,1477.7787845420542
2026-08-01 05:00:00+00:00,0.027628253651952,0.027628253651952,0.027628253651952,0.027628253651952,1477.8257526350046
2026-08-01 06:00:00+00:00,0.027626751273590742,0.027626751273590742,0.027626751273590742,0.027626751273590742,1477.7453909349695
2026-08-01 07:00:00+00:00,0.02011844147194693,0.02011844147194693,0.02011844147194693,0.02011844147194693,55.19788577608778
2026-08-01 08:00:00+00:00,0.03192318348684542,0.03192318348684542,0.03192318348684542,0.03192318348684542,1696.458723876365
2026-08-01 09:00:00+00:00,0.03192322789115946,0.03192322789115946,0.03192322789115946,0.03192322789115946,1696.4610836061195
2026-08-01 10:00:00+00:00,0.031922035082191394,0.031922035082191394,0.031922035082191394,0.031922035082191394,1696.397695467508
2026-08-01 11:00:00+00:00,0.03192134874133454,0.03192134874133454,0.03192134874133454,0.03192134874133454,1696.3612220081911
2026-08-01 12:00:00+00:00,0.03192139151461992,0.03192139151461992,0.03192139151461992,0.03192139151461992,1696.3634950619787
2026-08-01 13:00:00+00:00,0.03192142605465339,0.03192142605465339,0.03192142605465339,0.03192142605465339,1696.3653305850908
2026-08-01 14:00:00+00:00,0.03192187819824412,0.03192187819824412,0.03192187819824412,0.03192187819824412,1636.0603515391786
2026-08-01 15:00:00+00:00,0.024444091840625928,0.024444091840625928,0.024444091840625928,0.024444091840625928,2625.1807985638056
2026-08-01 16:00:00+00:00,0.023915808112953945,0.023915808112953945,0.023915808112953945,0.023915808112953945,2089.287254816104
2026-08-01 17:00:00+00:00,0.023914100445497705,0.023914100445497705,0.023914100445497705,0.023914100445497705,2089.6301287859524
2026-08-01 18:00:00+00:00,0.02414241774205655,0.02414241774205655,0.02414241774205655,0.02414241774205655,2250.0226276600633
2026-08-01 19:00:00+00:00,0.02409633281696156,0.02409633281696156,0.02409633281696156,0.02409633281696156,2168.4969523160776
2026-08-01 20:00:00+00:00,0.022977214431575504,0.022977214431575504,0.022977214431575504,0.022977214431575504,1489.486341650492
2026-08-01 21:00:00+00:00,0.02298669801244319,0.02298669801244319,0.02298669801244319,0.02298669801244319,1482.517844540601
2026-08-01 22:00:00+00:00,0.02302398798736244,0.02302398798736244,0.02302398798736244,0.02302398798736244,1459.0422256413042
2026-08-01 23:00:00+00:00,0.023024431070678062,0.023024431070678062,0.023024431070678062,0.023024431070678062,1459.070304064005
2026-08-02 00:00:00+00:00,0.02302492566029009,0.02302492566029009,0.02302492566029009,0.02302492566029009,1459.1016464677928
2026-08-02 01:00:00+00:00,0.023025256778296137,0.023025256778296137,0.023025256778296137,0.023025256778296137,1459.1226295899505
2026-08-02 02:00:00+00:00,0.02302576176231734,0.02302576176231734,0.02302576176231734,0.02302576176231734,1459.1546306929135
2026-08-02 03:00:00+00:00,0.023026914064133437,0.023026914064133437,0.023026914064133437,0.023026914064133437,1459.2276526649239
2026-08-02 04:00:00+00:00,0.020717422063985722,0.020717422063985722,0.020717422063985722,0.020717422063985722,882.1502288631586
2026-08-02 05:00:00+00:00,0.02071678310932701,0.02071678310932701,0.02071678310932701,0.02071678310932701,882.1230220998518
2026-08-02 06:00:00+00:00,0.02071678310932701,0.02071678310932701,0.02071678310932701,0.02071678310932701,882.1230220998518
2026-08-02 07:00:00+00:00,0.026545939182331682,0.026545939182331682,0.026545939182331682,0.026545939182331682,550.8371726797708
2026-08-02 08:00:00+00:00,0.02654766371675885,0.02654766371675885,0.02654766371675885,0.02654766371675885,550.8729573495663
2026-08-02 09:00:00+00:00,0.026547149925841708,0.026547149925841708,0.026547149925841708,0.026547149925841708,550.8622960151074
2026-08-02 10:00:00+00:00,0.02654600178888886,0.02654600178888886,0.02654600178888886,0.02654600178888886,550.8384717869039
2026-08-02 11:00:00+00:00,0.026547027408446347,0.026547027408446347,0.026547027408446347,0.026547027408446347,1153.8956027631134
2026-08-02 12:00:00+00:00,0.02654649672545793,0.02654649672545793,0.02654649672545793,0.02654649672545793,2028.4224471317618
2026-08-02 13:00:00+00:00,0.026546058537913846,0.026546058537913846,0.026546058537913846,0.026546058537913846,2028.388965145055
2026-08-02 14:00:00+00:00,0.026546012400212295,0.026546012400212295,0.026546012400212295,0.026546012400212295,2028.3854397552286
2026-08-02 15:00:00+00:00,0.026517529035739562,0.026517529035739562,0.026517529035739562,0.026517529035739562,1630.6144792348684
2026-08-02 16:00:00+00:00,0.02651730245467947,0.02651730245467947,0.02651730245467947,0.02651730245467947,1630.6005463244223
2026-08-02 17:00:00+00:00,0.026518926708711907,0.026518926708711907,0.026518926708711907,0.026518926708711907,1630.1701769337956
2026-08-02 18:00:00+00:00,0.026546081732631756,0.026546081732631756,0.026546081732631756,0.026546081732631756,1477.5506068110217
2026-08-02 19:00:00+00:00,0.026547969232383527,0.026547969232383527,0.026547969232383527,0.026547969232383527,1477.6556647412908
2026-08-02 20:00:00+00:00,0.026587946009107383,0.026587946009107383,0.026587946009107383,0.026587946009107383,1479.8807656545482
2026-08-02 21:00:00+00:00,0.026582871496244168,0.026582871496244168,0.026582871496244168,0.026582871496244168,1479.5983190910279
2026-08-02 22:00:00+00:00,0.026587896263941684,0.026587896263941684,0.026587896263941684,0.026587896263941684,1479.8779968466881
2026-08-02 23:00:00+00:00,0.02658403970485331,0.02658403970485331,0.02658403970485331,0.02658403970485331,1479.6633413928766
2026-08-03 00:00:00+00:00,0.026574836739427794,0.026574836739427794,0.026574836739427794,0.026574836739427794,1479.151105828853
2026-08-03 01:00:00+00:00,0.02652822119649984,0.02652822119649984,0.02652822119649984,0.02652822119649984,1490.4074046326944
2026-08-03 02:00:00+00:00,0.020720134721395854,0.020720134721395854,0.020720134721395854,0.020720134721395854,11.3667539458094
2026-08-03 03:00:00+00:00,0.020720155411697482,0.020720155411697482,0.020720155411697482,0.020720155411697482,11.366765296197359
2026-08-03 04:00:00+00:00,0.020720638698483583,0.020720638698483583,0.020720638698483583,0.020720638698483583,11.367030420051849
2026-08-03 05:00:00+00:00,0.020718456122776584,0.020718456122776584,0.020718456122776584,0.020718456122776584,11.365833091879848
2026-08-03 06:00:00+00:00,0.0207199528776331,0.0207199528776331,0.0207199528776331,0.0207199528776331,11.366654189058993
2026-08-03 07:00:00+00:00,0.02071788210230853,0.02071788210230853,0.02071788210230853,0.02071788210230853,11.365518192893527
2026-08-03 08:00:00+00:00,0.02071962627566506,0.02071962627566506,0.02071962627566506,0.02071962627566506,11.942480630600135
2026-08-03 09:00:00+00:00,0.02072092994373247,0.02072092994373247,0.02072092994373247,0.02072092994373247,11.943232045246162
2026-08-03 10:00:00+00:00,0.020721317005343787,0.020721317005343787,0.020721317005343787,0.020721317005343787,11.943455141731327
2026-08-03 11:00:00+00:00,0.026449425681960657,0.026449425681960657,0.026449425681960657,0.026449425681960657,885.8742673166909
2026-08-03 12:00:00+00:00,0.020722606212253743,0.020722606212253743,0.020722606212253743,0.020722606212253743,11.944198221183926
2026-08-03 13:00:00+00:00,0.026426590950247884,0.026426590950247884,0.026426590950247884,0.026426590950247884,566.7147040866985
2026-08-03 14:00:00+00:00,0.026420587859052443,0.026420587859052443,0.026420587859052443,0.026420587859052443,566.5868906454308
2026-08-03 15:00:00+00:00,0.026394525399408383,0.026394525399408383,0.026394525399408383,0.026394525399408383,566.0331037542055
2026-08-03 16:00:00+00:00,0.026382281755916635,0.026382281755916635,0.026382281755916635,0.026382281755916635,565.7724436666176
2026-08-03 17:00:00+00:00,0.026372666779011972,0.026372666779011972,0.026372666779011972,0.026372666779011972,565.5674701910563
2026-08-03 18:00:00+00:00,0.026362674078275028,0.026362674078275028,0.026362674078275028,0.026362674078275028,565.3550575020142
2026-08-03 19:00:00+00:00,0.02638813027203156,0.02638813027203156,0.02638813027203156,0.02638813027203156,565.896164647471
2026-08-03 20:00:00+00:00,0.026377985539238483,0.026377985539238483,0.026377985539238483,0.026377985539238483,565.6800661289666
2026-08-03 21:00:00+00:00,0.027641378170744246,0.027641378170744246,0.027641378170744246,0.027641378170744246,585.7545087242903
2026-08-03 22:00:00+00:00,0.027650089863963136,0.027650089863963136,0.027650089863963136,0.027650089863963136,585.9391201264449
2026-08-03 23:00:00+00:00,0.027644521328668556,0.027644521328668556,0.027644521328668556,0.027644521328668556,585.8211160734038
2026-08-04 00:00:00+00:00,0.027640745416107282,0.027640745416107282,0.027640745416107282,0.027640745416107282,585.741099881966
2026-08-04 01:00:00+00:00,0.027630921576276904,0.027630921576276904,0.027630921576276904,0.027630921576276904,586.3052177393797
2026-08-04 02:00:00+00:00,0.027648167133440385,0.027648167133440385,0.027648167133440385,0.027648167133440385,586.670973693948
2026-08-04 03:00:00+00:00,0.027637938751292883,0.027637938751292883,0.027637938751292883,0.027637938751292883,586.454043224724
2026-08-04 04:00:00+00:00,0.02764269170052847,0.02764269170052847,0.02764269170052847,0.02764269170052847,586.5548415153382
2026-08-04 05:00:00+00:00,0.021017456364822384,0.021017456364822384,0.021017456364822384,0.021017456364822384,0.6231626421147379
2026-08-04 06:00:00+00:00,0.02101780428826728,0.02101780428826728,0.02101780428826728,0.02101780428826728,0.623172957963117
2026-08-04 07:00:00+00:00,0.021018324349620185,0.021018324349620185,0.021018324349620185,0.021018324349620185,0.6231883776600163
2026-08-04 08:00:00+00:00,0.021019758617744723,0.021019758617744723,0.021019758617744723,0.021019758617744723,0.03888161379955257
2026-08-04 09:00:00+00:00,0.021020322996282096,0.021020322996282096,0.021020322996282096,0.021020322996282096,0.038882657767217756
2026-08-04 10:00:00+00:00,0.027925592827962965,0.027925592827962965,0.027925592827962965,0.027925592827962965,2424.8561144148457
2026-08-04 11:00:00+00:00,0.02793736812537672,0.02793736812537672,0.02793736812537672,0.02793736812537672,2425.8982506586976
2026-08-04 12:00:00+00:00,0.027940486288232935,0.027940486288232935,0.027940486288232935,0.027940486288232935,2426.175527361797
2026-08-04 13:00:00+00:00,0.028025384789678025,0.028025384789678025,0.028025384789678025,0.028025384789678025,1848.085694560772
2026-08-04 14:00:00+00:00,0.03047588072715503,0.03047588072715503,0.03047588072715503,0.03047588072715503,2005.3962590216227
2026-08-04 15:00:00+00:00,0.030472391480121038,0.030472391480121038,0.030472391480121038,0.030472391480121038,2005.1722017315603
2026-08-04 16:00:00+00:00,0.03047704625903024,0.03047704625903024,0.03047704625903024,0.03047704625903024,2005.4610846930063
2026-08-04 17:00:00+00:00,0.03046380602886456,0.03046380602886456,0.03046380602886456,0.03046380602886456,2004.6277864078013
2026-08-04 18:00:00+00:00,0.030945895009247118,0.030945895009247118,0.030945895009247118,0.030945895009247118,1409.975469153928
2026-08-04 19:00:00+00:00,0.030967916222834145,0.030967916222834145,0.030967916222834145,0.030967916222834145,1410.9666426085375
2026-08-04 20:00:00+00:00,0.03095981733069185,0.03095981733069185,0.03095981733069185,0.03095981733069185,1410.6005990418967
2026-08-04 21:00:00+00:00,0.031146387142299687,0.031146387142299687,0.031146387142299687,0.031146387142299687,1376.4145110503662
2026-08-04 22:00:00+00:00,0.03114120172093016,0.03114120172093016,0.03114120172093016,0.03114120172093016,1376.1853580129268
2026-08-04 23:00:00+00:00,0.031147240578831763,0.031147240578831763,0.031147240578831763,0.031147240578831763,1376.452225935937
2026-08-05 00:00:00+00:00,0.03114622730837807,0.03114622730837807,0.03114622730837807,0.03114622730837807,1376.407447703723
2026-08-05 01:00:00+00:00,0.03114442553476087,0.03114442553476087,0.03114442553476087,0.03114442553476087,1376.3278241075413
2026-08-05 02:00:00+00:00,0.031134115225632777,0.031134115225632777,0.031134115225632777,0.031134115225632777,1375.8721931211128
2026-08-05 03:00:00+00:00,0.031156098099349668,0.031156098099349668,0.031156098099349668,0.031156098099349668,1376.8436555973315
2026-08-05 04:00:00+00:00,0.03116207262070857,0.03116207262070857,0.03116207262070857,0.03116207262070857,1377.1076803735407
2026-08-05 05:00:00+00:00,0.03116207262070857,0.03116207262070857,0.03116207262070857,0.03116207262070857,1377.1076803735407
2026-08-05 06:00:00+00:00,0.03116207262070857,0.03116207262070857,0.03116207262070857,0.03116207262070857,1377.1076803735407
2026-08-05 07:00:00+00:00,0.03116207262070857,0.03116207262070857,0.03116207262070857,0.03116207262070857,1377.1076803735407
2026-08-05 08:00:00+00:00,0.03116207262070857,0.03116207262070857,0.03116207262070857,0.03116207262070857,1377.1076803735407
2026-08-05 09:00:00+00:00,0.031165563320047992,0.031165563320047992,0.031165563320047992,0.031165563320047992,1354.5685692666932
2026-08-05 10:00:00+00:00,0.03116942059199285,0.03116942059199285,0.03116942059199285,0.03116942059199285,31.6576107134779
2026-08-05 11:00:00+00:00,0.031168659603634057,0.031168659603634057,0.031168659603634057,0.031168659603634057,31.656837806161608
2026-08-05 12:00:00+00:00,0.03120335228150154,0.03120335228150154,0.03120335228150154,0.03120335228150154,31.692073857062695
2026-08-05 13:00:00+00:00,0.031184008817063995,0.031184008817063995,0.031184008817063995,0.031184008817063995,31.67242742618964
2026-08-05 14:00:00+00:00,0.031184008817063995,0.031184008817063995,0.031184008817063995,0.031184008817063995,31.67242742618964
2026-08-05 15:00:00+00:00,0.031184008817063995,0.031184008817063995,0.031184008817063995,0.031184008817063995,31.67242742618964
2026-08-05 16:00:00+00:00,0.031184008817063995,0.031184008817063995,0.031184008817063995,0.031184008817063995,31.67242742618964
2026-08-05 17:00:00+00:00,0.031184008817063995,0.031184008817063995,0.031184008817063995,0.031184008817063995,31.67242742618964
2026-08-05 18:00:00+00:00,0.031184008817063995,0.031184008817063995,0.031184008817063995,0.031184008817063995,31.67242742618964
2026-08-05 19:00:00+00:00,0.031184008817063995,0.031184008817063995,0.031184008817063995,0.031184008817063995,31.67242742618964
2026-08-05 20:00:00+00:00,0.031184008817063995,0.031184008817063995,0.031184008817063995,0.031184008817063995,31.67242742618964
2026-08-05 21:00:00+00:00,0.031184008817063995,0.031184008817063995,0.031184008817063995,0.031184008817063995,31.67242742618964
2026-08-05 22:00:00+00:00,0.031184008817063995,0.031184008817063995,0.031184008817063995,0.031184008817063995,31.67242742618964
2026-08-05 23:00:00+00:00,0.031184008817063995,0.031184008817063995,0.031184008817063995,0.031184008817063995,31.67242742618964
2026-08-06 00:00:00+00:00,0.02101761652809202,0.02101761652809202,0.02101761652809202,0.02101761652809202,0.9722374241440342
2026-08-06 01:00:00+00:00,0.021017173357098535,0.021017173357098535,0.021017173357098535,0.021017173357098535,0.9722169238449359
2026-08-06 02:00:00+00:00,0.021017693904648846,0.021017693904648846,0.021017693904648846,0.021017693904648846,0.9722410034454358
2026-08-06 03:00:00+00:00,0.02101834221017771,0.02101834221017771,0.02101834221017771,0.02101834221017771,0.9722709929019757
2026-08-06 04:00:00+00:00,0.021018854429371226,0.021018854429371226,0.021018854429371226,0.021018854429371226,0.9722946872475565
2026-08-06 05:00:00+00:00,0.02101874029139145,0.02101874029139145,0.02101874029139145,0.02101874029139145,0.9722894074283484
2026-08-06 06:00:00+00:00,0.021019185916678666,0.021019185916678666,0.021019185916678666,0.021019185916678666,0.9723100212586938
2026-08-06 07:00:00+00:00,0.021021581840720695,0.021021581840720695,0.021021581840720695,0.021021581840720695,0.9724208524281537
2026-08-06 08:00:00+00:00,0.02102178466364345,0.02102178466364345,0.02102178466364345,0.02102178466364345,0.9724302346545213
2026-08-06 09:00:00+00:00,0.021021929106653448,0.021021929106653448,0.021021929106653448,0.021021929106653448,11.6694406020976
2026-08-06 10:00:00+00:00,0.021021588040631617,0.021021588040631617,0.021021588040631617,0.021021588040631617,11.669251273627175
2026-08-06 11:00:00+00:00,0.021020267859180215,0.021020267859180215,0.021020267859180215,0.021020267859180215,11.668518430368454
2026-08-06 12:00:00+00:00,0.02845302136647005,0.02845302136647005,0.02845302136647005,0.02845302136647005,67.26884292367146
2026-08-06 13:00:00+00:00,0.028439041952201427,0.028439041952201427,0.028439041952201427,0.028439041952201427,67.23908231890276
2026-08-06 14:00:00+00:00,0.02844822886670348,0.02844822886670348,0.02844822886670348,0.02844822886670348,67.2587786748563
2026-08-06 15:00:00+00:00,0.02842777677624394,0.02842777677624394,0.02842777677624394,0.02842777677624394,67.21425154863769
2026-08-06 16:00:00+00:00,0.0288790473548239,0.0288790473548239,0.0288790473548239,0.0288790473548239,98.80298988918423
2026-08-06 17:00:00+00:00,0.028830385978953557,0.028830385978953557,0.028830385978953557,0.028830385978953557,99.40221699144449
2026-08-06 18:00:00+00:00,0.02883559892883407,0.02883559892883407,0.02883559892883407,0.02883559892883407,99.41895625547838
2026-08-06 19:00:00+00:00,0.028839581848470835,0.028839581848470835,0.028839581848470835,0.028839581848470835,99.43203663912105
2026-08-06 20:00:00+00:00,0.028105528379421627,0.028105528379421627,0.028105528379421627,0.028105528379421627,417.51988212325097
2026-08-06 21:00:00+00:00,0.02809905611572139,0.02809905611572139,0.02809905611572139,0.02809905611572139,417.42225702419154
2026-08-06 22:00:00+00:00,0.028100557377718206,0.028100557377718206,0.028100557377718206,0.028100557377718206,417.4537245575672
2026-08-06 23:00:00+00:00,0.0281026916094566,0.0281026916094566,0.0281026916094566,0.0281026916094566,417.48170324033885
2026-08-07 00:00:00+00:00,0.028106481006326112,0.028106481006326112,0.028106481006326112,0.028106481006326112,417.5313901372965
2026-08-07 01:00:00+00:00,0.02810712062700995,0.02810712062700995,0.02810712062700995,0.02810712062700995,416.2694610668599
2026-08-07 02:00:00+00:00,0.028114198015504063,0.028114198015504063,0.028114198015504063,0.028114198015504063,416.3629956923287
2026-08-07 03:00:00+00:00,0.028111777485813918,0.028111777485813918,0.028111777485813918,0.028111777485813918,416.331941913836
2026-08-07 04:00:00+00:00,0.025120249062114602,0.025120249062114602,0.025120249062114602,0.025120249062114602,157.5665348284991
2026-08-07 05:00:00+00:00,0.028340821355757627,0.028340821355757627,0.028340821355757627,0.028340821355757627,474.70646743242787
2026-08-07 06:00:00+00:00,0.028338375000632188,0.028338375000632188,0.028338375000632188,0.028338375000632188,474.66862539384965
2026-08-07 07:00:00+00:00,0.02833500878311925,0.02833500878311925,0.02833500878311925,0.02833500878311925,474.61318922134365
2026-08-07 08:00:00+00:00,0.028336005134232334,0.028336005134232334,0.028336005134232334,0.028336005134232334,474.62901251097
2026-08-07 09:00:00+00:00,0.028426780231961685,0.028426780231961685,0.028426780231961685,0.028426780231961685,461.8724215937269
2026-08-07 10:00:00+00:00,0.028435410962865906,0.028435410962865906,0.028435410962865906,0.028435410962865906,461.99678171265157
2026-08-07 11:00:00+00:00,0.02843276007151155,0.02843276007151155,0.02843276007151155,0.02843276007151155,461.9590066095623
2026-08-07 12:00:00+00:00,0.028235427138685616,0.028235427138685616,0.028235427138685616,0.028235427138685616,406.5986784314797
2026-08-07 13:00:00+00:00,0.028304697318214403,0.028304697318214403,0.028304697318214403,0.028304697318214403,407.48602079905856
2026-08-07 14:00:00+00:00,0.0282726568297087,0.0282726568297087,0.0282726568297087,0.0282726568297087,407.0655038637719
2026-08-07 15:00:00+00:00,0.028270885869609148,0.028270885869609148,0.028270885869609148,0.028270885869609148,407.0534956077264
2026-08-07 16:00:00+00:00,0.02813374699256902,0.02813374699256902,0.02813374699256902,0.02813374699256902,375.4034422005076
2026-08-07 17:00:00+00:00,0.028139690656827025,0.028139690656827025,0.028139690656827025,0.028139690656827025,374.6847877954857
2026-08-07 18:00:00+00:00,0.028142395164746536,0.028142395164746536,0.028142395164746536,0.028142395164746536,374.71449871009764
2026-08-07 19:00:00+00:00,0.028147095360157744,0.028147095360157744,0.028147095360157744,0.028147095360157744,374.7686200541985
2026-08-07 20:00:00+00:00,0.030031200151897877,0.030031200151897877,0.030031200151897877,0.030031200151897877,58.482236246121424
2026-08-07 21:00:00+00:00,0.0300235910335891,0.0300235910335891,0.0300235910335891,0.0300235910335891,58.467418381623574
2026-08-07 22:00:00+00:00,0.03002826380570543,0.03002826380570543,0.03002826380570543,0.03002826380570543,58.4765180566765
2026-08-07 23:00:00+00:00,0.030027679453388013,0.030027679453388013,0.030027679453388013,0.030027679453388013,58.475380099148815
2026-08-08 00:00:00+00:00,0.030028211236757966,0.030028211236757966,0.030028211236757966,0.030028211236757966,58.47641568482358
2026-08-08 01:00:00+00:00,0.030028937090479196,0.030028937090479196,0.030028937090479196,0.030028937090479196,58.47782919972109
2026-08-08 02:00:00+00:00,0.03002757665141152,0.03002757665141152,0.03002757665141152,0.03002757665141152,58.475179904369874
2026-08-08 03:00:00+00:00,0.030028579413932627,0.030028579413932627,0.030028579413932627,0.030028579413932627,58.47713266664249
2026-08-08 04:00:00+00:00,0.030028186519638757,0.030028186519638757,0.030028186519638757,0.030028186519638757,29.607788749698877
2026-08-08 05:00:00+00:00,0.030028186519638757,0.030028186519638757,0.030028186519638757,0.030028186519638757,29.607788749698877
2026-08-08 06:00:00+00:00,0.030028186519638757,0.030028186519638757,0.030028186519638757,0.030028186519638757,29.607788749698877
2026-08-08 07:00:00+00:00,0.030028186519638757,0.030028186519638757,0.030028186519638757,0.030028186519638757,29.607788749698877
2026-08-08 08:00:00+00:00,0.030028186519638757,0.030028186519638757,0.030028186519638757,0.030028186519638757,29.607788749698877
2026-08-08 09:00:00+00:00,0.030028186519638757,0.030028186519638757,0.030028186519638757,0.030028186519638757,29.607788749698877
2026-08-08 10:00:00+00:00,0.030028186519638757,0.030028186519638757,0.030028186519638757,0.030028186519638757,29.607788749698877
2026-08-08 11:00:00+00:00,0.030038573216021026,0.030038573216021026,0.030038573216021026,0.030038573216021026,31.762577992119706
2026-08-08 12:00:00+00:00,0.030037807156913923,0.030037807156913923,0.030037807156913923,0.030037807156913923,31.761767966558207
2026-08-08 13:00:00+00:00,0.030037798043292964,0.030037798043292964,0.030037798043292964,0.030037798043292964,66.46079342022588
2026-08-08 14:00:00+00:00,0.03003958678587611,0.03003958678587611,0.03003958678587611,0.03003958678587611,66.4647511421311
2026-08-08 15:00:00+00:00,0.03004039595044113,0.03004039595044113,0.03004039595044113,0.03004039595044113,66.46654147705915
2026-08-08 16:00:00+00:00,0.03003967096197971,0.03003967096197971,0.03003967096197971,0.03003967096197971,66.46493738782807
2026-08-08 17:00:00+00:00,0.03004034010809503,0.03004034010809503,0.03004034010809503,0.03004034010809503,66.46641792184306
2026-08-08 18:00:00+00:00,0.03004126298543568,0.03004126298543568,0.03004126298543568,0.03004126298543568,66.46845985448408
2026-08-08 19:00:00+00:00,0.027785812886947692,0.027785812886947692,0.027785812886947692,0.027785812886947692,233.31837271806884
2026-08-08 20:00:00+00:00,0.02778394514486496,0.02778394514486496,0.02778394514486496,0.02778394514486496,233.30268922717468
2026-08-08 21:00:00+00:00,0.027785443602183713,0.027785443602183713,0.027785443602183713,0.027785443602183713,233.315271821919
2026-08-08 22:00:00+00:00,0.027782222549190685,0.027782222549190685,0.027782222549190685,0.027782222549190685,233.28822453538362
2026-08-08 23:00:00+00:00,0.027783648570040814,0.027783648570040814,0.027783648570040814,0.027783648570040814,233.3001988787497
2026-08-09 00:00:00+00:00,0.027781680145414843,0.027781680145414843,0.027781680145414843,0.027781680145414843,233.28366995327187
2026-08-09 01:00:00+00:00,0.02778161660144493,0.02778161660144493,0.02778161660144493,0.02778161660144493,233.2831363724939
2026-08-09 02:00:00+00:00,0.02778293072703,0.02778293072703,0.02778293072703,0.02778293072703,233.29417112768726
2026-08-09 03:00:00+00:00,0.02778293072703,0.02778293072703,0.02778293072703,0.02778293072703,233.29417112768726
2026-08-09 04:00:00+00:00,0.02778293072703,0.02778293072703,0.02778293072703,0.02778293072703,233.29417112768726
2026-08-09 05:00:00+00:00,0.02778293072703,0.02778293072703,0.02778293072703,0.02778293072703,233.29417112768726
2026-08-09 06:00:00+00:00,0.02778293072703,0.02778293072703,0.02778293072703,0.02778293072703,233.29417112768726
2026-08-09 07:00:00+00:00,0.02778293072703,0.02778293072703,0.02778293072703,0.02778293072703,233.29417112768726
2026-08-09 08:00:00+00:00,0.02778293072703,0.02778293072703,0.02778293072703,0.02778293072703,233.29417112768726
2026-08-09 09:00:00+00:00,0.02778293072703,0.02778293072703,0.02778293072703,0.02778293072703,233.29417112768726
2026-08-09 10:00:00+00:00,0.02778293072703,0.02778293072703,0.02778293072703,0.02778293072703,233.29417112768726
2026-08-09 11:00:00+00:00,0.02777860947375712,0.02777860947375712,0.02777860947375712,0.02777860947375712,203.88497734387974
2026-08-09 12:00:00+00:00,0.027778431023234088,0.027778431023234088,0.027778431023234088,0.027778431023234088,203.88366758138497
2026-08-09 13:00:00+00:00,0.027658657341952688,0.027658657341952688,0.027658657341952688,0.027658657341952688,171.05387035922192
2026-08-09 14:00:00+00:00,0.02765919650120334,0.02765919650120334,0.02765919650120334,0.02765919650120334,171.05720476824342
2026-08-09 15:00:00+00:00,0.0276582985337541,0.0276582985337541,0.0276582985337541,0.0276582985337541,171.0516513241355
2026-08-09 16:00:00+00:00,0.027657894705670493,0.027657894705670493,0.027657894705670493,0.027657894705670493,171.0491538653541
2026-08-09 17:00:00+00:00,0.027656912932259952,0.027656912932259952,0.027656912932259952,0.027656912932259952,171.04308212659927
2026-08-09 18:00:00+00:00,0.027656257141713814,0.027656257141713814,0.027656257141713814,0.027656257141713814,171.03902641595235
2026-08-09 19:00:00+00:00,0.027656257141713814,0.027656257141713814,0.027656257141713814,0.027656257141713814,171.03902641595235
2026-08-09 20:00:00+00:00,0.027656257141713814,0.027656257141713814,0.027656257141713814,0.027656257141713814,171.03902641595235
2026-08-09 21:00:00+00:00,0.03006600661276085,0.03006600661276085,0.03006600661276085,0.03006600661276085,224.6539196682048
2026-08-09 22:00:00+00:00,0.030054891176577846,0.030054891176577846,0.030054891176577846,0.030054891176577846,224.57086486350474
2026-08-09 23:00:00+00:00,0.03003988373088127,0.03003988373088127,0.03003988373088127,0.03003988373088127,224.45872887074165
2026-08-10 00:00:00+00:00,0.030039117970639045,0.030039117970639045,0.030039117970639045,0.030039117970639045,224.45300709191824
2026-08-10 01:00:00+00:00,0.030046850522187286,0.030046850522187286,0.030046850522187286,0.030046850522187286,224.5107849018124
2026-08-10 02:00:00+00:00,0.030036856547268856,0.030036856547268856,0.030036856547268856,0.030036856547268856,224.43610968247222
2026-08-10 03:00:00+00:00,0.03003195393890024,0.03003195393890024,0.03003195393890024,0.03003195393890024,224.39947727562173
2026-08-10 04:00:00+00:00,0.03002375940855519,0.03002375940855519,0.03002375940855519,0.03002375940855519,224.33824754912143
2026-08-10 05:00:00+00:00,0.030029039545369257,0.030029039545369257,0.030029039545369257,0.030029039545369257,224.37770085753527
2026-08-10 06:00:00+00:00,0.030029039545369257,0.030029039545369257,0.030029039545369257,0.030029039545369257,224.37770085753527
2026-08-10 07:00:00+00:00,0.030029039545369257,0.030029039545369257,0.030029039545369257,0.030029039545369257,224.37770085753527
2026-08-10 08:00:00+00:00,0.030029039545369257,0.030029039545369257,0.030029039545369257,0.030029039545369257,224.37770085753527
2026-08-10 09:00:00+00:00,0.030029039545369257,0.030029039545369257,0.030029039545369257,0.030029039545369257,224.37770085753527
2026-08-10 10:00:00+00:00,0.030029039545369257,0.030029039545369257,0.030029039545369257,0.030029039545369257,224.37770085753527
2026-08-10 11:00:00+00:00,0.030029039545369257,0.030029039545369257,0.030029039545369257,0.030029039545369257,224.37770085753527
2026-08-10 12:00:00+00:00,0.030029039545369257,0.030029039545369257,0.030029039545369257,0.030029039545369257,224.37770085753527
2026-08-10 13:00:00+00:00,0.030029039545369257,0.030029039545369257,0.030029039545369257,0.030029039545369257,224.37770085753527
2026-08-10 14:00:00+00:00,0.030029039545369257,0.030029039545369257,0.030029039545369257,0.030029039545369257,224.37770085753527
2026-08-10 15:00:00+00:00,0.030029039545369257,0.030029039545369257,0.030029039545369257,0.030029039545369257,224.37770085753527
2026-08-10 16:00:00+00:00,0.030029039545369257,0.030029039545369257,0.030029039545369257,0.030029039545369257,224.37770085753527
2026-08-10 17:00:00+00:00,0.030029039545369257,0.030029039545369257,0.030029039545369257,0.030029039545369257,224.37770085753527
2026-08-10 18:00:00+00:00,0.030029039545369257,0.030029039545369257,0.030029039545369257,0.030029039545369257,224.37770085753527
2026-08-10 19:00:00+00:00,0.030029039545369257,0.030029039545369257,0.030029039545369257,0.030029039545369257,224.37770085753527
2026-08-10 20:00:00+00:00,0.027770287381857967,0.027770287381857967,0.027770287381857967,0.027770287381857967,824.9768674289669
2026-08-10 21:00:00+00:00,0.027772046778146982,0.027772046778146982,0.027772046778146982,0.027772046778146982,825.0291341275113
2026-08-10 22:00:00+00:00,0.027772809499116615,0.027772809499116615,0.027772809499116615,0.027772809499116615,617.5326963629963
2026-08-10 23:00:00+00:00,0.02775078968174296,0.02775078968174296,0.02775078968174296,0.02775078968174296,637.060629865754
2026-08-11 00:00:00+00:00,0.02775718582431268,0.02775718582431268,0.02775718582431268,0.02775718582431268,637.2072537705201
2026-08-11 01:00:00+00:00,0.027758310771837293,0.027758310771837293,0.027758310771837293,0.027758310771837293,637.233079796929
2026-08-11 02:00:00+00:00,0.027279266790269173,0.027279266790269173,0.027279266790269173,0.027279266790269173,761.464454715792
2026-08-11 03:00:00+00:00,0.027266798611362,0.027266798611362,0.027266798611362,0.027266798611362,761.1288797546435
2026-08-11 04:00:00+00:00,0.026938112507517164,0.026938112507517164,0.026938112507517164,0.026938112507517164,749.3432076886519
2026-08-11 05:00:00+00:00,0.026938163084759856,0.026938163084759856,0.026938163084759856,0.026938163084759856,749.3451455491409
2026-08-11 06:00:00+00:00,0.023019486360611,0.023019486360611,0.023019486360611,0.023019486360611,131.77643958790412
2026-08-11 07:00:00+00:00,0.02302056511251863,0.02302056511251863,0.02302056511251863,0.02302056511251863,131.7826149683344
2026-08-11 08:00:00+00:00,0.02302027255317304,0.02302027255317304,0.02302027255317304,0.02302027255317304,131.78094019469583
2026-08-11 09:00:00+00:00,0.02302050665940854,0.02302050665940854,0.02302050665940854,0.02302050665940854,131.78228034997628
2026-08-11 10:00:00+00:00,0.02301971690340021,0.02301971690340021,0.02301971690340021,0.02301971690340021,131.77775934402115
2026-08-11 11:00:00+00:00,0.023018718221651423,0.023018718221651423,0.023018718221651423,0.023018718221651423,131.7720423300498
2026-08-11 12:00:00+00:00,0.027281926623860468,0.027281926623860468,0.027281926623860468,0.027281926623860468,770.195632297204
2026-08-11 13:00:00+00:00,0.027292892937288815,0.027292892937288815,0.027292892937288815,0.027292892937288815,770.4946188022884
2026-08-11 14:00:00+00:00,0.02729844478982273,0.02729844478982273,0.02729844478982273,0.02729844478982273,770.6463743712535
2026-08-11 15:00:00+00:00,0.027293942692372317,0.027293942692372317,0.027293942692372317,0.027293942692372317,770.5227730030967
2026-08-11 16:00:00+00:00,0.02729220662438608,0.02729220662438608,0.02729220662438608,0.02729220662438608,770.4734718587424
2026-08-11 17:00:00+00:00,0.027290179276796424,0.027290179276796424,0.027290179276796424,0.027290179276796424,770.4222889757446
2026-08-11 18:00:00+00:00,0.027287487027092223,0.027287487027092223,0.027287487027092223,0.027287487027092223,770.3494748677506
2026-08-11 19:00:00+00:00,0.028987119156869162,0.028987119156869162,0.028987119156869162,0.028987119156869162,838.4226558740145
2026-08-11 20:00:00+00:00,0.029794347909784587,0.029794347909784587,0.029794347909784587,0.029794347909784587,32.214346171933606
2026-08-11 21:00:00+00:00,0.029793430509907345,0.029793430509907345,0.029793430509907345,0.029793430509907345,32.21335425771843
2026-08-11 22:00:00+00:00,0.029787653034727978,0.029787653034727978,0.029787653034727978,0.029787653034727978,32.2071075163569
2026-08-11 23:00:00+00:00,0.026073974089686165,0.026073974089686165,0.026073974089686165,0.026073974089686165,157.95455719741403
2026-08-12 00:00:00+00:00,0.026073440323538526,0.026073440323538526,0.026073440323538526,0.026073440323538526,157.95131306046704
2026-08-12 01:00:00+00:00,0.026071377185770062,0.026071377185770062,0.026071377185770062,0.026071377185770062,157.94147564414206
2026-08-12 02:00:00+00:00,0.029761669470010684,0.029761669470010684,0.029761669470010684,0.029761669470010684,32.33662996878944
2026-08-12 03:00:00+00:00,0.029765574962678166,0.029765574962678166,0.029765574962678166,0.029765574962678166,32.340874981708595
2026-08-12 04:00:00+00:00,0.02976629889338489,0.02976629889338489,0.02976629889338489,0.02976629889338489,32.26284150682808
2026-08-12 05:00:00+00:00,0.025122500615893554,0.025122500615893554,0.025122500615893554,0.025122500615893554,0.06818816947917491
2026-08-12 06:00:00+00:00,0.025122388819940528,0.025122388819940528,0.025122388819940528,0.025122388819940528,0.06818786603958073
2026-08-12 07:00:00+00:00,0.02976666272013225,0.02976666272013225,0.02976666272013225,0.02976666272013225,55.347115655061025
2026-08-12 08:00:00+00:00,0.027836560214457188,0.027836560214457188,0.027836560214457188,0.027836560214457188,52.36144727038329
2026-08-12 09:00:00+00:00,0.02784105364833749,0.02784105364833749,0.02784105364833749,0.02784105364833749,52.369897995013524
2026-08-12 10:00:00+00:00,0.02784821057673727,0.02784821057673727,0.02784821057673727,0.02784821057673727,208.1940949826855
2026-08-12 11:00:00+00:00,0.027844401780010145,0.027844401780010145,0.027844401780010145,0.027844401780010145,208.16562177680868
2026-08-12 12:00:00+00:00,0.029461164817377865,0.029461164817377865,0.029461164817377865,0.029461164817377865,1094.8166721858279
2026-08-12 13:00:00+00:00,0.029495269273284518,0.029495269273284518,0.029495269273284518,0.029495269273284518,1096.0840398256983
2026-08-12 14:00:00+00:00,0.027873566889456577,0.027873566889456577,0.027873566889456577,0.027873566889456577,1079.1155574489658
2026-08-12 15:00:00+00:00,0.02785274298796653,0.02785274298796653,0.02785274298796653,0.02785274298796653,1078.3093672633388
2026-08-12 16:00:00+00:00,0.02784361893849874,0.02784361893849874,0.02784361893849874,0.02784361893849874,1305.301908214885
2026-08-12 17:00:00+00:00,0.027817680290821267,0.027817680290821267,0.027817680290821267,0.027817680290821267,1304.085910884053
2026-08-12 18:00:00+00:00,0.02780684769533822,0.02780684769533822,0.02780684769533822,0.02780684769533822,1303.5780815107887
2026-08-12 19:00:00+00:00,0.027801237498953312,0.027801237498953312,0.027801237498953312,0.027801237498953312,1281.9295095969933
2026-08-12 20:00:00+00:00,0.0278021853455681,0.0278021853455681,0.0278021853455681,0.0278021853455681,1740.7879292046937
2026-08-12 21:00:00+00:00,0.02781194067828019,0.02781194067828019,0.02781194067828019,0.02781194067828019,1741.3987432547226
2026-08-12 22:00:00+00:00,0.027805538414469887,0.027805538414469887,0.027805538414469887,0.027805538414469887,1740.9978760774834
2026-08-12 23:00:00+00:00,0.027814528305161127,0.027814528305161127,0.027814528305161127,0.027814528305161127,1741.5607632392537
2026-08-13 00:00:00+00:00,0.027255378585592332,0.027255378585592332,0.027255378585592332,0.027255378585592332,2181.1774433719565
2026-08-13 01:00:00+00:00,0.02730142053025968,0.02730142053025968,0.02730142053025968,0.02730142053025968,2664.419305627466
2026-08-13 02:00:00+00:00,0.02729358978437956,0.02729358978437956,0.02729358978437956,0.02729358978437956,2663.682011280602
2026-08-13 03:00:00+00:00,0.02728883092237926,0.02728883092237926,0.02728883092237926,0.02728883092237926,2663.2354171614334
2026-08-13 04:00:00+00:00,0.02728903144049386,0.02728903144049386,0.02728903144049386,0.02728903144049386,2663.251875883913
2026-08-13 05:00:00+00:00,0.0272963762647211,0.0272963762647211,0.0272963762647211,0.0272963762647211,2663.946534160156
2026-08-13 06:00:00+00:00,0.027293889344258745,0.027293889344258745,0.027293889344258745,0.027293889344258745,2663.7083807334184
2026-08-13 07:00:00+00:00,0.027275249694441044,0.027275249694441044,0.027275249694441044,0.027275249694441044,2640.789781656944
2026-08-13 08:00:00+00:00,0.027743191066013136,0.027743191066013136,0.027743191066013136,0.027743191066013136,2202.286127370719
2026-08-13 09:00:00+00:00,0.02773711300000934,0.02773711300000934,0.02773711300000934,0.02773711300000934,2201.803643563808
2026-08-13 10:00:00+00:00,0.027763494735426306,0.027763494735426306,0.027763494735426306,0.027763494735426306,2048.5611027453156
2026-08-13 11:00:00+00:00,0.027767688581386642,0.027767688581386642,0.027767688581386642,0.027767688581386642,2048.8705504494724
2026-08-13 12:00:00+00:00,0.02776653442769541,0.02776653442769541,0.02776653442769541,0.02776653442769541,1215.7893570730455
2026-08-13 13:00:00+00:00,0.027789255204621513,0.027789255204621513,0.027789255204621513,0.027789255204621513,1216.7842121869644
2026-08-13 14:00:00+00:00,0.027768641733873896,0.027768641733873896,0.027768641733873896,0.027768641733873896,1172.7484403804192
2026-08-13 15:00:00+00:00,0.02778900028030245,0.02778900028030245,0.02778900028030245,0.02778900028030245,1173.6082394948776
2026-08-13 16:00:00+00:00,0.027756073197291016,0.027756073197291016,0.027756073197291016,0.027756073197291016,945.5866793063701
2026-08-13 17:00:00+00:00,0.027752606021180657,0.027752606021180657,0.027752606021180657,0.027752606021180657,945.4685604528327
2026-08-13 18:00:00+00:00,0.02775168491201961,0.02775168491201961,0.02775168491201961,0.02775168491201961,945.437180345615
2026-08-13 19:00:00+00:00,0.027753163988332472,0.027753163988332472,0.027753163988332472,0.027753163988332472,945.4875691325726
2026-08-13 20:00:00+00:00,0.027751609755954348,0.027751609755954348,0.027751609755954348,0.027751609755954348,487.4545463536661
2026-08-13 21:00:00+00:00,0.02775125751642242,0.02775125751642242,0.02775125751642242,0.02775125751642242,487.4483592977528
2026-08-13 22:00:00+00:00,0.027749392667393107,0.027749392667393107,0.027749392667393107,0.027749392667393107,487.41560339113704
2026-08-13 23:00:00+00:00,0.027758232614722423,0.027758232614722423,0.027758232614722423,0.027758232614722423,487.5708762763173
2026-08-14 00:00:00+00:00,0.027764324237775223,0.027764324237775223,0.027764324237775223,0.027764324237775223,487.67787509108416
2026-08-14 01:00:00+00:00,0.027764324237775223,0.027764324237775223,0.027764324237775223,0.027764324237775223,487.67787509108416
2026-08-14 02:00:00+00:00,0.027764324237775223,0.027764324237775223,0.027764324237775223,0.027764324237775223,487.67787509108416
2026-08-14 03:00:00+00:00,0.027764324237775223,0.027764324237775223,0.027764324237775223,0.027764324237775223,487.67787509108416
2026-08-14 04:00:00+00:00,0.027764324237775223,0.027764324237775223,0.027764324237775223,0.027764324237775223,487.67787509108416
2026-08-14 05:00:00+00:00,0.027764324237775223,0.027764324237775223,0.027764324237775223,0.027764324237775223,487.67787509108416
2026-08-14 06:00:00+00:00,0.027764324237775223,0.027764324237775223,0.027764324237775223,0.027764324237775223,487.67787509108416
2026-08-14 07:00:00+00:00,0.027764324237775223,0.027764324237775223,0.027764324237775223,0.027764324237775223,487.67787509108416
2026-08-14 08:00:00+00:00,0.027764324237775223,0.027764324237775223,0.027764324237775223,0.027764324237775223,487.67787509108416
2026-08-14 09:00:00+00:00,0.027815895251995872,0.027815895251995872,0.027815895251995872,0.027815895251995872,3.30485884159546
2026-08-14 10:00:00+00:00,0.027816272299678677,0.027816272299678677,0.027816272299678677,0.027816272299678677,3.3049036393399485
2026-08-14 11:00:00+00:00,0.02781843569849551,0.02781843569849551,0.02781843569849551,0.02781843569849551,3.3051606768231188
2026-08-14 12:00:00+00:00,0.027841538599937425,0.027841538599937425,0.027841538599937425,0.027841538599937425,3.307905576004149
2026-08-14 13:00:00+00:00,0.02784544492209085,0.02784544492209085,0.02784544492209085,0.02784544492209085,3.308369693487692
2026-08-14 14:00:00+00:00,0.027879542090524945,0.027879542090524945,0.027879542090524945,0.027879542090524945,3.312420842212258
2026-08-14 15:00:00+00:00,0.027877245182041998,0.027877245182041998,0.027877245182041998,0.027877245182041998,3.3121479421945015
2026-08-14 16:00:00+00:00,0.02787979315281066,0.02787979315281066,0.02787979315281066,0.02787979315281066,3.312450671394718
2026-08-14 17:00:00+00:00,0.027566377858016557,0.027566377858016557,0.027566377858016557,0.027566377858016557,644.034651085868
2026-08-14 18:00:00+00:00,0.027667022627625125,0.027667022627625125,0.027667022627625125,0.027667022627625125,675.3264200605664
2026-08-14 19:00:00+00:00,0.027670272089293863,0.027670272089293863,0.027670272089293863,0.027670272089293863,675.4057364129405
2026-08-14 20:00:00+00:00,0.02767724891856254,0.02767724891856254,0.02767724891856254,0.02767724891856254,675.5760343592284
2026-08-14 21:00:00+00:00,0.02767792602089389,0.02767792602089389,0.02767792602089389,0.02767792602089389,675.5925618005655
2026-08-14 22:00:00+00:00,0.027669965574278723,0.027669965574278723,0.027669965574278723,0.027669965574278723,675.3982546650611
2026-08-14 23:00:00+00:00,0.02766953567078607,0.02766953567078607,0.02766953567078607,0.02766953567078607,675.3877611186261
2026-08-15 00:00:00+00:00,0.027669511454464092,0.027669511454464092,0.027669511454464092,0.027669511454464092,675.3871700206157
2026-08-15 01:00:00+00:00,0.027669506742866695,0.027669506742866695,0.027669506742866695,0.027669506742866695,675.3870550148832
2026-08-15 02:00:00+00:00,0.02767040469420148,0.02767040469420148,0.02767040469420148,0.02767040469420148,675.4089731760266
2026-08-15 03:00:00+00:00,0.02767040469420148,0.02767040469420148,0.02767040469420148,0.02767040469420148,675.4089731760266
2026-08-15 04:00:00+00:00,0.02767040469420148,0.02767040469420148,0.02767040469420148,0.02767040469420148,675.4089731760266
2026-08-15 05:00:00+00:00,0.02767040469420148,0.02767040469420148,0.02767040469420148,0.02767040469420148,675.4089731760266
2026-08-15 06:00:00+00:00,0.02767040469420148,0.02767040469420148,0.02767040469420148,0.02767040469420148,675.4089731760266
2026-08-15 07:00:00+00:00,0.02767040469420148,0.02767040469420148,0.02767040469420148,0.02767040469420148,675.4089731760266
2026-08-15 08:00:00+00:00,0.02767040469420148,0.02767040469420148,0.02767040469420148,0.02767040469420148,675.4089731760266
2026-08-15 09:00:00+00:00,0.027446042572356527,0.027446042572356527,0.027446042572356527,0.027446042572356527,724.8245865448624
2026-08-15 10:00:00+00:00,0.02744693590408049,0.02744693590408049,0.02744693590408049,0.02744693590408049,721.5871565216377
2026-08-15 11:00:00+00:00,0.027445032447584363,0.027445032447584363,0.027445032447584363,0.027445032447584363,721.5371141502268
2026-08-15 12:00:00+00:00,0.027444396156270458,0.027444396156270458,0.027444396156270458,0.027444396156270458,721.5203858844006
2026-08-15 13:00:00+00:00,0.027444503498029987,0.027444503498029987,0.027444503498029987,0.027444503498029987,744.6831264911983
2026-08-15 14:00:00+00:00,0.027443669052774906,0.027443669052774906,0.027443669052774906,0.027443669052774906,744.6604845329831
2026-08-15 15:00:00+00:00,0.02744274660381721,0.02744274660381721,0.02744274660381721,0.02744274660381721,744.6354546695754
2026-08-15 16:00:00+00:00,0.027442160451413282,0.027442160451413282,0.027442160451413282,0.027442160451413282,744.6195499254875
2026-08-15 17:00:00+00:00,0.027442857074713126,0.027442857074713126,0.027442857074713126,0.027442857074713126,106.75016076849667
2026-08-15 18:00:00+00:00,0.027443912299092366,0.027443912299092366,0.027443912299092366,0.027443912299092366,78.04724425986375
2026-08-15 19:00:00+00:00,0.02744361614693334,0.02744361614693334,0.02744361614693334,0.02744361614693334,78.04640203811192
2026-08-15 20:00:00+00:00,0.027443120731180135,0.027443120731180135,0.027443120731180135,0.027443120731180135,78.04499313423992
2026-08-15 21:00:00+00:00,0.027443466485636715,0.027443466485636715,0.027443466485636715,0.027443466485636715,78.04597641906582
2026-08-15 22:00:00+00:00,0.027442210629754875,0.027442210629754875,0.027442210629754875,0.027442210629754875,78.04240491330903
2026-08-15 23:00:00+00:00,0.02744267495135651,0.02744267495135651,0.02744267495135651,0.02744267495135651,78.04372538908751
2026-08-16 00:00:00+00:00,0.027442578999718435,0.027442578999718435,0.027442578999718435,0.027442578999718435,78.04345251396488
2026-08-16 01:00:00+00:00,0.027442816350058005,0.027442816350058005,0.027442816350058005,0.027442816350058005,78.04412751028923
2026-08-16 02:00:00+00:00,0.0274419575414066,0.0274419575414066,0.0274419575414066,0.0274419575414066,78.04168515994726
2026-08-16 03:00:00+00:00,0.0274419575414066,0.0274419575414066,0.0274419575414066,0.0274419575414066,78.04168515994726
2026-08-16 04:00:00+00:00,0.0274419575414066,0.0274419575414066,0.0274419575414066,0.0274419575414066,78.04168515994726
2026-08-16 05:00:00+00:00,0.0274419575414066,0.0274419575414066,0.0274419575414066,0.0274419575414066,78.04168515994726
2026-08-16 06:00:00+00:00,0.0274419575414066,0.0274419575414066,0.0274419575414066,0.0274419575414066,78.04168515994726
2026-08-16 07:00:00+00:00,0.0274419575414066,0.0274419575414066,0.0274419575414066,0.0274419575414066,78.04168515994726
2026-08-16 08:00:00+00:00,0.0274419575414066,0.0274419575414066,0.0274419575414066,0.0274419575414066,78.04168515994726
2026-08-16 09:00:00+00:00,0.027441892413402075,0.027441892413402075,0.027441892413402075,0.027441892413402075,23.157715116792684
2026-08-16 10:00:00+00:00,0.027439921090701334,0.027439921090701334,0.027439921090701334,0.027439921090701334,78.03589373473481
2026-08-16 11:00:00+00:00,0.027441553684366914,0.027441553684366914,0.027441553684366914,0.027441553684366914,78.04053663823947
2026-08-16 12:00:00+00:00,0.027440723373910472,0.027440723373910472,0.027440723373910472,0.027440723373910472,78.0381753333971
2026-08-16 13:00:00+00:00,0.02744044793451772,0.02744044793451772,0.02744044793451772,0.02744044793451772,112.7721362374849
2026-08-16 14:00:00+00:00,0.027441433891485054,0.027441433891485054,0.027441433891485054,0.027441433891485054,112.77618822940974
2026-08-16 15:00:00+00:00,0.02744045399641811,0.02744045399641811,0.02744045399641811,0.02744045399641811,112.77216115010508
2026-08-16 16:00:00+00:00,0.027211713605106488,0.027211713605106488,0.027211713605106488,0.027211713605106488,111.83210570226521
2026-08-16 17:00:00+00:00,0.026521531812977776,0.026521531812977776,0.026521531812977776,0.026521531812977776,1299.763542940958
2026-08-16 18:00:00+00:00,0.026407546678467956,0.026407546678467956,0.026407546678467956,0.026407546678467956,1775.7448222633136
2026-08-16 19:00:00+00:00,0.026407835910456635,0.026407835910456635,0.026407835910456635,0.026407835910456635,1775.7642713326495
2026-08-16 20:00:00+00:00,0.026629144626135148,0.026629144626135148,0.026629144626135148,0.026629144626135148,1790.6459190211979
2026-08-16 21:00:00+00:00,0.02662492661397054,0.02662492661397054,0.02662492661397054,0.02662492661397054,1790.3622836894974
2026-08-16 22:00:00+00:00,0.025465167632946015,0.025465167632946015,0.025465167632946015,0.025465167632946015,1954.2947297826984
2026-08-16 23:00:00+00:00,0.02986343506782771,0.02986343506782771,0.02986343506782771,0.02986343506782771,2515.0851570798345
2026-08-17 00:00:00+00:00,0.029862044372488628,0.029862044372488628,0.029862044372488628,0.029862044372488628,2514.9680333398023
2026-08-17 01:00:00+00:00,0.029878931455971414,0.029878931455971414,0.029878931455971414,0.029878931455971414,2516.3902559648104
2026-08-17 02:00:00+00:00,0.029886667931301694,0.029886667931301694,0.029886667931301694,0.029886667931301694,2517.0418184601194
2026-08-17 03:00:00+00:00,0.029876793130312013,0.029876793130312013,0.029876793130312013,0.029876793130312013,2516.2101671332757
2026-08-17 04:00:00+00:00,0.02988418806206091,0.02988418806206091,0.02988418806206091,0.02988418806206091,2516.8329649807783
2026-08-17 05:00:00+00:00,0.02988760276043295,0.02988760276043295,0.02988760276043295,0.02988760276043295,2517.12054935183
2026-08-17 06:00:00+00:00,0.02989482901971634,0.02989482901971634,0.02989482901971634,0.02989482901971634,2517.729141679658
2026-08-17 07:00:00+00:00,0.023567997058515696,0.023567997058515696,0.023567997058515696,0.023567997058515696,179.39483964604395
2026-08-17 08:00:00+00:00,0.023668028272030888,0.023668028272030888,0.023668028272030888,0.023668028272030888,359.97033700511446
2026-08-17 09:00:00+00:00,0.023670542280018195,0.023670542280018195,0.023670542280018195,0.023670542280018195,360.0085729025886
2026-08-17 10:00:00+00:00,0.029124465913415852,0.029124465913415852,0.029124465913415852,0.029124465913415852,2820.225949878872
2026-08-17 11:00:00+00:00,0.029111826806058907,0.029111826806058907,0.029111826806058907,0.029111826806058907,2819.074971845046
2026-08-17 12:00:00+00:00,0.029116872492552754,0.029116872492552754,0.029116872492552754,0.029116872492552754,2819.5437605422803
2026-08-17 13:00:00+00:00,0.029108798846019523,0.029108798846019523,0.029108798846019523,0.029108798846019523,2757.3382223973003
2026-08-17 14:00:00+00:00,0.02910438493174283,0.02910438493174283,0.02910438493174283,0.02910438493174283,2756.9517589755114
2026-08-17 15:00:00+00:00,0.029085120580940153,0.029085120580940153,0.029085120580940153,0.029085120580940153,2755.219591121739
2026-08-17 16:00:00+00:00,0.029905463742479346,0.029905463742479346,0.029905463742479346,0.029905463742479346,2395.7221701341928
2026-08-17 17:00:00+00:00,0.029899652123608966,0.029899652123608966,0.029899652123608966,0.029899652123608966,1052.8173479796633
2026-08-17 18:00:00+00:00,0.029869736776415252,0.029869736776415252,0.029869736776415252,0.029869736776415252,507.06010770446153
2026-08-17 19:00:00+00:00,0.02985869202730317,0.02985869202730317,0.02985869202730317,0.02985869202730317,506.8726152027277
2026-08-17 20:00:00+00:00,0.029873784598911764,0.029873784598911764,0.029873784598911764,0.029873784598911764,507.12882238134046
2026-08-17 21:00:00+00:00,0.02987836108167944,0.02987836108167944,0.02987836108167944,0.02987836108167944,507.20651144376694
2026-08-17 22:00:00+00:00,0.029873237669513827,0.029873237669513827,0.029873237669513827,0.029873237669513827,223.3237800039411
2026-08-17 23:00:00+00:00,0.029873237669513827,0.029873237669513827,0.029873237669513827,0.029873237669513827,223.3237800039411
2026-08-18 00:00:00+00:00,0.029873237669513827,0.029873237669513827,0.029873237669513827,0.029873237669513827,223.3237800039411
2026-08-18 01:00:00+00:00,0.023448843857904685,0.023448843857904685,0.023448843857904685,0.023448843857904685,514.9521868964063
2026-08-18 02:00:00+00:00,0.023448900184155196,0.023448900184155196,0.023448900184155196,0.023448900184155196,514.9534238582819
2026-08-18 03:00:00+00:00,0.023448887914022856,0.023448887914022856,0.023448887914022856,0.023448887914022856,514.9531543980254
2026-08-18 04:00:00+00:00,0.023449371449246463,0.023449371449246463,0.023449371449246463,0.023449371449246463,514.9637731527216
2026-08-18 05:00:00+00:00,0.023449592684252733,0.023449592684252733,0.023449592684252733,0.023449592684252733,514.9686316204135
2026-08-18 06:00:00+00:00,0.02344973284338021,0.02344973284338021,0.02344973284338021,0.02344973284338021,514.9717096079529
2026-08-18 07:00:00+00:00,0.023448879362577557,0.023448879362577557,0.023448879362577557,0.023448879362577557,336.46482683049624
2026-08-18 08:00:00+00:00,0.023448497553958593,0.023448497553958593,0.023448497553958593,0.023448497553958593,158.31311808039626
2026-08-18 09:00:00+00:00,0.023450379081546114,0.023450379081546114,0.023450379081546114,0.023450379081546114,158.32582126099234
2026-08-18 10:00:00+00:00,0.023450469623025313,0.023450469623025313,0.023450469623025313,0.023450469623025313,158.32643255405515
2026-08-18 11:00:00+00:00,0.023450241227603176,0.023450241227603176,0.023450241227603176,0.023450241227603176,158.32489053664654
2026-08-18 12:00:00+00:00,0.02345011794267727,0.02345011794267727,0.02345011794267727,0.02345011794267727,158.32405817538384
2026-08-18 13:00:00+00:00,0.023450363498896162,0.023450363498896162,0.023450363498896162,0.023450363498896162,158.32571605434123
2026-08-18 14:00:00+00:00,0.023450109699444013,0.023450109699444013,0.023450109699444013,0.023450109699444013,158.3240025209882
2026-08-18 15:00:00+00:00,0.023522312525401008,0.023522312525401008,0.023522312525401008,0.023522312525401008,161.0837484064094
2026-08-18 16:00:00+00:00,0.02780746726893244,0.02780746726893244,0.02780746726893244,0.02780746726893244,2.780746726893244
2026-08-18 17:00:00+00:00,0.027807837375779732,0.027807837375779732,0.027807837375779732,0.027807837375779732,2.7807837375779734
2026-08-18 18:00:00+00:00,0.02780028171254994,0.02780028171254994,0.02780028171254994,0.02780028171254994,2.780028171254994
2026-08-18 19:00:00+00:00,0.027798727850923653,0.027798727850923653,0.027798727850923653,0.027798727850923653,2.779872785092365
2026-08-18 20:00:00+00:00,0.027796724497627653,0.027796724497627653,0.027796724497627653,0.027796724497627653,2.7796724497627654
2026-08-18 21:00:00+00:00,0.027797616554617693,0.027797616554617693,0.027797616554617693,0.027797616554617693,2.779761655461769
2026-08-18 22:00:00+00:00,0.027796219711672794,0.027796219711672794,0.027796219711672794,0.027796219711672794,2.7796219711672796
2026-08-18 23:00:00+00:00,0.027796219711672794,0.027796219711672794,0.027796219711672794,0.027796219711672794,2.7796219711672796
2026-08-19 00:00:00+00:00,0.027796219711672794,0.027796219711672794,0.027796219711672794,0.027796219711672794,2.7796219711672796
2026-08-19 01:00:00+00:00,0.027796219711672794,0.027796219711672794,0.027796219711672794,0.027796219711672794,2.7796219711672796
2026-08-19 02:00:00+00:00,0.027796219711672794,0.027796219711672794,0.027796219711672794,0.027796219711672794,2.7796219711672796
2026-08-19 03:00:00+00:00,0.027796219711672794,0.027796219711672794,0.027796219711672794,0.027796219711672794,2.7796219711672796
2026-08-19 04:00:00+00:00,0.027796219711672794,0.027796219711672794,0.027796219711672794,0.027796219711672794,2.7796219711672796
2026-08-19 05:00:00+00:00,0.027796219711672794,0.027796219711672794,0.027796219711672794,0.027796219711672794,2.7796219711672796
2026-08-19 06:00:00+00:00,0.027796219711672794,0.027796219711672794,0.027796219711672794,0.027796219711672794,2.7796219711672796
2026-08-19 07:00:00+00:00,0.027796219711672794,0.027796219711672794,0.027796219711672794,0.027796219711672794,2.7796219711672796
2026-08-19 08:00:00+00:00,0.027796219711672794,0.027796219711672794,0.027796219711672794,0.027796219711672794,2.7796219711672796
2026-08-19 09:00:00+00:00,0.029531251642705803,0.029531251642705803,0.029531251642705803,0.029531251642705803,50.369994800957016
2026-08-19 10:00:00+00:00,0.02954966231725762,0.02954966231725762,0.02954966231725762,0.02954966231725762,50.40139697762995
2026-08-19 11:00:00+00:00,0.029550490077805528,0.029550490077805528,0.029550490077805528,0.029550490077805528,50.40280884784117
2026-08-19 12:00:00+00:00,0.029540127208643508,0.029540127208643508,0.029540127208643508,0.029540127208643508,50.38513341463809
2026-08-19 13:00:00+00:00,0.02962075212510603,0.02962075212510603,0.02962075212510603,0.02962075212510603,50.52265134554665
2026-08-19 14:00:00+00:00,0.029674525332905766,0.029674525332905766,0.029674525332905766,0.029674525332905766,50.61436964553861
2026-08-19 15:00:00+00:00,0.029688328990877925,0.029688328990877925,0.029688328990877925,0.029688328990877925,47.66908096288647
2026-08-19 16:00:00+00:00,0.02929154795539033,0.02929154795539033,0.02929154795539033,0.02929154795539033,49.9528597565757
2026-08-19 17:00:00+00:00,0.02929867502406082,0.02929867502406082,0.02929867502406082,0.02929867502406082,49.964607011041856
2026-08-19 18:00:00+00:00,0.02886385596463635,0.02886385596463635,0.02886385596463635,0.02886385596463635,78.95889946097218
2026-08-19 19:00:00+00:00,0.02889630215216091,0.02889630215216091,0.02889630215216091,0.02889630215216091,79.04576577514358
2026-08-19 20:00:00+00:00,0.028905255911740563,0.028905255911740563,0.028905255911740563,0.028905255911740563,79.06977266729591
2026-08-19 21:00:00+00:00,0.028889375922510684,0.028889375922510684,0.028889375922510684,0.028889375922510684,79.48940603739183
2026-08-19 22:00:00+00:00,0.028379532267342297,0.028379532267342297,0.028379532267342297,0.028379532267342297,123.62637425994477
2026-08-19 23:00:00+00:00,0.02838289388085726,0.02838289388085726,0.02838289388085726,0.02838289388085726,123.64148098378169
2026-08-20 00:00:00+00:00,0.028379840802417986,0.028379840802417986,0.028379840802417986,0.028379840802417986,123.62862369937781
2026-08-20 01:00:00+00:00,0.028381052486952427,0.028381052486952427,0.028381052486952427,0.028381052486952427,123.63402271108458
2026-08-20 02:00:00+00:00,0.02838678674809374,0.02838678674809374,0.02838678674809374,0.02838678674809374,123.65780828004219
2026-08-20 03:00:00+00:00,0.028384572640913323,0.028384572640913323,0.028384572640913323,0.028384572640913323,123.6489952030972
2026-08-20 04:00:00+00:00,0.028394892623760458,0.028394892623760458,0.028394892623760458,0.028394892623760458,123.69178161583618
2026-08-20 05:00:00+00:00,0.028381951287422647,0.028381951287422647,0.028381951287422647,0.028381951287422647,123.63850764247395
2026-08-20 06:00:00+00:00,0.02920827444195991,0.02920827444195991,0.02920827444195991,0.02920827444195991,154.74721419832647
2026-08-20 07:00:00+00:00,0.028646878774372848,0.028646878774372848,0.028646878774372848,0.028646878774372848,180.06336127037554
2026-08-20 08:00:00+00:00,0.029008029055095794,0.029008029055095794,0.029008029055095794,0.029008029055095794,483.98308343837124
2026-08-20 09:00:00+00:00,0.029058530373815335,0.029058530373815335,0.029058530373815335,0.029058530373815335,513.8735311107414
2026-08-20 10:00:00+00:00,0.028057131875079053,0.028057131875079053,0.028057131875079053,0.028057131875079053,1293.0617054818408
2026-08-20 11:00:00+00:00,0.027042816839877092,0.027042816839877092,0.027042816839877092,0.027042816839877092,2169.2879012287017
2026-08-20 12:00:00+00:00,0.027599327669139577,0.027599327669139577,0.027599327669139577,0.027599327669139577,3087.5464724580424
2026-08-20 13:00:00+00:00,0.027825291594641928,0.027825291594641928,0.027825291594641928,0.027825291594641928,3416.1245037569865
2026-08-20 14:00:00+00:00,0.027758109859326606,0.027758109859326606,0.027758109859326606,0.027758109859326606,3404.290571256824
2026-08-20 15:00:00+00:00,0.027772236512980216,0.027772236512980216,0.027772236512980216,0.027772236512980216,3405.845012132787
2026-08-20 16:00:00+00:00,0.027769571478137987,0.027769571478137987,0.027769571478137987,0.027769571478137987,3519.5187292341925
2026-08-20 17:00:00+00:00,0.02773867872216517,0.02773867872216517,0.02773867872216517,0.02773867872216517,3527.9744523635864
2026-08-20 18:00:00+00:00,0.027676298632417513,0.027676298632417513,0.027676298632417513,0.027676298632417513,3603.2069420432936
2026-08-20 19:00:00+00:00,0.027678033746186805,0.027678033746186805,0.027678033746186805,0.027678033746186805,3603.394847204563
2026-08-20 20:00:00+00:00,0.027558340378829503,0.027558340378829503,0.027558340378829503,0.027558340378829503,3641.3771331610824
2026-08-20 21:00:00+00:00,0.02756193668449801,0.02756193668449801,0.02756193668449801,0.02756193668449801,3641.443212464948
2026-08-20 22:00:00+00:00,0.027580690289058123,0.027580690289058123,0.027580690289058123,0.027580690289058123,3600.7664083533996
2026-08-20 23:00:00+00:00,0.027591910200122027,0.027591910200122027,0.027591910200122027,0.027591910200122027,3602.086204707537
2026-08-21 00:00:00+00:00,0.027601635084285505,0.027601635084285505,0.027601635084285505,0.027601635084285505,3603.7005394873822
2026-08-21 01:00:00+00:00,0.02759296416050191,0.02759296416050191,0.02759296416050191,0.02759296416050191,3602.684211978076
2026-08-21 02:00:00+00:00,0.027604949030542975,0.027604949030542975,0.027604949030542975,0.027604949030542975,3607.3803490788314
2026-08-21 03:00:00+00:00,0.02761756621673438,0.02761756621673438,0.02761756621673438,0.02761756621673438,3608.8776887611775
2026-08-21 04:00:00+00:00,0.027614856953895223,0.027614856953895223,0.027614856953895223,0.027614856953895223,3608.568777947895
2026-08-21 05:00:00+00:00,0.027612308307065927,0.027612308307065927,0.027612308307065927,0.027612308307065927,3608.268804673992
2026-08-21 06:00:00+00:00,0.027593662855461373,0.027593662855461373,0.027593662855461373,0.027593662855461373,3557.815220408997
2026-08-21 07:00:00+00:00,0.027671153345387015,0.027671153345387015,0.027671153345387015,0.027671153345387015,3706.527037239561
2026-08-21 08:00:00+00:00,0.02724289944264887,0.02724289944264887,0.02724289944264887,0.02724289944264887,3564.564424887941
2026-08-21 09:00:00+00:00,0.027250671178232228,0.027250671178232228,0.027250671178232228,0.027250671178232228,3537.9836365907545
2026-08-21 10:00:00+00:00,0.026624414638903138,0.026624414638903138,0.026624414638903138,0.026624414638903138,2667.423343119025
2026-08-21 11:00:00+00:00,0.027974329111101134,0.027974329111101134,0.027974329111101134,0.027974329111101134,1841.52459069739
2026-08-21 12:00:00+00:00,0.02689648856484597,0.02689648856484597,0.02689648856484597,0.02689648856484597,990.1664582633109
2026-08-21 13:00:00+00:00,0.026071700419811918,0.026071700419811918,0.026071700419811918,0.026071700419811918,682.3592917350627
2026-08-21 14:00:00+00:00,0.027246414519330596,0.027246414519330596,0.027246414519330596,0.027246414519330596,1091.114063119678
2026-08-21 15:00:00+00:00,0.026168223369636267,0.026168223369636267,0.026168223369636267,0.026168223369636267,1098.3207349119011
2026-08-21 16:00:00+00:00,0.027602366995943383,0.027602366995943383,0.027602366995943383,0.027602366995943383,1311.2832937184612
2026-08-21 17:00:00+00:00,0.02892470628757363,0.02892470628757363,0.02892470628757363,0.02892470628757363,1860.7922628504502
2026-08-21 18:00:00+00:00,0.028847085681980238,0.028847085681980238,0.028847085681980238,0.028847085681980238,1770.1280112268428
2026-08-21 19:00:00+00:00,0.02885520272100222,0.02885520272100222,0.02885520272100222,0.02885520272100222,1770.6017171063704
2026-08-21 20:00:00+00:00,0.02903893179502796,0.02903893179502796,0.02903893179502796,0.02903893179502796,1721.065661311723
2026-08-21 21:00:00+00:00,0.034592651814548354,0.034592651814548354,0.034592651814548354,0.034592651814548354,7338.48452224998
2026-08-21 22:00:00+00:00,0.034590145727270996,0.034590145727270996,0.034590145727270996,0.034590145727270996,7362.157769473174
2026-08-21 23:00:00+00:00,0.034531861776907403,0.034531861776907403,0.034531861776907403,0.034531861776907403,7375.830256416436
2026-08-22 00:00:00+00:00,0.03448362805910326,0.03448362805910326,0.03448362805910326,0.03448362805910326,7402.327893996943
