observation_id,coin_id,symbol,coin_name,price,observed_at_utc,provider_last_updated_at,source
bc101db5785d40c7a9ffe71f26a9be47,bitcoin,BTC,Bitcoin,77762.0,2026-08-21T10:53:13Z,1787309490,CoinGecko simple/price
90ab3ece85cf4c5f8dc33d3586927059,ethereum,ETH,Ethereum,2397.39,2026-08-21T10:53:13Z,1787309490,CoinGecko simple/price
4f60c313c55f46bbbe0f2ddfadf4d334,tether,USDT,Tether,0.999705,2026-08-21T10:53:13Z,1787309480,CoinGecko simple/price
bdf64f85452744729871cbed07230a8c,binancecoin,BNB,BNB,679.14,2026-08-21T10:53:13Z,1787309490,CoinGecko simple/price
f201389676094a5297415750d15eecad,solana,SOL,Solana,91.41,2026-08-21T10:53:13Z,1787309500,CoinGecko simple/price
ca3cfdeb92cd41caa3c2784288c22996,usd-coin,USDC,USDC,0.999778,2026-08-21T10:53:13Z,1787309500,CoinGecko simple/price
4f0e5e949d0a43e0b851c8fcb0255dc7,ripple,XRP,XRP,1.38,2026-08-21T10:53:13Z,1787309490,CoinGecko simple/price
d93a77fd86664c0f9927fc2ad83e0b97,dogecoin,DOGE,Dogecoin,0.083973,2026-08-21T10:53:13Z,1787309490,CoinGecko simple/price
fa879d8726d545d18d1b62b7755ff1fa,cardano,ADA,Cardano,0.213706,2026-08-21T10:53:13Z,1787309490,CoinGecko simple/price
12e0b586340743f18f9d54da86f37075,tron,TRX,TRON,0.339935,2026-08-21T10:53:13Z,1787309500,CoinGecko simple/price
45839d2dba144638b512eba179070176,avalanche-2,AVAX,Avalanche,7.59,2026-08-21T10:53:13Z,1787309490,CoinGecko simple/price
80bdece8462544c09421f538056cecc5,chainlink,LINK,Chainlink,11.4,2026-08-21T10:53:13Z,1787309500,CoinGecko simple/price
4473a4c02f4348609985de09651e8a56,shiba-inu,SHIB,Shiba Inu,5.22e-06,2026-08-21T10:53:13Z,1787309490,CoinGecko simple/price
f9df15d9861c4108866eb8bb28e20590,polkadot,DOT,Polkadot,0.886889,2026-08-21T10:53:13Z,1787309490,CoinGecko simple/price
ea5ac36b5df0459ca08d4c62d155b892,wrapped-bitcoin,WBTC,Wrapped Bitcoin,77699.0,2026-08-21T10:53:13Z,1787309500,CoinGecko simple/price
32c9baa2b74c41bd8286d30186ebbec2,bitcoin-cash,BCH,Bitcoin Cash,262.99,2026-08-21T10:53:13Z,1787309490,CoinGecko simple/price
c0c66e88a9e14513b6269420cccc92ab,litecoin,LTC,Litecoin,50.67,2026-08-21T10:53:13Z,1787309500,CoinGecko simple/price
6ac985b0ff9f4252b4ea5d5d013466fb,near,NEAR,NEAR Protocol,1.9,2026-08-21T10:53:13Z,1787309490,CoinGecko simple/price
3c3197af7ecb48a6b1a8cac1ffbe4248,uniswap,UNI,Uniswap,3.93,2026-08-21T10:53:13Z,1787309490,CoinGecko simple/price
81c47e25c7bd44db87b999e4b8390644,stellar,XLM,Stellar,0.191482,2026-08-21T10:53:13Z,1787309490,CoinGecko simple/price
b54333e6048a425fa32615e574bc15b1,internet-computer,ICP,Internet Computer,2.47,2026-08-21T10:53:13Z,1787309500,CoinGecko simple/price
9c72afc93f704437bf3cf26ad42d8f40,aptos,APT,Aptos,0.627048,2026-08-21T10:53:13Z,1787309500,CoinGecko simple/price
0126daee016f45e7a0ea7508204114d4,sui,SUI,Sui,0.800467,2026-08-21T10:53:13Z,1787309490,CoinGecko simple/price
d5dc0e28ba9e4c9884a69f83cd442486,filecoin,FIL,Filecoin,0.778152,2026-08-21T10:53:13Z,1787309490,CoinGecko simple/price
d4c032abfbf24463badae228c56e6f7b,cosmos,ATOM,Cosmos Hub,1.57,2026-08-21T10:53:13Z,1787309490,CoinGecko simple/price
3a33c5db3eba4f9fba79480be5414224,vechain,VET,VeChain,0.00540248,2026-08-21T10:53:13Z,1787309500,CoinGecko simple/price
cecd29bba7a04b84a8ed5c182192f03a,aave,AAVE,Aave,112.57,2026-08-21T10:53:13Z,1787309480,CoinGecko simple/price
281eb4848d0346a4bcc753e2f25d3d7f,algorand,ALGO,Algorand,0.092134,2026-08-21T10:53:13Z,1787309500,CoinGecko simple/price
07b28e579ea6414d95549d13308335e7,the-graph,GRT,The Graph,0.01640196,2026-08-21T10:53:13Z,1787309500,CoinGecko simple/price
005faf6ad9af47bfa0d75af7c537e7b6,arbitrum,ARB,Arbitrum,0.095486,2026-08-21T10:53:13Z,1787309500,CoinGecko simple/price
cab71614b98f441cb0a9f3a5e84e31c4,optimism,OP,Optimism,0.101077,2026-08-21T10:53:13Z,1787309490,CoinGecko simple/price
f0d5410d6600447fbd8433556775043c,render-token,RENDER,Render,1.48,2026-08-21T10:53:13Z,1787309500,CoinGecko simple/price
8ae7a9d3e8354ae4aa54854297abb867,injective-protocol,INJ,Injective,4.92,2026-08-21T10:53:13Z,1787309490,CoinGecko simple/price
fc73ffa29d6848cebafc2fc1905ee59a,maker,MKR,Maker,1511.25,2026-08-21T10:53:13Z,1787309500,CoinGecko simple/price
ab77d85bafb24adcad27e1013203c472,the-sandbox,SAND,The Sandbox,0.04714063,2026-08-21T10:53:13Z,1787309500,CoinGecko simple/price
9bbacfe0160a4fe88865da9e4937e5ae,decentraland,MANA,Decentraland,0.07474,2026-08-21T10:53:13Z,1787309500,CoinGecko simple/price
783d9d1e572d4fe092d1a1d9aeea6593,axie-infinity,AXS,Axie Infinity,1.011,2026-08-21T10:53:13Z,1787309500,CoinGecko simple/price
69ccf416dfda476296b6512c147647d5,tezos,XTZ,Tezos,0.229088,2026-08-21T10:53:13Z,1787309500,CoinGecko simple/price
37970c6fb200463fb34e2e2b1c1d89b0,eos,EOS,EOS,0.072013,2026-08-21T10:53:13Z,1787309500,CoinGecko simple/price
80621bad802e4e52a2d5576dd9494d8e,theta-token,THETA,Theta Network,0.175571,2026-08-21T10:53:13Z,1787309480,CoinGecko simple/price
34c8dba73a944d93a18931d2922fa01f,flow,FLOW,Flow,0.03120022,2026-08-21T10:53:13Z,1787309480,CoinGecko simple/price
5459f4bc53514ba9b550852ad93510ab,fantom,FTM,Fantom,0.02638223,2026-08-21T10:53:13Z,1787309500,CoinGecko simple/price
79e72465b9ff4d7496eb73b9fdd9aeeb,neo,NEO,Neo,2.12,2026-08-21T10:53:13Z,1787309500,CoinGecko simple/price
82c05dbc00da485da41a464599d94320,kucoin-shares,KCS,KuCoin Token,7.73,2026-08-21T10:53:13Z,1787309500,CoinGecko simple/price
0e49d93a99b140b6b1f02131c57a2e58,wrapped-steth,WSTETH,Wrapped stETH,2976.96,2026-08-21T10:53:13Z,1787309500,CoinGecko simple/price
2c9476c719f54387a471205401d81e80,mantle,MNT,Mantle,0.515721,2026-08-21T10:53:13Z,1787309500,CoinGecko simple/price
caaea5aa257244979016a65023f77e19,immutable-x,IMX,Immutable,0.124112,2026-08-21T10:53:13Z,1787309500,CoinGecko simple/price
855fff4786dd49c7a077a2288c8b329d,hedera-hashgraph,HBAR,Hedera,0.077117,2026-08-21T10:53:13Z,1787309490,CoinGecko simple/price
9262cc83d4f448568ea0e0948937a575,kaspa,KAS,Kaspa,0.02935466,2026-08-21T10:53:13Z,1787309500,CoinGecko simple/price
604c76bc410b4f1fb6dafd4a94f9d1a3,monero,XMR,Monero,411.95,2026-08-21T10:53:13Z,1787309490,CoinGecko simple/price
97995aa66e4345c98d1d8e1e42269c5b,bitcoin,BTC,Bitcoin,77522.0,2026-08-21T11:24:08Z,1787311350,CoinGecko simple/price
348ce754d4c14d7fb6f1df8e634f3ab0,ethereum,ETH,Ethereum,2382.74,2026-08-21T11:24:08Z,1787311350,CoinGecko simple/price
37b57cbd86664c4e9b309387aba177ab,tether,USDT,Tether,0.999691,2026-08-21T11:24:08Z,1787311350,CoinGecko simple/price
47058198d4e940dcb2da72670235722d,binancecoin,BNB,BNB,676.86,2026-08-21T11:24:08Z,1787311350,CoinGecko simple/price
82e4c06dfdbe4939b8d7bf3338ee0eef,solana,SOL,Solana,90.98,2026-08-21T11:24:08Z,1787311350,CoinGecko simple/price
e0c9f5f47ee94027bd1c65b49ae7b094,usd-coin,USDC,USDC,0.999804,2026-08-21T11:24:08Z,1787311350,CoinGecko simple/price
e05c3b14633a461eb37b6e03d64e0729,ripple,XRP,XRP,1.39,2026-08-21T11:24:08Z,1787311350,CoinGecko simple/price
3ea13b6f2d5d451bbe0608617b169b5c,dogecoin,DOGE,Dogecoin,0.084234,2026-08-21T11:24:08Z,1787311370,CoinGecko simple/price
9368b537a5904068b808de62ea5dafb3,cardano,ADA,Cardano,0.214554,2026-08-21T11:24:08Z,1787311350,CoinGecko simple/price
9842b4ce152241d292b2defa6de784a6,tron,TRX,TRON,0.339853,2026-08-21T11:24:08Z,1787311350,CoinGecko simple/price
eb0cb916c9d84993891da4ec57e4563d,avalanche-2,AVAX,Avalanche,7.6,2026-08-21T11:24:08Z,1787311350,CoinGecko simple/price
7c2c2fc645bb448cb9348548a8a64f4f,chainlink,LINK,Chainlink,11.39,2026-08-21T11:24:08Z,1787311350,CoinGecko simple/price
284942084cdb428c9b60d540a5545c5b,shiba-inu,SHIB,Shiba Inu,5.27e-06,2026-08-21T11:24:08Z,1787311350,CoinGecko simple/price
c377f0d8a31b430a9679eecd8a9739db,polkadot,DOT,Polkadot,0.890171,2026-08-21T11:24:08Z,1787311350,CoinGecko simple/price
f06a64a3a8e344f1aabfada0d1bbc1db,wrapped-bitcoin,WBTC,Wrapped Bitcoin,77399.0,2026-08-21T11:24:08Z,1787311350,CoinGecko simple/price
a849b17d258c434890084ac98eeac4f3,bitcoin-cash,BCH,Bitcoin Cash,261.97,2026-08-21T11:24:08Z,1787311350,CoinGecko simple/price
903482d352ac4da395768570c9b42c6d,litecoin,LTC,Litecoin,50.78,2026-08-21T11:24:08Z,1787311350,CoinGecko simple/price
76cce638c16940e893279be53c597840,near,NEAR,NEAR Protocol,1.89,2026-08-21T11:24:08Z,1787311350,CoinGecko simple/price
2682a5f80ccc4322bba6b4a2de8d3a9b,uniswap,UNI,Uniswap,3.94,2026-08-21T11:24:08Z,1787311350,CoinGecko simple/price
5d8c63e777334e9488a33855246e7127,stellar,XLM,Stellar,0.190371,2026-08-21T11:24:08Z,1787311350,CoinGecko simple/price
dcfa297065a444108902cc08601bc972,internet-computer,ICP,Internet Computer,2.47,2026-08-21T11:24:08Z,1787311350,CoinGecko simple/price
7cc434385c4542d5ac3976b3151bdc78,aptos,APT,Aptos,0.628955,2026-08-21T11:24:08Z,1787311350,CoinGecko simple/price
1422acd60b564cd883a23b027a5a5b0f,sui,SUI,Sui,0.796823,2026-08-21T11:24:08Z,1787311370,CoinGecko simple/price
90ea86966cbb49f29f1b025ea660d391,filecoin,FIL,Filecoin,0.776275,2026-08-21T11:24:08Z,1787311350,CoinGecko simple/price
b045bbfb6032431c8a30ebc9f29adcc0,cosmos,ATOM,Cosmos Hub,1.57,2026-08-21T11:24:08Z,1787311350,CoinGecko simple/price
8cb7aa4423dc45e39fd11c8e075f3db2,vechain,VET,VeChain,0.00539699,2026-08-21T11:24:08Z,1787311350,CoinGecko simple/price
e08cbd1aca6d4796abcd46f5cc787219,aave,AAVE,Aave,113.14,2026-08-21T11:24:08Z,1787311350,CoinGecko simple/price
515c1f6151404aa6b5c9f7ad924a8706,algorand,ALGO,Algorand,0.092773,2026-08-21T11:24:08Z,1787311350,CoinGecko simple/price
6ee9810a6ceb4c33a90a6badb04472a0,the-graph,GRT,The Graph,0.01636151,2026-08-21T11:24:08Z,1787311350,CoinGecko simple/price
9cd313d51b494f699495987c202859d8,arbitrum,ARB,Arbitrum,0.09563,2026-08-21T11:24:08Z,1787311350,CoinGecko simple/price
eab632f10d77424696e4bbe7d8479949,optimism,OP,Optimism,0.101516,2026-08-21T11:24:08Z,1787311350,CoinGecko simple/price
83b864bd724b4bbc87944afb303d03e9,render-token,RENDER,Render,1.49,2026-08-21T11:24:08Z,1787311350,CoinGecko simple/price
9b747da274a94402a38880f5cdd01899,injective-protocol,INJ,Injective,4.9,2026-08-21T11:24:08Z,1787311350,CoinGecko simple/price
d93f2b73139848128d512b166cac0e65,maker,MKR,Maker,1502.79,2026-08-21T11:24:08Z,1787311350,CoinGecko simple/price
aa26a582644d4773b63ed26a1f10f1f0,the-sandbox,SAND,The Sandbox,0.04713912,2026-08-21T11:24:08Z,1787311350,CoinGecko simple/price
d1f00fcd57ba48ec9c28ec885eaa5273,decentraland,MANA,Decentraland,0.074835,2026-08-21T11:24:08Z,1787311350,CoinGecko simple/price
88621bc6faba40bba131a4c07c7b1f89,axie-infinity,AXS,Axie Infinity,1.017,2026-08-21T11:24:08Z,1787311350,CoinGecko simple/price
c0a3bccca8b6438f8c6b841d444476a6,tezos,XTZ,Tezos,0.228891,2026-08-21T11:24:08Z,1787311370,CoinGecko simple/price
2a0b964c60a5411a8e47f90b04870cb6,eos,EOS,EOS,0.071604,2026-08-21T11:24:08Z,1787311350,CoinGecko simple/price
86c4ccfcbaa449fab7558a79394da6fd,theta-token,THETA,Theta Network,0.175441,2026-08-21T11:24:08Z,1787311350,CoinGecko simple/price
8d442617dbf54f539ee34909ea4396a6,flow,FLOW,Flow,0.03116333,2026-08-21T11:24:08Z,1787311370,CoinGecko simple/price
062ffc9a1b1d40069eeeb527f6c726f2,fantom,FTM,Fantom,0.02696879,2026-08-21T11:24:08Z,1787311350,CoinGecko simple/price
331c1b8c9acb4f4bb5b5f8bb60cabf54,neo,NEO,Neo,2.1,2026-08-21T11:24:08Z,1787311350,CoinGecko simple/price
a6548454037a493b947ce82a2a263e28,kucoin-shares,KCS,KuCoin Token,7.76,2026-08-21T11:24:08Z,1787311370,CoinGecko simple/price
89874ef5b9854a97a53b14f32d6e83b1,wrapped-steth,WSTETH,Wrapped stETH,2958.77,2026-08-21T11:24:08Z,1787311350,CoinGecko simple/price
cc8b6214ba4d402082c3d1a503f2f78a,mantle,MNT,Mantle,0.517281,2026-08-21T11:24:08Z,1787311350,CoinGecko simple/price
e02a6ef2789e4cdfb7079f97efd9afa7,immutable-x,IMX,Immutable,0.123426,2026-08-21T11:24:08Z,1787311350,CoinGecko simple/price
f8b82a95fd6840e2b8ae270a0604bcf2,hedera-hashgraph,HBAR,Hedera,0.076651,2026-08-21T11:24:08Z,1787311350,CoinGecko simple/price
1b73e588bd8c4c5aa456a7e0becb57a4,kaspa,KAS,Kaspa,0.02930669,2026-08-21T11:24:08Z,1787311370,CoinGecko simple/price
b0b4def310f845f99b25fdf89b353660,monero,XMR,Monero,411.98,2026-08-21T11:24:08Z,1787311350,CoinGecko simple/price
3749eb2ce7494a2d88f25fa73aa87212,bitcoin,BTC,Bitcoin,77410.0,2026-08-21T11:28:48Z,1787311650,CoinGecko simple/price
b4fec05f8b5b4d0b92b3f511a98bf6fb,ethereum,ETH,Ethereum,2382.61,2026-08-21T11:28:48Z,1787311640,CoinGecko simple/price
1873940ed0694799ad10d6722460d239,tether,USDT,Tether,0.999706,2026-08-21T11:28:48Z,1787311640,CoinGecko simple/price
21dc59d2ea5944dfb697ca085109a218,binancecoin,BNB,BNB,676.88,2026-08-21T11:28:48Z,1787311630,CoinGecko simple/price
b47b9cc888e44dd8af159f33e9d3cfb4,solana,SOL,Solana,90.94,2026-08-21T11:28:48Z,1787311630,CoinGecko simple/price
fdf1e7632d4942a186d6f6ec068b8b0c,usd-coin,USDC,USDC,0.999812,2026-08-21T11:28:48Z,1787311650,CoinGecko simple/price
73f8827c88cf4f248c2ec7b83c1c17ec,ripple,XRP,XRP,1.39,2026-08-21T11:28:48Z,1787311640,CoinGecko simple/price
049d196b81834f909924a17d01dac7ea,dogecoin,DOGE,Dogecoin,0.084165,2026-08-21T11:28:48Z,1787311640,CoinGecko simple/price
b3e990c4cde34d38bb007fcbe45791e8,cardano,ADA,Cardano,0.214508,2026-08-21T11:28:48Z,1787311630,CoinGecko simple/price
4d743f3654f64ca7b315e6bc69def624,tron,TRX,TRON,0.339855,2026-08-21T11:28:48Z,1787311640,CoinGecko simple/price
72c32f38eeb54e10a664b41952216bb4,avalanche-2,AVAX,Avalanche,7.6,2026-08-21T11:28:48Z,1787311630,CoinGecko simple/price
c94c0437ac7642a9950c10c6c086fd43,chainlink,LINK,Chainlink,11.41,2026-08-21T11:28:48Z,1787311630,CoinGecko simple/price
506e17333bbd4f88946ed131f2cbfd30,shiba-inu,SHIB,Shiba Inu,5.27e-06,2026-08-21T11:28:48Z,1787311630,CoinGecko simple/price
a002e227171649eeb94a1d501ea4b9c8,polkadot,DOT,Polkadot,0.890464,2026-08-21T11:28:48Z,1787311650,CoinGecko simple/price
5fd6edb6441d49c5bfa7dcf6d5f405b1,wrapped-bitcoin,WBTC,Wrapped Bitcoin,77402.0,2026-08-21T11:28:48Z,1787311630,CoinGecko simple/price
bc69a3fdbcc54a4daab760dfd2eb73ca,bitcoin-cash,BCH,Bitcoin Cash,262.22,2026-08-21T11:28:48Z,1787311630,CoinGecko simple/price
14a307af9db542d789b47268aab3a162,litecoin,LTC,Litecoin,50.7,2026-08-21T11:28:48Z,1787311630,CoinGecko simple/price
e1bc59c4c2eb4080860f29efe1963824,near,NEAR,NEAR Protocol,1.9,2026-08-21T11:28:48Z,1787311630,CoinGecko simple/price
90856c05e93f45bd8bec527390e6cc0b,uniswap,UNI,Uniswap,3.94,2026-08-21T11:28:48Z,1787311630,CoinGecko simple/price
f912e9c753f84f1e9fd3d4a571c2c02e,stellar,XLM,Stellar,0.190374,2026-08-21T11:28:48Z,1787311630,CoinGecko simple/price
b10a5ed3685540c5a272a5c47aa0c464,internet-computer,ICP,Internet Computer,2.48,2026-08-21T11:28:48Z,1787311630,CoinGecko simple/price
446e0656f22b4ed3a49209d22ac309c0,aptos,APT,Aptos,0.629555,2026-08-21T11:28:48Z,1787311630,CoinGecko simple/price
b5af51bb23454e3daf1dfb0e5a942d51,sui,SUI,Sui,0.797092,2026-08-21T11:28:48Z,1787311630,CoinGecko simple/price
1ab6e182d75d4cffbe98581b71b9d81c,filecoin,FIL,Filecoin,0.775559,2026-08-21T11:28:48Z,1787311630,CoinGecko simple/price
c9a07e2cfb0440d5807233040774f254,cosmos,ATOM,Cosmos Hub,1.57,2026-08-21T11:28:48Z,1787311650,CoinGecko simple/price
100b5b635e2a4b208dbe0ce2aab1a387,vechain,VET,VeChain,0.00540864,2026-08-21T11:28:48Z,1787311630,CoinGecko simple/price
70b4461fd3d54b46bb4e9df7ad0da5a6,aave,AAVE,Aave,112.87,2026-08-21T11:28:48Z,1787311630,CoinGecko simple/price
92c79dbd027b498aadada2998a1b08e1,algorand,ALGO,Algorand,0.093245,2026-08-21T11:28:48Z,1787311630,CoinGecko simple/price
cc9079bccf444599952f488c18452385,the-graph,GRT,The Graph,0.01633976,2026-08-21T11:28:48Z,1787311630,CoinGecko simple/price
e8117e9e379e47b3a58b0a95ea106201,arbitrum,ARB,Arbitrum,0.095838,2026-08-21T11:28:48Z,1787311630,CoinGecko simple/price
bf0e6be5caec4f608b0322c70d66d633,optimism,OP,Optimism,0.101638,2026-08-21T11:28:48Z,1787311630,CoinGecko simple/price
0f466dc5485842c7b1cf5a0aa9a83446,render-token,RENDER,Render,1.49,2026-08-21T11:28:48Z,1787311630,CoinGecko simple/price
3d2210b8ffe143f1ac9e336fc5f64f23,injective-protocol,INJ,Injective,4.9,2026-08-21T11:28:48Z,1787311650,CoinGecko simple/price
18405e9a71ae4bf493da6c7d234ad9f0,maker,MKR,Maker,1505.61,2026-08-21T11:28:48Z,1787311630,CoinGecko simple/price
1266f02d8ae542ecbd9ac08ba041bd33,the-sandbox,SAND,The Sandbox,0.04734292,2026-08-21T11:28:48Z,1787311630,CoinGecko simple/price
2f0e68af1df44d0899314a52ad41108c,decentraland,MANA,Decentraland,0.075125,2026-08-21T11:28:48Z,1787311630,CoinGecko simple/price
c98d80ec19b6470bb4afed8dcf8d8028,axie-infinity,AXS,Axie Infinity,1.019,2026-08-21T11:28:48Z,1787311630,CoinGecko simple/price
8174c5b49662464dbb2596d1b1f9c463,tezos,XTZ,Tezos,0.229217,2026-08-21T11:28:48Z,1787311630,CoinGecko simple/price
0d1d047aedc74b2387a03897b8a6af62,eos,EOS,EOS,0.072466,2026-08-21T11:28:48Z,1787311630,CoinGecko simple/price
6e414c50411e4f24a44dded7ea9bdc27,theta-token,THETA,Theta Network,0.175838,2026-08-21T11:28:48Z,1787311650,CoinGecko simple/price
aaa28bba063345b195f4131079579027,flow,FLOW,Flow,0.03119099,2026-08-21T11:28:48Z,1787311650,CoinGecko simple/price
a793bdc5105f46a8afea9f7c139eebfe,fantom,FTM,Fantom,0.02697572,2026-08-21T11:28:48Z,1787311630,CoinGecko simple/price
9c03817649c54149b2a2f94c8b30d8fa,neo,NEO,Neo,2.1,2026-08-21T11:28:48Z,1787311630,CoinGecko simple/price
4071105ab12f44e0b23f8c658eff3a49,kucoin-shares,KCS,KuCoin Token,7.74,2026-08-21T11:28:48Z,1787311630,CoinGecko simple/price
86ba53f2d6f14de1bb1a4f08bef6bb4f,wrapped-steth,WSTETH,Wrapped stETH,2960.13,2026-08-21T11:28:48Z,1787311630,CoinGecko simple/price
127393a8581b4676bb5223e2e3aa572b,mantle,MNT,Mantle,0.517799,2026-08-21T11:28:48Z,1787311630,CoinGecko simple/price
11adb866ed9a44dd80c45a6ea97f207a,immutable-x,IMX,Immutable,0.123955,2026-08-21T11:28:48Z,1787311630,CoinGecko simple/price
289766ced6e8448cab4a5bbd6a8a3ca4,hedera-hashgraph,HBAR,Hedera,0.076851,2026-08-21T11:28:48Z,1787311630,CoinGecko simple/price
0e0a9a25783846058744bef364cb3373,kaspa,KAS,Kaspa,0.02930244,2026-08-21T11:28:48Z,1787311640,CoinGecko simple/price
4ec43749f1664b32812cd1cd207b5834,monero,XMR,Monero,411.02,2026-08-21T11:28:48Z,1787311630,CoinGecko simple/price
2b7b77eaa850495a9f0fa6842c89e17b,bitcoin,BTC,Bitcoin,77410.0,2026-08-21T11:29:48Z,1787311650,CoinGecko simple/price
0011f41cf40c49a0b95715b2da089b90,ethereum,ETH,Ethereum,2382.61,2026-08-21T11:29:48Z,1787311640,CoinGecko simple/price
808c2714f24e46eaa68e92e844a0f557,tether,USDT,Tether,0.999706,2026-08-21T11:29:48Z,1787311640,CoinGecko simple/price
e0dd9787d4654dd7a804b5109795889e,binancecoin,BNB,BNB,676.88,2026-08-21T11:29:48Z,1787311630,CoinGecko simple/price
4a8a460a7fff438fa3bef360137a6218,solana,SOL,Solana,90.94,2026-08-21T11:29:48Z,1787311630,CoinGecko simple/price
db5cbb4b92854db29e6a35dd734e0125,usd-coin,USDC,USDC,0.999812,2026-08-21T11:29:48Z,1787311650,CoinGecko simple/price
e62068ccd13847cda95f6707496f0577,ripple,XRP,XRP,1.39,2026-08-21T11:29:48Z,1787311640,CoinGecko simple/price
16c2cf3e285544b18dbf3944d245d470,dogecoin,DOGE,Dogecoin,0.084165,2026-08-21T11:29:48Z,1787311640,CoinGecko simple/price
c7c5d2d6b4b74bf1a9b340fe5e7b5c7c,cardano,ADA,Cardano,0.214508,2026-08-21T11:29:48Z,1787311630,CoinGecko simple/price
c5452d3eadd1454da56a95009488affd,tron,TRX,TRON,0.339855,2026-08-21T11:29:48Z,1787311640,CoinGecko simple/price
99b460db59de4169bd187555918fe2e2,avalanche-2,AVAX,Avalanche,7.6,2026-08-21T11:29:48Z,1787311630,CoinGecko simple/price
d288763e01744d1cb6844064bf7aede5,chainlink,LINK,Chainlink,11.41,2026-08-21T11:29:48Z,1787311630,CoinGecko simple/price
192e0ca9300a488cbd93320f44f86b56,shiba-inu,SHIB,Shiba Inu,5.27e-06,2026-08-21T11:29:48Z,1787311630,CoinGecko simple/price
73d84f022e3e4420a0ddd223f7364055,polkadot,DOT,Polkadot,0.890464,2026-08-21T11:29:48Z,1787311650,CoinGecko simple/price
0da729d9c0b8427888139f87cf93bf26,wrapped-bitcoin,WBTC,Wrapped Bitcoin,77402.0,2026-08-21T11:29:48Z,1787311630,CoinGecko simple/price
63341cc5a5f04a68bfca44950f479f1f,bitcoin-cash,BCH,Bitcoin Cash,262.22,2026-08-21T11:29:48Z,1787311630,CoinGecko simple/price
a2590c303f014178832cf9ffeee2b4f1,litecoin,LTC,Litecoin,50.7,2026-08-21T11:29:48Z,1787311630,CoinGecko simple/price
0e6d1b2ad34244feac6f0e38e08d4c05,near,NEAR,NEAR Protocol,1.9,2026-08-21T11:29:48Z,1787311630,CoinGecko simple/price
d6d93606e22444e6a26a57b707ae9cb6,uniswap,UNI,Uniswap,3.94,2026-08-21T11:29:48Z,1787311630,CoinGecko simple/price
2b00fe2e7fc84220a9dfafadc4300b5f,stellar,XLM,Stellar,0.190374,2026-08-21T11:29:48Z,1787311630,CoinGecko simple/price
b2407506450244d9975c61a429fbf702,internet-computer,ICP,Internet Computer,2.48,2026-08-21T11:29:48Z,1787311630,CoinGecko simple/price
69e67d145fad479a87e792e8225526e8,aptos,APT,Aptos,0.629555,2026-08-21T11:29:48Z,1787311630,CoinGecko simple/price
d8d65e0d6bbd4007b0d66220779c3b0c,sui,SUI,Sui,0.797092,2026-08-21T11:29:48Z,1787311630,CoinGecko simple/price
dfd346ab35474250bfcd1dcf9279002e,filecoin,FIL,Filecoin,0.775559,2026-08-21T11:29:48Z,1787311630,CoinGecko simple/price
e44c46a118df40618e6eedc1c0329686,cosmos,ATOM,Cosmos Hub,1.57,2026-08-21T11:29:48Z,1787311650,CoinGecko simple/price
d47b358137da48538b31488e4f0b27bc,vechain,VET,VeChain,0.00540864,2026-08-21T11:29:48Z,1787311630,CoinGecko simple/price
1fd3b4ffde61498a852a321d0ad80390,aave,AAVE,Aave,112.87,2026-08-21T11:29:48Z,1787311630,CoinGecko simple/price
4d2380199bf546d1bd97f7f200b2e5fc,algorand,ALGO,Algorand,0.093245,2026-08-21T11:29:48Z,1787311630,CoinGecko simple/price
2dfcb648d6f74ead8c0a402b8cc0b403,the-graph,GRT,The Graph,0.01633976,2026-08-21T11:29:48Z,1787311630,CoinGecko simple/price
aef9b4c8cc2045cca2a578d22d73de1a,arbitrum,ARB,Arbitrum,0.095838,2026-08-21T11:29:48Z,1787311630,CoinGecko simple/price
f75bbc51285b4316ae22085c2ea85958,optimism,OP,Optimism,0.101638,2026-08-21T11:29:48Z,1787311630,CoinGecko simple/price
e30a528bf0574ebb8a74c9d51d3443de,render-token,RENDER,Render,1.49,2026-08-21T11:29:48Z,1787311630,CoinGecko simple/price
828c0d8ff3874b7fa5f80996d36a532e,injective-protocol,INJ,Injective,4.9,2026-08-21T11:29:48Z,1787311650,CoinGecko simple/price
be33d12339694f0889189a066a5244f4,maker,MKR,Maker,1505.61,2026-08-21T11:29:48Z,1787311630,CoinGecko simple/price
221805dd274649afb4e4942b2d157d9f,the-sandbox,SAND,The Sandbox,0.04734292,2026-08-21T11:29:48Z,1787311630,CoinGecko simple/price
47b3dc0178e945669ec2114b0017df80,decentraland,MANA,Decentraland,0.075125,2026-08-21T11:29:48Z,1787311630,CoinGecko simple/price
7c6472808a924af882c0d2276dfa8420,axie-infinity,AXS,Axie Infinity,1.019,2026-08-21T11:29:48Z,1787311630,CoinGecko simple/price
bb439a644aa24e6cabd93379345c341b,tezos,XTZ,Tezos,0.229217,2026-08-21T11:29:48Z,1787311630,CoinGecko simple/price
e63c57c158224c2a9359cddafd30403f,eos,EOS,EOS,0.072466,2026-08-21T11:29:48Z,1787311630,CoinGecko simple/price
5018f9525eac4a0f8864727c5a88513e,theta-token,THETA,Theta Network,0.175838,2026-08-21T11:29:48Z,1787311650,CoinGecko simple/price
9d1c50a55b8942ffbc12d900d64320b5,flow,FLOW,Flow,0.03119099,2026-08-21T11:29:48Z,1787311650,CoinGecko simple/price
8dc3c1f0075a471ea0a3c8b8dc41bd68,fantom,FTM,Fantom,0.02697572,2026-08-21T11:29:48Z,1787311630,CoinGecko simple/price
ad4dab49a624418eab83661c8c0f4b2b,neo,NEO,Neo,2.1,2026-08-21T11:29:48Z,1787311630,CoinGecko simple/price
e1018cae247a4688a9909948e6b3917d,kucoin-shares,KCS,KuCoin Token,7.74,2026-08-21T11:29:48Z,1787311630,CoinGecko simple/price
c3ffb0eaf8cc4bc8b11110d4ec26d2e1,wrapped-steth,WSTETH,Wrapped stETH,2960.13,2026-08-21T11:29:48Z,1787311630,CoinGecko simple/price
ffcd6fa9e13c4d9f906e8abcb7b5efb5,mantle,MNT,Mantle,0.517799,2026-08-21T11:29:48Z,1787311630,CoinGecko simple/price
a926f86a3a5b4699ba0947b5828913e5,immutable-x,IMX,Immutable,0.123955,2026-08-21T11:29:48Z,1787311630,CoinGecko simple/price
dd32769f116143ce9e2235b666b5f85f,hedera-hashgraph,HBAR,Hedera,0.076851,2026-08-21T11:29:48Z,1787311630,CoinGecko simple/price
0e25be29d47c40f5a4e45bd5495924e3,kaspa,KAS,Kaspa,0.02930244,2026-08-21T11:29:48Z,1787311640,CoinGecko simple/price
430dc00c0fd54c1b9390d247bfcb7ed5,monero,XMR,Monero,411.02,2026-08-21T11:29:48Z,1787311630,CoinGecko simple/price
88709df0598c461a977d025ae443a7ab,bitcoin,BTC,Bitcoin,77402.0,2026-08-21T11:30:48Z,1787311760,CoinGecko simple/price
6fdd5289bfe344999abfe00d301af172,ethereum,ETH,Ethereum,2383.84,2026-08-21T11:30:48Z,1787311760,CoinGecko simple/price
b2d2b19d302d4e45baa125defa319907,tether,USDT,Tether,0.999674,2026-08-21T11:30:48Z,1787311750,CoinGecko simple/price
e5586f03023d432aae9fb8613786f6fe,binancecoin,BNB,BNB,677.23,2026-08-21T11:30:48Z,1787311750,CoinGecko simple/price
af669a3dc0574b84b3f02e412a2489bd,solana,SOL,Solana,90.95,2026-08-21T11:30:48Z,1787311760,CoinGecko simple/price
94cac9b8a0a2466a87fdcf30f80ee483,usd-coin,USDC,USDC,0.999791,2026-08-21T11:30:48Z,1787311760,CoinGecko simple/price
f255b1fcc9754828ac8d336e9cd301b6,ripple,XRP,XRP,1.39,2026-08-21T11:30:48Z,1787311760,CoinGecko simple/price
650de6ffe47448b68421baf608be15a2,dogecoin,DOGE,Dogecoin,0.08411,2026-08-21T11:30:48Z,1787311750,CoinGecko simple/price
43114ea184b446f7947c0acb3f7db2be,cardano,ADA,Cardano,0.214048,2026-08-21T11:30:48Z,1787311770,CoinGecko simple/price
925fec7f942a42a6bcb4d0aa1e25fe75,tron,TRX,TRON,0.339747,2026-08-21T11:30:48Z,1787311750,CoinGecko simple/price
5ccaa826fb6248d0a8845b0e8540d71f,avalanche-2,AVAX,Avalanche,7.59,2026-08-21T11:30:48Z,1787311750,CoinGecko simple/price
3b1b4e2a0dde4e409c7428ddd3cafad3,chainlink,LINK,Chainlink,11.39,2026-08-21T11:30:48Z,1787311760,CoinGecko simple/price
730e6d3ce27447ee8082208bf52692d8,shiba-inu,SHIB,Shiba Inu,5.26e-06,2026-08-21T11:30:48Z,1787311760,CoinGecko simple/price
f00f8dd2ea9c4a97bde8f64a6b97dd6f,polkadot,DOT,Polkadot,0.890385,2026-08-21T11:30:48Z,1787311750,CoinGecko simple/price
8d235eb874484148b0e81d97aa9d725b,wrapped-bitcoin,WBTC,Wrapped Bitcoin,77321.0,2026-08-21T11:30:48Z,1787311750,CoinGecko simple/price
740e30b0cc2d4d739186532987589d36,bitcoin-cash,BCH,Bitcoin Cash,262.29,2026-08-21T11:30:48Z,1787311750,CoinGecko simple/price
70b58d511be84cbf949ec5774d5a55a0,litecoin,LTC,Litecoin,50.68,2026-08-21T11:30:48Z,1787311750,CoinGecko simple/price
a1ff3ca315f14fe19ef4cd383c781006,near,NEAR,NEAR Protocol,1.9,2026-08-21T11:30:48Z,1787311750,CoinGecko simple/price
02928df7e92141939a5167a723b3d476,uniswap,UNI,Uniswap,3.94,2026-08-21T11:30:48Z,1787311760,CoinGecko simple/price
cabbd1b3a02945f8b283472ca0b07061,stellar,XLM,Stellar,0.190376,2026-08-21T11:30:48Z,1787311750,CoinGecko simple/price
5d680348d26c4188a92271cc7cf63ff8,internet-computer,ICP,Internet Computer,2.48,2026-08-21T11:30:48Z,1787311750,CoinGecko simple/price
bf336da7a6484b318b1cbefaccdb913e,aptos,APT,Aptos,0.630159,2026-08-21T11:30:48Z,1787311750,CoinGecko simple/price
c3b6ca341cbc435ea89b91a93961dafd,sui,SUI,Sui,0.797036,2026-08-21T11:30:48Z,1787311750,CoinGecko simple/price
a1fd04e33e694638b59c074e6a42bb1d,filecoin,FIL,Filecoin,0.775437,2026-08-21T11:30:48Z,1787311760,CoinGecko simple/price
5668dd95cd734d519dcbf16f3eb5fd31,cosmos,ATOM,Cosmos Hub,1.57,2026-08-21T11:30:48Z,1787311770,CoinGecko simple/price
9ecb4ce0f0204ce8affb56697ba198c3,vechain,VET,VeChain,0.00540871,2026-08-21T11:30:48Z,1787311770,CoinGecko simple/price
11fa1a01c2274f5aa245baf54cf0f08a,aave,AAVE,Aave,112.42,2026-08-21T11:30:48Z,1787311770,CoinGecko simple/price
c18a508b13354765b05f7c56723b952f,algorand,ALGO,Algorand,0.093084,2026-08-21T11:30:48Z,1787311770,CoinGecko simple/price
ba52e48e5def4ab3a4d75b3900db1839,the-graph,GRT,The Graph,0.01632515,2026-08-21T11:30:48Z,1787311760,CoinGecko simple/price
25e8615eb3c345b99ad197ed4d122eb2,arbitrum,ARB,Arbitrum,0.095666,2026-08-21T11:30:48Z,1787311760,CoinGecko simple/price
07ed42a62a7448e1a138c577a0f5e76a,optimism,OP,Optimism,0.101781,2026-08-21T11:30:48Z,1787311750,CoinGecko simple/price
521ef43b07074e64af6ae23321d4c89a,render-token,RENDER,Render,1.49,2026-08-21T11:30:48Z,1787311770,CoinGecko simple/price
f63ece967da94525a244502e656b0b11,injective-protocol,INJ,Injective,4.9,2026-08-21T11:30:48Z,1787311760,CoinGecko simple/price
a297af6a530544368e43148f4b60e64c,maker,MKR,Maker,1506.11,2026-08-21T11:30:48Z,1787311770,CoinGecko simple/price
2022ba40d4ee41cdb2f68e4be550e1ad,the-sandbox,SAND,The Sandbox,0.04736356,2026-08-21T11:30:48Z,1787311750,CoinGecko simple/price
1da0e8fa18a341ea982fbb44715298a4,decentraland,MANA,Decentraland,0.075445,2026-08-21T11:30:48Z,1787311750,CoinGecko simple/price
dd98f56beeb24f1dbb1941ecf163db17,axie-infinity,AXS,Axie Infinity,1.018,2026-08-21T11:30:48Z,1787311760,CoinGecko simple/price
063094bb6aad4a3c94ca257481d4c244,tezos,XTZ,Tezos,0.229608,2026-08-21T11:30:48Z,1787311770,CoinGecko simple/price
2190025f9e1e41bf8dbdd1f125cae99d,eos,EOS,EOS,0.072466,2026-08-21T11:30:48Z,1787311750,CoinGecko simple/price
cc4297ad82c6434ca01e6e9c61ce260b,theta-token,THETA,Theta Network,0.175779,2026-08-21T11:30:48Z,1787311760,CoinGecko simple/price
e4e832d4a18b43e59d44522b20ba9645,flow,FLOW,Flow,0.03119901,2026-08-21T11:30:48Z,1787311760,CoinGecko simple/price
7716321ae1f34b109c27264aaa975cb6,fantom,FTM,Fantom,0.02697579,2026-08-21T11:30:48Z,1787311770,CoinGecko simple/price
fa9dcaa490af4ccba58bab1d959015eb,neo,NEO,Neo,2.1,2026-08-21T11:30:48Z,1787311770,CoinGecko simple/price
27aa8e2f518042cda7da6313ea3ff862,kucoin-shares,KCS,KuCoin Token,7.74,2026-08-21T11:30:48Z,1787311760,CoinGecko simple/price
7e28f4988a7d4bdd8cda6ea09ba9ef39,wrapped-steth,WSTETH,Wrapped stETH,2960.58,2026-08-21T11:30:48Z,1787311770,CoinGecko simple/price
999c42ff659e447083c8109b891b6974,mantle,MNT,Mantle,0.518332,2026-08-21T11:30:48Z,1787311750,CoinGecko simple/price
cd57d4081aa0410181ca3f698f490fc7,immutable-x,IMX,Immutable,0.124362,2026-08-21T11:30:48Z,1787311750,CoinGecko simple/price
a2008bcd2f05420194eb895906a01b5e,hedera-hashgraph,HBAR,Hedera,0.076682,2026-08-21T11:30:48Z,1787311750,CoinGecko simple/price
038a9bcbfd654349b0eaefb329c12a5b,kaspa,KAS,Kaspa,0.02928825,2026-08-21T11:30:48Z,1787311770,CoinGecko simple/price
7a4af23b4a1b4d46af09fb736976fd0f,monero,XMR,Monero,412.77,2026-08-21T11:30:48Z,1787311760,CoinGecko simple/price
7934528608e741eb82192433cde34caa,bitcoin,BTC,Bitcoin,77362.0,2026-08-21T11:31:51Z,1787311820,CoinGecko simple/price
fdda35119cfa42a8ae557f5a6321d102,ethereum,ETH,Ethereum,2384.1,2026-08-21T11:31:51Z,1787311820,CoinGecko simple/price
f587ab6d5cfc46b58eb1e8f0d5ff0dc5,tether,USDT,Tether,0.999664,2026-08-21T11:31:51Z,1787311820,CoinGecko simple/price
063cc9c5ed224f48b14143204d1bcc1c,binancecoin,BNB,BNB,677.31,2026-08-21T11:31:51Z,1787311810,CoinGecko simple/price
9c7e7992f29e46eb9091f86945d38552,solana,SOL,Solana,90.95,2026-08-21T11:31:51Z,1787311820,CoinGecko simple/price
fb1b3568eca84ab9968adcd48447aa3c,usd-coin,USDC,USDC,0.999785,2026-08-21T11:31:51Z,1787311830,CoinGecko simple/price
983ae966a4354e909645ea012a98f8eb,ripple,XRP,XRP,1.39,2026-08-21T11:31:51Z,1787311830,CoinGecko simple/price
7f18caf05d324f0b9619bc656dabea66,dogecoin,DOGE,Dogecoin,0.084091,2026-08-21T11:31:51Z,1787311820,CoinGecko simple/price
1d69b715b92149f29add286ba00124f5,cardano,ADA,Cardano,0.215621,2026-08-21T11:31:51Z,1787311820,CoinGecko simple/price
94bddb22ee56428f9b557203d6d5a225,tron,TRX,TRON,0.339796,2026-08-21T11:31:51Z,1787311830,CoinGecko simple/price
7267bd6c672c4172b4c9ca36eb360575,avalanche-2,AVAX,Avalanche,7.58,2026-08-21T11:31:51Z,1787311820,CoinGecko simple/price
ec30d1f0b5364b9fa6c172c97dfd22a9,chainlink,LINK,Chainlink,11.4,2026-08-21T11:31:51Z,1787311810,CoinGecko simple/price
1061b1b9e7c34d3ead074d178d737f53,shiba-inu,SHIB,Shiba Inu,5.26e-06,2026-08-21T11:31:51Z,1787311830,CoinGecko simple/price
60a5daabbb2b440ab6c51d00b5f3449a,polkadot,DOT,Polkadot,0.89026,2026-08-21T11:31:51Z,1787311830,CoinGecko simple/price
092d7296bc0e44f9ad066fe4bd555d47,wrapped-bitcoin,WBTC,Wrapped Bitcoin,77325.0,2026-08-21T11:31:51Z,1787311830,CoinGecko simple/price
464b9792f75547f8a938fb44d2f39801,bitcoin-cash,BCH,Bitcoin Cash,262.49,2026-08-21T11:31:51Z,1787311830,CoinGecko simple/price
59c1251d7582485b9eb1376340b3c5ac,litecoin,LTC,Litecoin,50.66,2026-08-21T11:31:51Z,1787311820,CoinGecko simple/price
0798f8df6fdc4073a1f3df2be79b7728,near,NEAR,NEAR Protocol,1.9,2026-08-21T11:31:51Z,1787311820,CoinGecko simple/price
5cca2578f2d34d1b86f65eee97cbd560,uniswap,UNI,Uniswap,3.94,2026-08-21T11:31:51Z,1787311820,CoinGecko simple/price
0bc802c15fc5406c83ce58eac0482fc1,stellar,XLM,Stellar,0.19049,2026-08-21T11:31:51Z,1787311820,CoinGecko simple/price
fad935ea849b4378abc3565ae4afa82b,internet-computer,ICP,Internet Computer,2.48,2026-08-21T11:31:51Z,1787311820,CoinGecko simple/price
d0e11ac3e579442da853f30a5abb1805,aptos,APT,Aptos,0.629801,2026-08-21T11:31:51Z,1787311820,CoinGecko simple/price
4dc266323f7c4ebcbc7198225481cb9c,sui,SUI,Sui,0.797153,2026-08-21T11:31:51Z,1787311820,CoinGecko simple/price
3e45f8b19e594df19f9e557d92c1d4ee,filecoin,FIL,Filecoin,0.775532,2026-08-21T11:31:51Z,1787311820,CoinGecko simple/price
164bc80e36fd40018eee5772b02af20f,cosmos,ATOM,Cosmos Hub,1.57,2026-08-21T11:31:51Z,1787311830,CoinGecko simple/price
acc276b876bb4b3fb79a96b65bccc0f8,vechain,VET,VeChain,0.00541115,2026-08-21T11:31:51Z,1787311830,CoinGecko simple/price
47466415f92e446aafbd6512a35e376f,aave,AAVE,Aave,112.62,2026-08-21T11:31:51Z,1787311820,CoinGecko simple/price
1d6d9a61ae9f4f1aad1667fab030e298,algorand,ALGO,Algorand,0.093112,2026-08-21T11:31:51Z,1787311830,CoinGecko simple/price
74aaaaf8c83445ca811b7ad6a48a493b,the-graph,GRT,The Graph,0.01632805,2026-08-21T11:31:51Z,1787311820,CoinGecko simple/price
950aa3357f214561b934477b89a29a87,arbitrum,ARB,Arbitrum,0.095666,2026-08-21T11:31:51Z,1787311820,CoinGecko simple/price
0e6de79f1a5d43dcbd90d7fa61144ba7,optimism,OP,Optimism,0.101976,2026-08-21T11:31:51Z,1787311830,CoinGecko simple/price
0e417e84884948128468e27b25aa4a66,render-token,RENDER,Render,1.49,2026-08-21T11:31:51Z,1787311830,CoinGecko simple/price
c5563d52e1ec4706877d4749d4be7cb6,injective-protocol,INJ,Injective,4.9,2026-08-21T11:31:51Z,1787311820,CoinGecko simple/price
6c06b7732f5741a0b7cd9d4eaeab4075,maker,MKR,Maker,1506.1,2026-08-21T11:31:51Z,1787311830,CoinGecko simple/price
d659aa7216374b02a413698ea48931cc,the-sandbox,SAND,The Sandbox,0.04739676,2026-08-21T11:31:51Z,1787311830,CoinGecko simple/price
707703264bdf4eec8500c3c1853d217d,decentraland,MANA,Decentraland,0.075433,2026-08-21T11:31:51Z,1787311830,CoinGecko simple/price
8acb8e4c958448a8aa52b83cf34bb0bc,axie-infinity,AXS,Axie Infinity,1.017,2026-08-21T11:31:51Z,1787311830,CoinGecko simple/price
36770b715a1d49d984a8458cee6854fe,tezos,XTZ,Tezos,0.229424,2026-08-21T11:31:51Z,1787311830,CoinGecko simple/price
379e7b96f48e4e9581db11f2cce8232d,eos,EOS,EOS,0.072467,2026-08-21T11:31:51Z,1787311820,CoinGecko simple/price
b9e5e9a3d3ee470fb6f9f37f18a158dd,theta-token,THETA,Theta Network,0.175776,2026-08-21T11:31:51Z,1787311830,CoinGecko simple/price
db2c93997fd24c59a8e051be725af67d,flow,FLOW,Flow,0.0311961,2026-08-21T11:31:51Z,1787311830,CoinGecko simple/price
0437621af6334e1abb91b2c9bd32c449,fantom,FTM,Fantom,0.0269785,2026-08-21T11:31:51Z,1787311830,CoinGecko simple/price
ec6b110a7a9e43c0b18bec86b43f61cd,neo,NEO,Neo,2.1,2026-08-21T11:31:51Z,1787311830,CoinGecko simple/price
bf394e4404d046d9a9dea8e8f819e7a5,kucoin-shares,KCS,KuCoin Token,7.74,2026-08-21T11:31:51Z,1787311830,CoinGecko simple/price
940248c8ebba48cbb2b7b3ee1e2b6a12,wrapped-steth,WSTETH,Wrapped stETH,2961.27,2026-08-21T11:31:51Z,1787311830,CoinGecko simple/price
a7969b019f0e427db81eb46ff4916844,mantle,MNT,Mantle,0.518554,2026-08-21T11:31:51Z,1787311820,CoinGecko simple/price
5441dcc5a15942f6ae2ce36c01a5d017,immutable-x,IMX,Immutable,0.124415,2026-08-21T11:31:51Z,1787311820,CoinGecko simple/price
2b73a5d73403482db18017ad4ae75627,hedera-hashgraph,HBAR,Hedera,0.076731,2026-08-21T11:31:51Z,1787311830,CoinGecko simple/price
bd0a55b20e0e4cf1b5e3080de0d31d19,kaspa,KAS,Kaspa,0.0293105,2026-08-21T11:31:51Z,1787311830,CoinGecko simple/price
fc253131c7d04934b74cd268261c4a31,monero,XMR,Monero,413.47,2026-08-21T11:31:51Z,1787311830,CoinGecko simple/price
40eeb2290546401f912ed1b62eb2fb40,bitcoin,BTC,Bitcoin,77362.0,2026-08-21T11:32:48Z,1787311820,CoinGecko simple/price
9eccd9f2aa8644428b52e528e7cb288f,ethereum,ETH,Ethereum,2384.1,2026-08-21T11:32:48Z,1787311820,CoinGecko simple/price
d85b75254be744a8a62dc8266c188a2c,tether,USDT,Tether,0.999664,2026-08-21T11:32:48Z,1787311820,CoinGecko simple/price
a4d81de8e8514e0191d8f65c4a5625e3,binancecoin,BNB,BNB,677.31,2026-08-21T11:32:48Z,1787311810,CoinGecko simple/price
2c155858b69c4677a4893e4e8ace3f30,solana,SOL,Solana,90.95,2026-08-21T11:32:48Z,1787311820,CoinGecko simple/price
398f2d3038464d7981688e45831dfa9c,usd-coin,USDC,USDC,0.999785,2026-08-21T11:32:48Z,1787311830,CoinGecko simple/price
27707959836c4f51b8210658c26d823c,ripple,XRP,XRP,1.39,2026-08-21T11:32:48Z,1787311830,CoinGecko simple/price
39692168607a489f809eb156a6c28ee7,dogecoin,DOGE,Dogecoin,0.084091,2026-08-21T11:32:48Z,1787311820,CoinGecko simple/price
315f3fd6237e4bbebcf4027a5284e2f2,cardano,ADA,Cardano,0.215621,2026-08-21T11:32:48Z,1787311820,CoinGecko simple/price
aa038501b0a345299590e6cfdfbfb744,tron,TRX,TRON,0.339796,2026-08-21T11:32:48Z,1787311830,CoinGecko simple/price
6b0a41a54f7c4fdd979651a4a645515e,avalanche-2,AVAX,Avalanche,7.58,2026-08-21T11:32:48Z,1787311820,CoinGecko simple/price
17fb55011e7c47b5a47fe20a164c9c8a,chainlink,LINK,Chainlink,11.4,2026-08-21T11:32:48Z,1787311810,CoinGecko simple/price
7fc7e2e6190b4378a1bfe4a3aa6f918a,shiba-inu,SHIB,Shiba Inu,5.26e-06,2026-08-21T11:32:48Z,1787311830,CoinGecko simple/price
bb37292bfe0e43d18ced0b2de36f3099,polkadot,DOT,Polkadot,0.89026,2026-08-21T11:32:48Z,1787311830,CoinGecko simple/price
2eb21f5dcadd43aca0fe8343d38f9f1f,wrapped-bitcoin,WBTC,Wrapped Bitcoin,77325.0,2026-08-21T11:32:48Z,1787311830,CoinGecko simple/price
a5eb1a4b3f61400cb29a28913b4d6a23,bitcoin-cash,BCH,Bitcoin Cash,262.49,2026-08-21T11:32:48Z,1787311830,CoinGecko simple/price
d5edecf22ef34e5db4e507f90a57f2b0,litecoin,LTC,Litecoin,50.66,2026-08-21T11:32:48Z,1787311820,CoinGecko simple/price
a0333bb7acbd4978b0a153bcbd14ffb7,near,NEAR,NEAR Protocol,1.9,2026-08-21T11:32:48Z,1787311820,CoinGecko simple/price
e9fe6571c6b44a549aa82e44ef0f3345,uniswap,UNI,Uniswap,3.94,2026-08-21T11:32:48Z,1787311820,CoinGecko simple/price
83c9c82f42814c9a8ccbbed045ec22f2,stellar,XLM,Stellar,0.19049,2026-08-21T11:32:48Z,1787311820,CoinGecko simple/price
b5a9d59efb2b49b281ca6d8451ba34a8,internet-computer,ICP,Internet Computer,2.48,2026-08-21T11:32:48Z,1787311820,CoinGecko simple/price
bc3841c27b294dc68a87dee2882947cc,aptos,APT,Aptos,0.629801,2026-08-21T11:32:48Z,1787311820,CoinGecko simple/price
e1bd36e12c014cff8288b4dc635611fe,sui,SUI,Sui,0.797153,2026-08-21T11:32:48Z,1787311820,CoinGecko simple/price
12c5e48b53d546418abaf234318ce4a2,filecoin,FIL,Filecoin,0.775532,2026-08-21T11:32:48Z,1787311820,CoinGecko simple/price
f7a89f8e1f4b44e38029e51248e78ae5,cosmos,ATOM,Cosmos Hub,1.57,2026-08-21T11:32:48Z,1787311830,CoinGecko simple/price
9667452898254b1b9b78cc87ce4f094b,vechain,VET,VeChain,0.00541115,2026-08-21T11:32:48Z,1787311830,CoinGecko simple/price
6fcc8fca1ac149bea8982173edc5c1f7,aave,AAVE,Aave,112.62,2026-08-21T11:32:48Z,1787311820,CoinGecko simple/price
c1449e2bdf41401084f4795d1974ab82,algorand,ALGO,Algorand,0.093112,2026-08-21T11:32:48Z,1787311830,CoinGecko simple/price
6efe8907164f49bf85bcdd2114cac772,the-graph,GRT,The Graph,0.01632805,2026-08-21T11:32:48Z,1787311820,CoinGecko simple/price
75f18bb38dff44a394b83c998adfdd57,arbitrum,ARB,Arbitrum,0.095666,2026-08-21T11:32:48Z,1787311820,CoinGecko simple/price
899c9bd5a51443a89f10a7b92600efd6,optimism,OP,Optimism,0.101976,2026-08-21T11:32:48Z,1787311830,CoinGecko simple/price
492d4f869e444f1aab4a6006c5faddb7,render-token,RENDER,Render,1.49,2026-08-21T11:32:48Z,1787311830,CoinGecko simple/price
6982e8af3a164ea5b001624dd90cb746,injective-protocol,INJ,Injective,4.9,2026-08-21T11:32:48Z,1787311820,CoinGecko simple/price
642862ef7d7c47dda25287b680d1f95d,maker,MKR,Maker,1506.1,2026-08-21T11:32:48Z,1787311830,CoinGecko simple/price
555cf564aa6742f1aa23373171dbb605,the-sandbox,SAND,The Sandbox,0.04739676,2026-08-21T11:32:48Z,1787311830,CoinGecko simple/price
1de4896feabd4d99a6b2ba94b99fb69b,decentraland,MANA,Decentraland,0.075433,2026-08-21T11:32:48Z,1787311830,CoinGecko simple/price
45e6ac6b7a014387a2ec31e8df42d5c7,axie-infinity,AXS,Axie Infinity,1.017,2026-08-21T11:32:48Z,1787311830,CoinGecko simple/price
de79830e973a47f9a4c79e24d19edcb2,tezos,XTZ,Tezos,0.229424,2026-08-21T11:32:48Z,1787311830,CoinGecko simple/price
122bc3ee325f4df2960fb43359b91cc4,eos,EOS,EOS,0.072467,2026-08-21T11:32:48Z,1787311820,CoinGecko simple/price
8cb4631a70af4569bfbb153c02c0dc0d,theta-token,THETA,Theta Network,0.175776,2026-08-21T11:32:48Z,1787311830,CoinGecko simple/price
e233f681014d4e14a95c1f95e78cdbc2,flow,FLOW,Flow,0.0311961,2026-08-21T11:32:48Z,1787311830,CoinGecko simple/price
2d82bb6413cb4d198b496c646b52f462,fantom,FTM,Fantom,0.0269785,2026-08-21T11:32:48Z,1787311830,CoinGecko simple/price
448f32085ffb4502b39c914d78da453e,neo,NEO,Neo,2.1,2026-08-21T11:32:48Z,1787311830,CoinGecko simple/price
7d6a9cdc514c40eea618ddce18a303e5,kucoin-shares,KCS,KuCoin Token,7.74,2026-08-21T11:32:48Z,1787311830,CoinGecko simple/price
a0e5ac34902e4596836c57dea65a95cd,wrapped-steth,WSTETH,Wrapped stETH,2961.27,2026-08-21T11:32:48Z,1787311830,CoinGecko simple/price
cd03efcb76b64da68c9dbcd790dad80a,mantle,MNT,Mantle,0.518554,2026-08-21T11:32:48Z,1787311820,CoinGecko simple/price
c952e2e81f4a45a1a6f2e6f6da255e91,immutable-x,IMX,Immutable,0.124415,2026-08-21T11:32:48Z,1787311820,CoinGecko simple/price
d25d1ec9414943148da6648aaa7691b0,hedera-hashgraph,HBAR,Hedera,0.076731,2026-08-21T11:32:48Z,1787311830,CoinGecko simple/price
804fc58635eb44a4bb0b6cb610e9305a,kaspa,KAS,Kaspa,0.0293105,2026-08-21T11:32:48Z,1787311830,CoinGecko simple/price
4239a07a6c36403b9acc9f956df39e55,monero,XMR,Monero,413.47,2026-08-21T11:32:48Z,1787311830,CoinGecko simple/price
b5fd0a28a0a142c4ae432115dbd979f8,bitcoin,BTC,Bitcoin,76960.0,2026-08-21T11:33:49Z,1787311940,CoinGecko simple/price
3db1966ccfbc4211b816c338d413ad4b,ethereum,ETH,Ethereum,2374.28,2026-08-21T11:33:49Z,1787311940,CoinGecko simple/price
4001e6881e97456792bb1b437eb7dac0,tether,USDT,Tether,0.999661,2026-08-21T11:33:49Z,1787311930,CoinGecko simple/price
b79865a31d7742ff95c7e69bc61e4a22,binancecoin,BNB,BNB,675.48,2026-08-21T11:33:49Z,1787311930,CoinGecko simple/price
b039388a27b14167ac3f06a7d7504ff4,solana,SOL,Solana,90.57,2026-08-21T11:33:49Z,1787311940,CoinGecko simple/price
b63ca99421ba40cf81ea1afbb330c9c6,usd-coin,USDC,USDC,0.999775,2026-08-21T11:33:49Z,1787311930,CoinGecko simple/price
1795e33858924e1f8801bb886df565d0,ripple,XRP,XRP,1.38,2026-08-21T11:33:49Z,1787311950,CoinGecko simple/price
0a5fb4d5799349f5911f53e23c630591,dogecoin,DOGE,Dogecoin,0.083639,2026-08-21T11:33:49Z,1787311940,CoinGecko simple/price
e31cd99880494809b5df08a91c3341b3,cardano,ADA,Cardano,0.213257,2026-08-21T11:33:49Z,1787311940,CoinGecko simple/price
575086e9522541c9a195cdfcc19b6349,tron,TRX,TRON,0.339596,2026-08-21T11:33:49Z,1787311940,CoinGecko simple/price
fe7389472bce41059775a5a77ae7c9c4,avalanche-2,AVAX,Avalanche,7.53,2026-08-21T11:33:49Z,1787311940,CoinGecko simple/price
e68f0f63b4014b7d9601b9143d6eefd6,chainlink,LINK,Chainlink,11.36,2026-08-21T11:33:49Z,1787311940,CoinGecko simple/price
21ee201f99d948e3bbd80a95db1e281c,shiba-inu,SHIB,Shiba Inu,5.23e-06,2026-08-21T11:33:49Z,1787311950,CoinGecko simple/price
c930a59729164c09bcde7ac4eee7aa27,polkadot,DOT,Polkadot,0.886305,2026-08-21T11:33:49Z,1787311930,CoinGecko simple/price
1806f683719c4c8980bf57154da057cf,wrapped-bitcoin,WBTC,Wrapped Bitcoin,77177.0,2026-08-21T11:33:49Z,1787311940,CoinGecko simple/price
c37f99ec655044e9ace862a323a6d6e4,bitcoin-cash,BCH,Bitcoin Cash,262.97,2026-08-21T11:33:49Z,1787311940,CoinGecko simple/price
632bfad42b8b4e87a51a7e2b05237d8d,litecoin,LTC,Litecoin,50.45,2026-08-21T11:33:49Z,1787311940,CoinGecko simple/price
c7fcdfafd9fe4e35b11c0b6926a2893a,near,NEAR,NEAR Protocol,1.89,2026-08-21T11:33:49Z,1787311950,CoinGecko simple/price
d03bd28b2e9f43fa8cdf6fa24be8f1c3,uniswap,UNI,Uniswap,3.92,2026-08-21T11:33:49Z,1787311940,CoinGecko simple/price
50330cbe73ce4257a6d6b6d0da5586b8,stellar,XLM,Stellar,0.189469,2026-08-21T11:33:49Z,1787311940,CoinGecko simple/price
42743a05169f47e883fb1327b33cd8e9,internet-computer,ICP,Internet Computer,2.46,2026-08-21T11:33:49Z,1787311950,CoinGecko simple/price
efcd8a7427364ce5b5b9c2e8a94c8a84,aptos,APT,Aptos,0.6265,2026-08-21T11:33:49Z,1787311950,CoinGecko simple/price
a2cff70c6ae94394998dc525a6ac74e9,sui,SUI,Sui,0.792126,2026-08-21T11:33:49Z,1787311930,CoinGecko simple/price
9f269be69e2f4418b5b2a6803859f723,filecoin,FIL,Filecoin,0.770381,2026-08-21T11:33:49Z,1787311950,CoinGecko simple/price
6924527aff5b4a449a0fbd5b3ebb1b6e,cosmos,ATOM,Cosmos Hub,1.57,2026-08-21T11:33:49Z,1787311930,CoinGecko simple/price
0ec1e32c548a48ccb032fc350d6308a2,vechain,VET,VeChain,0.0053915,2026-08-21T11:33:49Z,1787311950,CoinGecko simple/price
605900c7ca4e4ef28260c2799aab69f3,aave,AAVE,Aave,112.01,2026-08-21T11:33:49Z,1787311930,CoinGecko simple/price
e9bba9ef30e7467885fd1964b515762a,algorand,ALGO,Algorand,0.092431,2026-08-21T11:33:49Z,1787311950,CoinGecko simple/price
dce5820786e545b69a711e16fcade1fa,the-graph,GRT,The Graph,0.0162453,2026-08-21T11:33:49Z,1787311950,CoinGecko simple/price
0c74234284c7491db7cfaf699344e220,arbitrum,ARB,Arbitrum,0.09525,2026-08-21T11:33:49Z,1787311940,CoinGecko simple/price
a7979ad4eee545dda504468f04bdf676,optimism,OP,Optimism,0.101354,2026-08-21T11:33:49Z,1787311950,CoinGecko simple/price
5bb4a5e2af554b1e946b4e46f4829384,render-token,RENDER,Render,1.48,2026-08-21T11:33:49Z,1787311950,CoinGecko simple/price
62914236b85b48f3a764e926d872007e,injective-protocol,INJ,Injective,4.88,2026-08-21T11:33:49Z,1787311930,CoinGecko simple/price
c6776e30d5ac49d3982ea2feae2fb666,maker,MKR,Maker,1505.12,2026-08-21T11:33:49Z,1787311950,CoinGecko simple/price
829b5963fe254761b4e4d7a83f31912c,the-sandbox,SAND,The Sandbox,0.04699367,2026-08-21T11:33:49Z,1787311950,CoinGecko simple/price
bf168e8308014c21a50685c63f6d6891,decentraland,MANA,Decentraland,0.074856,2026-08-21T11:33:49Z,1787311950,CoinGecko simple/price
3cb6a57608be4faab3a24556fe1a7489,axie-infinity,AXS,Axie Infinity,1.008,2026-08-21T11:33:49Z,1787311950,CoinGecko simple/price
ee5b00d1df274f399a753bbe7344e268,tezos,XTZ,Tezos,0.227999,2026-08-21T11:33:49Z,1787311950,CoinGecko simple/price
92c94c027e2b47a090b00bc2caa4f2c1,eos,EOS,EOS,0.072468,2026-08-21T11:33:49Z,1787311950,CoinGecko simple/price
acbdc780988640a69c5b01d39bfa35f9,theta-token,THETA,Theta Network,0.174576,2026-08-21T11:33:49Z,1787311950,CoinGecko simple/price
e396667c0cea4d729ca53ddc8f691308,flow,FLOW,Flow,0.03109818,2026-08-21T11:33:49Z,1787311940,CoinGecko simple/price
de31cc0937874e5fad3a5c3564185ba7,fantom,FTM,Fantom,0.02697926,2026-08-21T11:33:49Z,1787311940,CoinGecko simple/price
3f1160329d3d4ad7bf29f8aeecbeefd2,neo,NEO,Neo,2.09,2026-08-21T11:33:49Z,1787311950,CoinGecko simple/price
8d142c28436b4bb0b26b03ec1e9a0349,kucoin-shares,KCS,KuCoin Token,7.7,2026-08-21T11:33:49Z,1787311940,CoinGecko simple/price
338c5b07a7a443bbab818310796bac94,wrapped-steth,WSTETH,Wrapped stETH,2947.22,2026-08-21T11:33:49Z,1787311950,CoinGecko simple/price
4ce9008871b2426ab77e9aad8e7b4216,mantle,MNT,Mantle,0.517383,2026-08-21T11:33:49Z,1787311950,CoinGecko simple/price
3d4bc94e1c294a4f873c6549c8cb3a2f,immutable-x,IMX,Immutable,0.123461,2026-08-21T11:33:49Z,1787311940,CoinGecko simple/price
236ae0d8c8f8426594ee3eab5ee50bdd,hedera-hashgraph,HBAR,Hedera,0.076365,2026-08-21T11:33:49Z,1787311950,CoinGecko simple/price
fd3da5ce34bc48f7af6ce0df6aa721a5,kaspa,KAS,Kaspa,0.02919462,2026-08-21T11:33:49Z,1787311950,CoinGecko simple/price
1b326575cf374dbf98eae7347f994773,monero,XMR,Monero,411.63,2026-08-21T11:33:49Z,1787311940,CoinGecko simple/price
9a2ea77ac41c4398b14d5af37e0d2a5b,bitcoin,BTC,Bitcoin,76960.0,2026-08-21T11:34:48Z,1787311940,CoinGecko simple/price
1db0ed8e9a404abf8d5be24976aae091,ethereum,ETH,Ethereum,2374.28,2026-08-21T11:34:48Z,1787311940,CoinGecko simple/price
1a57aec9dce2430eb0a5dfdf815d2254,tether,USDT,Tether,0.999661,2026-08-21T11:34:48Z,1787311930,CoinGecko simple/price
2bbd2870b5d3463392a6eeb672a953ae,binancecoin,BNB,BNB,675.48,2026-08-21T11:34:48Z,1787311930,CoinGecko simple/price
8fcae2b2623f43d7bd6c137563c840d8,solana,SOL,Solana,90.57,2026-08-21T11:34:48Z,1787311940,CoinGecko simple/price
798fb1e7fae4435d8b9be7be6ef8fa92,usd-coin,USDC,USDC,0.999775,2026-08-21T11:34:48Z,1787311930,CoinGecko simple/price
09d8460569d345cbbfdc0b10bc7ffc5b,ripple,XRP,XRP,1.38,2026-08-21T11:34:48Z,1787311950,CoinGecko simple/price
fdafd18194fc4bc7b788b80c006cedc9,dogecoin,DOGE,Dogecoin,0.083639,2026-08-21T11:34:48Z,1787311940,CoinGecko simple/price
4fa325e03f0344f094107cc88d203e4b,cardano,ADA,Cardano,0.213257,2026-08-21T11:34:48Z,1787311940,CoinGecko simple/price
e1a950d4f0ec4040813f133f7f0920b1,tron,TRX,TRON,0.339596,2026-08-21T11:34:48Z,1787311940,CoinGecko simple/price
083d6e894cb24d86b05d24bcfbdda0a5,avalanche-2,AVAX,Avalanche,7.53,2026-08-21T11:34:48Z,1787311940,CoinGecko simple/price
62dc82ac999442a9b7d06584f2a68354,chainlink,LINK,Chainlink,11.36,2026-08-21T11:34:48Z,1787311940,CoinGecko simple/price
ef50956c5c2148ac94c51a1ca55095ae,shiba-inu,SHIB,Shiba Inu,5.23e-06,2026-08-21T11:34:48Z,1787311950,CoinGecko simple/price
68f98cf627bc4c2f8b1d7cdb8361693e,polkadot,DOT,Polkadot,0.886305,2026-08-21T11:34:48Z,1787311930,CoinGecko simple/price
a6bcdfb86b1a4e6e9ea8ab6c55a2ba41,wrapped-bitcoin,WBTC,Wrapped Bitcoin,77177.0,2026-08-21T11:34:48Z,1787311940,CoinGecko simple/price
78f6e91625c34454a218a7a2d7e4bde2,bitcoin-cash,BCH,Bitcoin Cash,262.97,2026-08-21T11:34:48Z,1787311940,CoinGecko simple/price
b0c16f7f798d4be8810579379ace445e,litecoin,LTC,Litecoin,50.45,2026-08-21T11:34:48Z,1787311940,CoinGecko simple/price
94525f2fc50342758df13ce08b4dd354,near,NEAR,NEAR Protocol,1.89,2026-08-21T11:34:48Z,1787311950,CoinGecko simple/price
42b15f0c79b6458e8a0576f7780fc86d,uniswap,UNI,Uniswap,3.92,2026-08-21T11:34:48Z,1787311940,CoinGecko simple/price
db15f2151e0d4ab88a3eed65e8e9117a,stellar,XLM,Stellar,0.189469,2026-08-21T11:34:48Z,1787311940,CoinGecko simple/price
0465fe70eeaa4ae29fdb805cf136dfec,internet-computer,ICP,Internet Computer,2.46,2026-08-21T11:34:48Z,1787311950,CoinGecko simple/price
125685fe0f1b439d9104eb1af67a0785,aptos,APT,Aptos,0.6265,2026-08-21T11:34:48Z,1787311950,CoinGecko simple/price
91e44ad776be47b7a4e2b8c5df89cfd8,sui,SUI,Sui,0.792126,2026-08-21T11:34:48Z,1787311930,CoinGecko simple/price
3130cc2a7e3940bdb81ccadfafe62aa0,filecoin,FIL,Filecoin,0.770381,2026-08-21T11:34:48Z,1787311950,CoinGecko simple/price
1e99fb2e353a417caef1c2ff74b3b64c,cosmos,ATOM,Cosmos Hub,1.57,2026-08-21T11:34:48Z,1787311930,CoinGecko simple/price
b9031c8091714451a415021b34ec0835,vechain,VET,VeChain,0.0053915,2026-08-21T11:34:48Z,1787311950,CoinGecko simple/price
59ffe67cbe07418eb732f80b18cd5a13,aave,AAVE,Aave,112.01,2026-08-21T11:34:48Z,1787311930,CoinGecko simple/price
868243ab6ce343c1af16c148718b4343,algorand,ALGO,Algorand,0.092431,2026-08-21T11:34:48Z,1787311950,CoinGecko simple/price
0d6367aaa56c4ff587c9ef96cedbbef1,the-graph,GRT,The Graph,0.0162453,2026-08-21T11:34:48Z,1787311950,CoinGecko simple/price
67be081a84a146c9865db56c7297eda8,arbitrum,ARB,Arbitrum,0.09525,2026-08-21T11:34:48Z,1787311940,CoinGecko simple/price
b20790643fb34ef9a1cd772ae4f013f9,optimism,OP,Optimism,0.101354,2026-08-21T11:34:48Z,1787311950,CoinGecko simple/price
5858892ef94b4880a061b51e95ea5335,render-token,RENDER,Render,1.48,2026-08-21T11:34:48Z,1787311950,CoinGecko simple/price
94a4ac575d8144aeb62b4bf508c0cdcd,injective-protocol,INJ,Injective,4.88,2026-08-21T11:34:48Z,1787311930,CoinGecko simple/price
86d1370caf1d4f2d8d2ccb99367ca109,maker,MKR,Maker,1505.12,2026-08-21T11:34:48Z,1787311950,CoinGecko simple/price
c27461ce65744847893b28a1bfbc71c6,the-sandbox,SAND,The Sandbox,0.04699367,2026-08-21T11:34:48Z,1787311950,CoinGecko simple/price
8e5f4ed3a0c64feaa6ecae628eafead6,decentraland,MANA,Decentraland,0.074856,2026-08-21T11:34:48Z,1787311950,CoinGecko simple/price
1df67ae5a54b4af39491b012d4fdcecf,axie-infinity,AXS,Axie Infinity,1.008,2026-08-21T11:34:48Z,1787311950,CoinGecko simple/price
a9f628051dec403d9bb7a918b48d78d3,tezos,XTZ,Tezos,0.227999,2026-08-21T11:34:48Z,1787311950,CoinGecko simple/price
6b0090cad8ff46989d9e6281b75ce571,eos,EOS,EOS,0.072468,2026-08-21T11:34:48Z,1787311950,CoinGecko simple/price
f4957f5904514d44a456533306bfa27c,theta-token,THETA,Theta Network,0.174576,2026-08-21T11:34:48Z,1787311950,CoinGecko simple/price
5126e3e585a744c198b718eca5f32d9a,flow,FLOW,Flow,0.03109818,2026-08-21T11:34:48Z,1787311940,CoinGecko simple/price
d296bc694372430fbede33a285c54f4a,fantom,FTM,Fantom,0.02697926,2026-08-21T11:34:48Z,1787311940,CoinGecko simple/price
66c0df3fc708468cacee652ec076e084,neo,NEO,Neo,2.09,2026-08-21T11:34:48Z,1787311950,CoinGecko simple/price
27fb8146560e4d0e9bd85d05642f7d03,kucoin-shares,KCS,KuCoin Token,7.7,2026-08-21T11:34:48Z,1787311940,CoinGecko simple/price
8b25cc725ebc4d94b71b7c5274454020,wrapped-steth,WSTETH,Wrapped stETH,2947.22,2026-08-21T11:34:48Z,1787311950,CoinGecko simple/price
a8ecd99b705548d8b8b2aec28cf129b9,mantle,MNT,Mantle,0.517383,2026-08-21T11:34:48Z,1787311950,CoinGecko simple/price
964b5d7a48714612be5a0a63dc3d2296,immutable-x,IMX,Immutable,0.123461,2026-08-21T11:34:48Z,1787311940,CoinGecko simple/price
39b932bdb2c348ac80c5f46cc12e9ff4,hedera-hashgraph,HBAR,Hedera,0.076365,2026-08-21T11:34:48Z,1787311950,CoinGecko simple/price
f7430bb9724d44f69c94787b4d3dc861,kaspa,KAS,Kaspa,0.02919462,2026-08-21T11:34:48Z,1787311950,CoinGecko simple/price
24c095b70b0d47d49e1c17ff2a79f4f5,monero,XMR,Monero,411.63,2026-08-21T11:34:48Z,1787311940,CoinGecko simple/price
11f0d0c7a3334d5cb021c19fc0e69115,bitcoin,BTC,Bitcoin,76622.0,2026-08-21T11:35:48Z,1787312050,CoinGecko simple/price
94ee4539cd294f5da1e888a2b7492d2d,ethereum,ETH,Ethereum,2366.97,2026-08-21T11:35:48Z,1787312050,CoinGecko simple/price
b274eec918fb493f9f38605dfbd71f29,tether,USDT,Tether,0.999652,2026-08-21T11:35:48Z,1787312050,CoinGecko simple/price
a3fca561f7a24d0bb63d4f54733298ba,binancecoin,BNB,BNB,673.08,2026-08-21T11:35:48Z,1787312050,CoinGecko simple/price
f449d1d276af4d888278d233d23ea4f7,solana,SOL,Solana,90.51,2026-08-21T11:35:48Z,1787312050,CoinGecko simple/price
5adb4dad106b4623aa534a10cbdc51b2,usd-coin,USDC,USDC,0.999751,2026-08-21T11:35:48Z,1787312070,CoinGecko simple/price
729349a79b6543c381c09fce6d070752,ripple,XRP,XRP,1.37,2026-08-21T11:35:48Z,1787312050,CoinGecko simple/price
a058720e309d4ab08b51dda19ba3be13,dogecoin,DOGE,Dogecoin,0.083309,2026-08-21T11:35:48Z,1787312050,CoinGecko simple/price
6ac5ab378efa4c75961537b49e5f63a2,cardano,ADA,Cardano,0.212668,2026-08-21T11:35:48Z,1787312050,CoinGecko simple/price
1c49ed49bba94b809138aad736e5a6f5,tron,TRX,TRON,0.339438,2026-08-21T11:35:48Z,1787312070,CoinGecko simple/price
24aae5ce30a54f8b8a4f290ff4b16a34,avalanche-2,AVAX,Avalanche,7.46,2026-08-21T11:35:48Z,1787312050,CoinGecko simple/price
11d415e1f593442f913ba17df192ed36,chainlink,LINK,Chainlink,11.32,2026-08-21T11:35:48Z,1787312050,CoinGecko simple/price
a9b6e0c9b43643bb805c8e148c4a144d,shiba-inu,SHIB,Shiba Inu,5.22e-06,2026-08-21T11:35:48Z,1787312050,CoinGecko simple/price
10cab969c6004bee8df1c25e7a31397c,polkadot,DOT,Polkadot,0.882777,2026-08-21T11:35:48Z,1787312050,CoinGecko simple/price
280ca23bca3a41958c4a321ec04e866a,wrapped-bitcoin,WBTC,Wrapped Bitcoin,76802.0,2026-08-21T11:35:48Z,1787312070,CoinGecko simple/price
202ffb39d6e94d7c8b0b2d042f14aaef,bitcoin-cash,BCH,Bitcoin Cash,262.84,2026-08-21T11:35:48Z,1787312070,CoinGecko simple/price
9fa2374848e64c44990495f637fa7164,litecoin,LTC,Litecoin,50.31,2026-08-21T11:35:48Z,1787312050,CoinGecko simple/price
a20122179c844673921f49d931b92fac,near,NEAR,NEAR Protocol,1.89,2026-08-21T11:35:48Z,1787312050,CoinGecko simple/price
e67f41d2c78b45dfaf78ecfb98e9b6a2,uniswap,UNI,Uniswap,3.89,2026-08-21T11:35:48Z,1787312050,CoinGecko simple/price
a2d922f139a5403390abed0bc55b0ce9,stellar,XLM,Stellar,0.188612,2026-08-21T11:35:48Z,1787312050,CoinGecko simple/price
a8b9f8adeeb94790bbe09be4c77fd837,internet-computer,ICP,Internet Computer,2.45,2026-08-21T11:35:48Z,1787312050,CoinGecko simple/price
d28c658c675b49ec922e090beb035f4d,aptos,APT,Aptos,0.62508,2026-08-21T11:35:48Z,1787312050,CoinGecko simple/price
a45241b18c2f4aec8045d5220200a5d3,sui,SUI,Sui,0.787419,2026-08-21T11:35:48Z,1787312050,CoinGecko simple/price
0c81b9b414bc446592ec58e35b1d146a,filecoin,FIL,Filecoin,0.768337,2026-08-21T11:35:48Z,1787312050,CoinGecko simple/price
b7bd6f4627c740349881f49e04b1189e,cosmos,ATOM,Cosmos Hub,1.56,2026-08-21T11:35:48Z,1787312050,CoinGecko simple/price
0dc599c914994513b9cc1e2d8cbc186c,vechain,VET,VeChain,0.00538324,2026-08-21T11:35:48Z,1787312050,CoinGecko simple/price
a8da260877e94b57a70a981d79f11180,aave,AAVE,Aave,111.41,2026-08-21T11:35:48Z,1787312050,CoinGecko simple/price
f477cd97f27045759151f63728a2bf57,algorand,ALGO,Algorand,0.092305,2026-08-21T11:35:48Z,1787312050,CoinGecko simple/price
9332a008c5254e0a80c275af471fb353,the-graph,GRT,The Graph,0.01622423,2026-08-21T11:35:48Z,1787312050,CoinGecko simple/price
bf2edbb2c5d1459e9cf5f082262021f6,arbitrum,ARB,Arbitrum,0.094878,2026-08-21T11:35:48Z,1787312050,CoinGecko simple/price
f6aaf894df914ab5a8256000beaa5703,optimism,OP,Optimism,0.100896,2026-08-21T11:35:48Z,1787312050,CoinGecko simple/price
99a71b53690b4d4c8183deaadc38909a,render-token,RENDER,Render,1.48,2026-08-21T11:35:48Z,1787312050,CoinGecko simple/price
32efd35aaff6481ab5616d8d1438abe0,injective-protocol,INJ,Injective,4.86,2026-08-21T11:35:48Z,1787312050,CoinGecko simple/price
74dbacf71f524a79ba89ad325794f3be,maker,MKR,Maker,1498.42,2026-08-21T11:35:48Z,1787312070,CoinGecko simple/price
530650ae2c1c4e4091f3cb87fa5d2f86,the-sandbox,SAND,The Sandbox,0.04688472,2026-08-21T11:35:48Z,1787312050,CoinGecko simple/price
bfb1a0ce259a4e2990a4a3f0ba233d06,decentraland,MANA,Decentraland,0.074643,2026-08-21T11:35:48Z,1787312050,CoinGecko simple/price
f9506833ff8f4899888548b61e461924,axie-infinity,AXS,Axie Infinity,1.007,2026-08-21T11:35:48Z,1787312050,CoinGecko simple/price
aa867b646460493896c60c656afec7a8,tezos,XTZ,Tezos,0.227648,2026-08-21T11:35:48Z,1787312070,CoinGecko simple/price
06bf941aadc74b8baebdf23efe7b8213,eos,EOS,EOS,0.072469,2026-08-21T11:35:48Z,1787312070,CoinGecko simple/price
8d66e942cc3042a0a795b3a455aebf38,theta-token,THETA,Theta Network,0.174098,2026-08-21T11:35:48Z,1787312050,CoinGecko simple/price
e13d36ad074848c0a6726b9e654da524,flow,FLOW,Flow,0.03105636,2026-08-21T11:35:48Z,1787312050,CoinGecko simple/price
a93fa0e18a7d4eacb7894d5364d1e609,fantom,FTM,Fantom,0.02697883,2026-08-21T11:35:48Z,1787312050,CoinGecko simple/price
8385d91129ec4407b3b32e69fa761c63,neo,NEO,Neo,2.09,2026-08-21T11:35:48Z,1787312050,CoinGecko simple/price
e43fce516ef54c51baf2059a5866a57a,kucoin-shares,KCS,KuCoin Token,7.7,2026-08-21T11:35:48Z,1787312050,CoinGecko simple/price
079d0ff984344c4e86d8e773a3e8508d,wrapped-steth,WSTETH,Wrapped stETH,2937.41,2026-08-21T11:35:48Z,1787312070,CoinGecko simple/price
782d9c4eb4044512875d01e43917f7d9,mantle,MNT,Mantle,0.515132,2026-08-21T11:35:48Z,1787312050,CoinGecko simple/price
3a950e6a415642519a8ee1932cbbfb86,immutable-x,IMX,Immutable,0.123308,2026-08-21T11:35:48Z,1787312050,CoinGecko simple/price
623314cfa1f84267bd22d2ba771cd8e2,hedera-hashgraph,HBAR,Hedera,0.076214,2026-08-21T11:35:48Z,1787312050,CoinGecko simple/price
5591a0f890104a6eb732162c0d4d9f34,kaspa,KAS,Kaspa,0.02905114,2026-08-21T11:35:48Z,1787312050,CoinGecko simple/price
809a0cd41ea948e0941610bcdc2e30a9,monero,XMR,Monero,411.58,2026-08-21T11:35:48Z,1787312070,CoinGecko simple/price
dadeecc79eff4e9baeb8379f370d5b60,bitcoin,BTC,Bitcoin,76866.0,2026-08-21T11:38:40Z,1787312220,CoinGecko simple/price
785436c071804430a1c7e7b33e9bfa66,ethereum,ETH,Ethereum,2369.13,2026-08-21T11:38:40Z,1787312220,CoinGecko simple/price
d9a8962bd1ca4a22a94e75c58ec30b9a,tether,USDT,Tether,0.999645,2026-08-21T11:38:40Z,1787312220,CoinGecko simple/price
ecf04bde07a6419fb9077c2fb5108024,binancecoin,BNB,BNB,674.35,2026-08-21T11:38:40Z,1787312240,CoinGecko simple/price
7635b86fbe95480eace26adef1fff743,solana,SOL,Solana,90.42,2026-08-21T11:38:40Z,1787312220,CoinGecko simple/price
2850d95ec2fe4cc2944ca613c65170d2,usd-coin,USDC,USDC,0.999763,2026-08-21T11:38:40Z,1787312220,CoinGecko simple/price
9360e3f65790409eaded19f54826a97e,ripple,XRP,XRP,1.38,2026-08-21T11:38:40Z,1787312240,CoinGecko simple/price
0c0077cffae3484fbe129107b72fbe75,dogecoin,DOGE,Dogecoin,0.083092,2026-08-21T11:38:40Z,1787312220,CoinGecko simple/price
ea7451de50c24ba0ae18ba6b248a9d24,cardano,ADA,Cardano,0.212695,2026-08-21T11:38:40Z,1787312240,CoinGecko simple/price
14e1db1a198e48398bfe80da2ff0b0d3,tron,TRX,TRON,0.339494,2026-08-21T11:38:40Z,1787312230,CoinGecko simple/price
10439ed68f9d4fb387f00933f4ea8538,avalanche-2,AVAX,Avalanche,7.47,2026-08-21T11:38:40Z,1787312220,CoinGecko simple/price
7b481b3b0206404f8599f2d70c4f0b94,chainlink,LINK,Chainlink,11.29,2026-08-21T11:38:40Z,1787312230,CoinGecko simple/price
107510c050d0431f8ee5c508aef40d02,shiba-inu,SHIB,Shiba Inu,5.21e-06,2026-08-21T11:38:40Z,1787312220,CoinGecko simple/price
fe502e0825234aa78f19a96387c2b180,polkadot,DOT,Polkadot,0.884786,2026-08-21T11:38:40Z,1787312220,CoinGecko simple/price
234ca0ace47a4e84a493c3a04a9ae828,wrapped-bitcoin,WBTC,Wrapped Bitcoin,76712.0,2026-08-21T11:38:40Z,1787312220,CoinGecko simple/price
d55648b46471417ab89a920f841f9926,bitcoin-cash,BCH,Bitcoin Cash,260.98,2026-08-21T11:38:40Z,1787312240,CoinGecko simple/price
2ad90cd8a25d4f24968b6e225989c8e1,litecoin,LTC,Litecoin,50.37,2026-08-21T11:38:40Z,1787312230,CoinGecko simple/price
ccf23691408041309011583411047ad5,near,NEAR,NEAR Protocol,1.89,2026-08-21T11:38:40Z,1787312220,CoinGecko simple/price
bbb368d68b9e44fd8db7af60ba64f076,uniswap,UNI,Uniswap,3.88,2026-08-21T11:38:40Z,1787312230,CoinGecko simple/price
baed9e51dac44a50adb19a4a4d2737ac,stellar,XLM,Stellar,0.188401,2026-08-21T11:38:40Z,1787312230,CoinGecko simple/price
a286cd51ce9143cdac3506940214e537,internet-computer,ICP,Internet Computer,2.46,2026-08-21T11:38:40Z,1787312220,CoinGecko simple/price
846da903e9604b98872ba2d9c5c051f9,aptos,APT,Aptos,0.624738,2026-08-21T11:38:40Z,1787312230,CoinGecko simple/price
a83613e8c2574626b1229d1894dd9f9b,sui,SUI,Sui,0.786566,2026-08-21T11:38:40Z,1787312230,CoinGecko simple/price
b7a002b394dd4b1ea1a18f22d5ed767e,filecoin,FIL,Filecoin,0.769481,2026-08-21T11:38:40Z,1787312240,CoinGecko simple/price
d3d8b70b900e49589f1d2a7da97eadc8,cosmos,ATOM,Cosmos Hub,1.56,2026-08-21T11:38:40Z,1787312220,CoinGecko simple/price
41402eb48a1341459ed25d583e28c852,vechain,VET,VeChain,0.00539084,2026-08-21T11:38:40Z,1787312230,CoinGecko simple/price
b9ebf8f25532486a9d49dd25bbc6a7f9,aave,AAVE,Aave,111.21,2026-08-21T11:38:40Z,1787312220,CoinGecko simple/price
940499a2345d4d5baa19f30ae8e5d6f4,algorand,ALGO,Algorand,0.092121,2026-08-21T11:38:40Z,1787312230,CoinGecko simple/price
0cf528f440d144339a43d2ffa691f766,the-graph,GRT,The Graph,0.01618554,2026-08-21T11:38:40Z,1787312230,CoinGecko simple/price
b3b620f416764de780375297e7b012fe,arbitrum,ARB,Arbitrum,0.094762,2026-08-21T11:38:40Z,1787312220,CoinGecko simple/price
4fa9d3c0b0aa4a0fab8e6f7005ad019c,optimism,OP,Optimism,0.10082,2026-08-21T11:38:40Z,1787312230,CoinGecko simple/price
a946fe33bc3245168924d467d94f46fa,render-token,RENDER,Render,1.48,2026-08-21T11:38:40Z,1787312230,CoinGecko simple/price
16b9191e540646f2ac2d1ec8130f3361,injective-protocol,INJ,Injective,4.86,2026-08-21T11:38:40Z,1787312220,CoinGecko simple/price
dbbcc530ba5f4b668dcb9c95a43a73ba,maker,MKR,Maker,1498.85,2026-08-21T11:38:40Z,1787312230,CoinGecko simple/price
175ef30dd76a483cb8d30f557f0a7c51,the-sandbox,SAND,The Sandbox,0.04699638,2026-08-21T11:38:40Z,1787312230,CoinGecko simple/price
021c83e9fdd048489ca6dbfc8f1f09f9,decentraland,MANA,Decentraland,0.074779,2026-08-21T11:38:40Z,1787312230,CoinGecko simple/price
2b9e559adf2949458f3ef2e5554f9567,axie-infinity,AXS,Axie Infinity,1.01,2026-08-21T11:38:40Z,1787312230,CoinGecko simple/price
cd6c9cbcc549448f8b474f0e4a1dc0f1,tezos,XTZ,Tezos,0.227428,2026-08-21T11:38:40Z,1787312230,CoinGecko simple/price
f4ea7edccdfb46f09fd0aa374c67b635,eos,EOS,EOS,0.072292,2026-08-21T11:38:40Z,1787312230,CoinGecko simple/price
a1af59baf2514f3398523fcb98ed839f,theta-token,THETA,Theta Network,0.174859,2026-08-21T11:38:40Z,1787312240,CoinGecko simple/price
136122e3cd4449f6a90fb3e4534a41ca,flow,FLOW,Flow,0.03107646,2026-08-21T11:38:40Z,1787312220,CoinGecko simple/price
3fdb6f8bff704ab285445db0f47d85d1,fantom,FTM,Fantom,0.02695955,2026-08-21T11:38:40Z,1787312220,CoinGecko simple/price
d42bfbfa269f4a4293f58b4e7ffaf229,neo,NEO,Neo,2.1,2026-08-21T11:38:40Z,1787312240,CoinGecko simple/price
74322fbcfc2448da96e7dbd2596d724b,kucoin-shares,KCS,KuCoin Token,7.71,2026-08-21T11:38:40Z,1787312230,CoinGecko simple/price
b8210f93c3e24bbf9d12bac67f405f58,wrapped-steth,WSTETH,Wrapped stETH,2942.05,2026-08-21T11:38:40Z,1787312220,CoinGecko simple/price
b41d1eb4695d4a6898642f5088311b0f,mantle,MNT,Mantle,0.515096,2026-08-21T11:38:40Z,1787312230,CoinGecko simple/price
442eab0fd7294199b31a13d9361187ef,immutable-x,IMX,Immutable,0.123059,2026-08-21T11:38:40Z,1787312230,CoinGecko simple/price
881eadbe0fde4566988f1a90a4307173,hedera-hashgraph,HBAR,Hedera,0.076175,2026-08-21T11:38:40Z,1787312230,CoinGecko simple/price
f2849646894a4edd9304e67cf42a1345,kaspa,KAS,Kaspa,0.02904646,2026-08-21T11:38:40Z,1787312230,CoinGecko simple/price
d6f867efd919402fa731a802eae3d80f,monero,XMR,Monero,412.13,2026-08-21T11:38:40Z,1787312220,CoinGecko simple/price
68206147f11342dca22db4d3cccf8ee8,bitcoin,BTC,Bitcoin,76866.0,2026-08-21T11:38:51Z,1787312220,CoinGecko simple/price
03d5c86ae7f24d7c88e6b8585ce2fb47,ethereum,ETH,Ethereum,2369.13,2026-08-21T11:38:51Z,1787312220,CoinGecko simple/price
82fd6f9b908d4e9584508f3a123d1b6d,tether,USDT,Tether,0.999645,2026-08-21T11:38:51Z,1787312220,CoinGecko simple/price
52bdd5f8630f4d6eae81dbc0925c103c,binancecoin,BNB,BNB,674.35,2026-08-21T11:38:51Z,1787312240,CoinGecko simple/price
4ee326cfc5c1402cb1347285604cab6c,solana,SOL,Solana,90.42,2026-08-21T11:38:51Z,1787312220,CoinGecko simple/price
6def7857c0d342fe875ee6b670fad1a2,usd-coin,USDC,USDC,0.999763,2026-08-21T11:38:51Z,1787312220,CoinGecko simple/price
d88ec91b4d7b4a179e5ab83fd7ca03f9,ripple,XRP,XRP,1.38,2026-08-21T11:38:51Z,1787312240,CoinGecko simple/price
f5e24f037b3a4e668b578b337f42a9c5,dogecoin,DOGE,Dogecoin,0.083092,2026-08-21T11:38:51Z,1787312220,CoinGecko simple/price
631415bf92c94b83853cd1388d2e1fef,cardano,ADA,Cardano,0.212695,2026-08-21T11:38:51Z,1787312240,CoinGecko simple/price
73b063036f834120945fe877ba44072e,tron,TRX,TRON,0.339494,2026-08-21T11:38:51Z,1787312230,CoinGecko simple/price
d91e6e4bfb1b432bb1e4e8177cce5736,avalanche-2,AVAX,Avalanche,7.47,2026-08-21T11:38:51Z,1787312220,CoinGecko simple/price
2ebbb9cba4c049468e4383a0a806c7e6,chainlink,LINK,Chainlink,11.29,2026-08-21T11:38:51Z,1787312230,CoinGecko simple/price
23976e74cd334d8e984353a8a459cb76,shiba-inu,SHIB,Shiba Inu,5.21e-06,2026-08-21T11:38:51Z,1787312220,CoinGecko simple/price
c2d0d283d4214124a231ee60244960ff,polkadot,DOT,Polkadot,0.884786,2026-08-21T11:38:51Z,1787312220,CoinGecko simple/price
f27024bc101441eb829cd7c571e1c05c,wrapped-bitcoin,WBTC,Wrapped Bitcoin,76712.0,2026-08-21T11:38:51Z,1787312220,CoinGecko simple/price
961db333f06a4969add186277d802415,bitcoin-cash,BCH,Bitcoin Cash,260.98,2026-08-21T11:38:51Z,1787312240,CoinGecko simple/price
e3061d79229348c9b38d37f6106f6b36,litecoin,LTC,Litecoin,50.37,2026-08-21T11:38:51Z,1787312230,CoinGecko simple/price
427d9565692048c8bb285724249bdc6c,near,NEAR,NEAR Protocol,1.89,2026-08-21T11:38:51Z,1787312220,CoinGecko simple/price
8be0c144f39e44c9a57455a24d0e4ef5,uniswap,UNI,Uniswap,3.88,2026-08-21T11:38:51Z,1787312230,CoinGecko simple/price
8507cb873ecf4372971ec36a8b74cd85,stellar,XLM,Stellar,0.188401,2026-08-21T11:38:51Z,1787312230,CoinGecko simple/price
325a918d8fb04d2da9f1d288d81ee31f,internet-computer,ICP,Internet Computer,2.46,2026-08-21T11:38:51Z,1787312220,CoinGecko simple/price
6515d365a23d4f05bd1fd3c836e10544,aptos,APT,Aptos,0.624738,2026-08-21T11:38:51Z,1787312230,CoinGecko simple/price
974772561b8c459d8bb54786c8e6e695,sui,SUI,Sui,0.786566,2026-08-21T11:38:51Z,1787312230,CoinGecko simple/price
b7396d5e9e914274b5df3b3fd5d44c7b,filecoin,FIL,Filecoin,0.769481,2026-08-21T11:38:51Z,1787312240,CoinGecko simple/price
fe7c823068d44090b1d6c518e3fa8a4e,cosmos,ATOM,Cosmos Hub,1.56,2026-08-21T11:38:51Z,1787312220,CoinGecko simple/price
626b0ee1c84b4d24824618b1880545ef,vechain,VET,VeChain,0.00539084,2026-08-21T11:38:51Z,1787312230,CoinGecko simple/price
83c9debafd874e0e975f5476cb8c57e6,aave,AAVE,Aave,111.21,2026-08-21T11:38:51Z,1787312220,CoinGecko simple/price
95da00d232424f3e93e9f4a98c59b33a,algorand,ALGO,Algorand,0.092121,2026-08-21T11:38:51Z,1787312230,CoinGecko simple/price
8dcab22523cf4f1dab12583a2d805417,the-graph,GRT,The Graph,0.01618554,2026-08-21T11:38:51Z,1787312230,CoinGecko simple/price
71400ed8b94a4402bb76ec6d3e721d2f,arbitrum,ARB,Arbitrum,0.094762,2026-08-21T11:38:51Z,1787312220,CoinGecko simple/price
79e4dbe3a3764a3bab8fe89b1b541143,optimism,OP,Optimism,0.10082,2026-08-21T11:38:51Z,1787312230,CoinGecko simple/price
d44d734cfddb49ce9e2b47f0cd6746c5,render-token,RENDER,Render,1.48,2026-08-21T11:38:51Z,1787312230,CoinGecko simple/price
a4dd76b3680b458f9c8922f1d5d2a2a4,injective-protocol,INJ,Injective,4.86,2026-08-21T11:38:51Z,1787312220,CoinGecko simple/price
e1e1855f51d24231b7cbff6755c09463,maker,MKR,Maker,1498.85,2026-08-21T11:38:51Z,1787312230,CoinGecko simple/price
d3016064f57f4c4084d3369aa8a4bdbd,the-sandbox,SAND,The Sandbox,0.04699638,2026-08-21T11:38:51Z,1787312230,CoinGecko simple/price
713f2b7bb6664e2db651a7cade5d9894,decentraland,MANA,Decentraland,0.074779,2026-08-21T11:38:51Z,1787312230,CoinGecko simple/price
386cf0b2f1d24a6eb9e65faacf838b0b,axie-infinity,AXS,Axie Infinity,1.01,2026-08-21T11:38:51Z,1787312230,CoinGecko simple/price
b5d11322744643b9a406df276a9cd255,tezos,XTZ,Tezos,0.227428,2026-08-21T11:38:51Z,1787312230,CoinGecko simple/price
9484ea4af6cc4c40a7bfec364afd87bb,eos,EOS,EOS,0.072292,2026-08-21T11:38:51Z,1787312230,CoinGecko simple/price
3529194c2d9a48588bd4909d9e3274f0,theta-token,THETA,Theta Network,0.174859,2026-08-21T11:38:51Z,1787312240,CoinGecko simple/price
3030615ef546411ab5e637048b013f55,flow,FLOW,Flow,0.03107646,2026-08-21T11:38:51Z,1787312220,CoinGecko simple/price
e8462cafdab14518a010128e49935f82,fantom,FTM,Fantom,0.02695955,2026-08-21T11:38:51Z,1787312220,CoinGecko simple/price
bc794eeb072240bdaf28c219bc4fe341,neo,NEO,Neo,2.1,2026-08-21T11:38:51Z,1787312240,CoinGecko simple/price
2ad6223d79254f91af8df6d4c7f12558,kucoin-shares,KCS,KuCoin Token,7.71,2026-08-21T11:38:51Z,1787312230,CoinGecko simple/price
2aac6af94f444282bd7cdc1183c0756d,wrapped-steth,WSTETH,Wrapped stETH,2942.05,2026-08-21T11:38:51Z,1787312220,CoinGecko simple/price
75e9a85dcb7448f2a28b62e79fe25ffe,mantle,MNT,Mantle,0.515096,2026-08-21T11:38:51Z,1787312230,CoinGecko simple/price
4428210a815b4ecb9c84a0f049ddc078,immutable-x,IMX,Immutable,0.123059,2026-08-21T11:38:51Z,1787312230,CoinGecko simple/price
fbf3d11316a4489d9e049a7ab747e3fb,hedera-hashgraph,HBAR,Hedera,0.076175,2026-08-21T11:38:51Z,1787312230,CoinGecko simple/price
fe8fa132986946dc8a6719b9a8097c9b,kaspa,KAS,Kaspa,0.02904646,2026-08-21T11:38:51Z,1787312230,CoinGecko simple/price
b39438509ccc4f24a859c1dc53e9c342,monero,XMR,Monero,412.13,2026-08-21T11:38:51Z,1787312220,CoinGecko simple/price
7f90b8e41a804871a92bec4d4e645318,bitcoin,BTC,Bitcoin,76866.0,2026-08-21T11:39:40Z,1787312220,CoinGecko simple/price
f3a63666a4ef45938533b10bc0a81bf7,ethereum,ETH,Ethereum,2369.13,2026-08-21T11:39:40Z,1787312220,CoinGecko simple/price
c9e59f75053d48ef8e7ee6829b7cb09e,tether,USDT,Tether,0.999645,2026-08-21T11:39:40Z,1787312220,CoinGecko simple/price
34341d4d537747ddaea0c2becfe8faf0,binancecoin,BNB,BNB,674.35,2026-08-21T11:39:40Z,1787312240,CoinGecko simple/price
df8791765eaa4a83b46e694023611b7c,solana,SOL,Solana,90.42,2026-08-21T11:39:40Z,1787312220,CoinGecko simple/price
56fb6779dbda4638b01fb4ed369ed4e1,usd-coin,USDC,USDC,0.999763,2026-08-21T11:39:40Z,1787312220,CoinGecko simple/price
c180c223aae7406598d77099e5b0b49c,ripple,XRP,XRP,1.38,2026-08-21T11:39:40Z,1787312240,CoinGecko simple/price
4f57879d6efc43b28b85193091f8e334,dogecoin,DOGE,Dogecoin,0.083092,2026-08-21T11:39:40Z,1787312220,CoinGecko simple/price
7b97318087874de3bfed521df5a86a78,cardano,ADA,Cardano,0.212695,2026-08-21T11:39:40Z,1787312240,CoinGecko simple/price
5afe5700431e4928baa0c645f146258a,tron,TRX,TRON,0.339494,2026-08-21T11:39:40Z,1787312230,CoinGecko simple/price
1c3a7d76cbff4b019aeee46c3d38772c,avalanche-2,AVAX,Avalanche,7.47,2026-08-21T11:39:40Z,1787312220,CoinGecko simple/price
7b2231fe9dc24ef08618c823bd30ca5a,chainlink,LINK,Chainlink,11.29,2026-08-21T11:39:40Z,1787312230,CoinGecko simple/price
72b66fc3dcb44171aed92c7c46800bdd,shiba-inu,SHIB,Shiba Inu,5.21e-06,2026-08-21T11:39:40Z,1787312220,CoinGecko simple/price
cb6f6f1d6e42466cae54ecd3774da9e8,polkadot,DOT,Polkadot,0.884786,2026-08-21T11:39:40Z,1787312220,CoinGecko simple/price
0b2b3859542f493d9b6f089fddc79b54,wrapped-bitcoin,WBTC,Wrapped Bitcoin,76712.0,2026-08-21T11:39:40Z,1787312220,CoinGecko simple/price
7aa1e0cb2bc340438f69c69f6a025c72,bitcoin-cash,BCH,Bitcoin Cash,260.98,2026-08-21T11:39:40Z,1787312240,CoinGecko simple/price
168e987ce7e04204a948feba6dc0cf56,litecoin,LTC,Litecoin,50.37,2026-08-21T11:39:40Z,1787312230,CoinGecko simple/price
a96cc5f4e3704a9c9621b6a273ef4f88,near,NEAR,NEAR Protocol,1.89,2026-08-21T11:39:40Z,1787312220,CoinGecko simple/price
c980403ff5b14b59a291e0983672b44d,uniswap,UNI,Uniswap,3.88,2026-08-21T11:39:40Z,1787312230,CoinGecko simple/price
69d7dd80edef4071ac47115342deb3d6,stellar,XLM,Stellar,0.188401,2026-08-21T11:39:40Z,1787312230,CoinGecko simple/price
6ecf00765d804680af50731ab5ecfca1,internet-computer,ICP,Internet Computer,2.46,2026-08-21T11:39:40Z,1787312220,CoinGecko simple/price
b99ad11fed1c4180b9d22b1fe2019c5b,aptos,APT,Aptos,0.624738,2026-08-21T11:39:40Z,1787312230,CoinGecko simple/price
b5c5d153bc89411980bb58c6b582b258,sui,SUI,Sui,0.786566,2026-08-21T11:39:40Z,1787312230,CoinGecko simple/price
abfe97683bd040e2bba686d9773d7f43,filecoin,FIL,Filecoin,0.769481,2026-08-21T11:39:40Z,1787312240,CoinGecko simple/price
4060342c74fd45cf8ed859158fd16079,cosmos,ATOM,Cosmos Hub,1.56,2026-08-21T11:39:40Z,1787312220,CoinGecko simple/price
1bf176c874ec4977824d589433d493ea,vechain,VET,VeChain,0.00539084,2026-08-21T11:39:40Z,1787312230,CoinGecko simple/price
9b839924199b433c995aca3db8a4843e,aave,AAVE,Aave,111.21,2026-08-21T11:39:40Z,1787312220,CoinGecko simple/price
fe467b7e9b4c4371b4bcee7ad3c040c9,algorand,ALGO,Algorand,0.092121,2026-08-21T11:39:40Z,1787312230,CoinGecko simple/price
6242999a0c614707877b438af1a8b96a,the-graph,GRT,The Graph,0.01618554,2026-08-21T11:39:40Z,1787312230,CoinGecko simple/price
57a7f7917ba84866a161a121911cbf1d,arbitrum,ARB,Arbitrum,0.094762,2026-08-21T11:39:40Z,1787312220,CoinGecko simple/price
07391218d24e4dc9a663a7058ecb9f37,optimism,OP,Optimism,0.10082,2026-08-21T11:39:40Z,1787312230,CoinGecko simple/price
1f4e177f69394a2ab88ea7e9c364cad1,render-token,RENDER,Render,1.48,2026-08-21T11:39:40Z,1787312230,CoinGecko simple/price
6fddef5678774816987c290d51aaef40,injective-protocol,INJ,Injective,4.86,2026-08-21T11:39:40Z,1787312220,CoinGecko simple/price
386a54711b0e464a8e233afd4c9f6dea,maker,MKR,Maker,1498.85,2026-08-21T11:39:40Z,1787312230,CoinGecko simple/price
bf852ca99f3e4f6d81d7f6f1ae03d3ca,the-sandbox,SAND,The Sandbox,0.04699638,2026-08-21T11:39:40Z,1787312230,CoinGecko simple/price
6f48956566304f9788a3c424f2a5392c,decentraland,MANA,Decentraland,0.074779,2026-08-21T11:39:40Z,1787312230,CoinGecko simple/price
47aa9bc832204516bac58fa88213e94a,axie-infinity,AXS,Axie Infinity,1.01,2026-08-21T11:39:40Z,1787312230,CoinGecko simple/price
ab856af94ab64f0aab6855cc9d69e974,tezos,XTZ,Tezos,0.227428,2026-08-21T11:39:40Z,1787312230,CoinGecko simple/price
05dfb025bb6d4eb6a882bb719d327155,eos,EOS,EOS,0.072292,2026-08-21T11:39:40Z,1787312230,CoinGecko simple/price
94a558f5b4b448719b062b542ae75a38,theta-token,THETA,Theta Network,0.174859,2026-08-21T11:39:40Z,1787312240,CoinGecko simple/price
fa13fadcd43b49cf9785627fb3938e79,flow,FLOW,Flow,0.03107646,2026-08-21T11:39:40Z,1787312220,CoinGecko simple/price
bbbae42d0c8949e7b05afadcc4a41dd3,fantom,FTM,Fantom,0.02695955,2026-08-21T11:39:40Z,1787312220,CoinGecko simple/price
ccb9b07fe5cb4db3b92d9ec14608701c,neo,NEO,Neo,2.1,2026-08-21T11:39:40Z,1787312240,CoinGecko simple/price
320686cc08494689a968b88954752b02,kucoin-shares,KCS,KuCoin Token,7.71,2026-08-21T11:39:40Z,1787312230,CoinGecko simple/price
7d09a7ac905042488d822f4786e839b4,wrapped-steth,WSTETH,Wrapped stETH,2942.05,2026-08-21T11:39:40Z,1787312220,CoinGecko simple/price
6c27511e2d5340f19945f7bb5a2c8a69,mantle,MNT,Mantle,0.515096,2026-08-21T11:39:40Z,1787312230,CoinGecko simple/price
e3d5a2fbbfb24dccbf9293ed950aabe1,immutable-x,IMX,Immutable,0.123059,2026-08-21T11:39:40Z,1787312230,CoinGecko simple/price
64fd5b9ae69a41269a313cf24d872d84,hedera-hashgraph,HBAR,Hedera,0.076175,2026-08-21T11:39:40Z,1787312230,CoinGecko simple/price
aff874edc3724405ab217c2c999b6e47,kaspa,KAS,Kaspa,0.02904646,2026-08-21T11:39:40Z,1787312230,CoinGecko simple/price
339125b68c8e428696eee54c2773e0cc,monero,XMR,Monero,412.13,2026-08-21T11:39:40Z,1787312220,CoinGecko simple/price
061c1b542e0d47108045280939416594,bitcoin,BTC,Bitcoin,76974.0,2026-08-21T11:39:48Z,1787312290,CoinGecko simple/price
4b3a6be6dd5d46ba9548c1a569b69ebc,ethereum,ETH,Ethereum,2372.72,2026-08-21T11:39:48Z,1787312290,CoinGecko simple/price
bf3d381db77a480982a503e89d45912b,tether,USDT,Tether,0.999642,2026-08-21T11:39:48Z,1787312290,CoinGecko simple/price
d704e00306184c13b2dc351f5b6c3e89,binancecoin,BNB,BNB,674.54,2026-08-21T11:39:48Z,1787312280,CoinGecko simple/price
74f49e5cb3e64c159731d78fd658e887,solana,SOL,Solana,90.51,2026-08-21T11:39:48Z,1787312290,CoinGecko simple/price
dde4527840584ac0ab17533d362da761,usd-coin,USDC,USDC,0.999732,2026-08-21T11:39:48Z,1787312280,CoinGecko simple/price
33def8f052774a20a69e45f4c6809373,ripple,XRP,XRP,1.38,2026-08-21T11:39:48Z,1787312280,CoinGecko simple/price
20af4d308c2646ad9d88eb02cd40bc21,dogecoin,DOGE,Dogecoin,0.083122,2026-08-21T11:39:48Z,1787312280,CoinGecko simple/price
cfd8ee94b349473bbfed85bfd845063a,cardano,ADA,Cardano,0.212774,2026-08-21T11:39:48Z,1787312280,CoinGecko simple/price
7dc3fd1f61584ce995176fbd5bc196d3,tron,TRX,TRON,0.339591,2026-08-21T11:39:48Z,1787312310,CoinGecko simple/price
c31b285a89754d41acd65d045ff86202,avalanche-2,AVAX,Avalanche,7.48,2026-08-21T11:39:48Z,1787312310,CoinGecko simple/price
4312517ad4eb4c6a8ac7c349dc20a332,chainlink,LINK,Chainlink,11.3,2026-08-21T11:39:48Z,1787312280,CoinGecko simple/price
1476827133304c7681cf5014846be4e5,shiba-inu,SHIB,Shiba Inu,5.22e-06,2026-08-21T11:39:48Z,1787312290,CoinGecko simple/price
d2ca1bf6700c427b82b3e5cf41d9a99e,polkadot,DOT,Polkadot,0.885409,2026-08-21T11:39:48Z,1787312310,CoinGecko simple/price
e6c9438750df4bc9b2403d28426fc77f,wrapped-bitcoin,WBTC,Wrapped Bitcoin,76811.0,2026-08-21T11:39:48Z,1787312310,CoinGecko simple/price
2ee87c27612f425f90ea2f4e48604f15,bitcoin-cash,BCH,Bitcoin Cash,260.76,2026-08-21T11:39:48Z,1787312280,CoinGecko simple/price
6522b0357ae54a59a0cf557877fb18b5,litecoin,LTC,Litecoin,50.38,2026-08-21T11:39:48Z,1787312310,CoinGecko simple/price
772377e0f2da4afa95bbe159b1beb2de,near,NEAR,NEAR Protocol,1.89,2026-08-21T11:39:48Z,1787312310,CoinGecko simple/price
d77fed6786bd4f848c651bd1b5b4c039,uniswap,UNI,Uniswap,3.89,2026-08-21T11:39:48Z,1787312310,CoinGecko simple/price
dab0d66213f9437f91c9b763343ee21a,stellar,XLM,Stellar,0.188713,2026-08-21T11:39:48Z,1787312310,CoinGecko simple/price
32ac7d7707d1420b809711c365e4a215,internet-computer,ICP,Internet Computer,2.46,2026-08-21T11:39:48Z,1787312280,CoinGecko simple/price
fc73db79d82e48f7b4246b4637622452,aptos,APT,Aptos,0.626866,2026-08-21T11:39:48Z,1787312310,CoinGecko simple/price
2a4daa0abf964fa8a87e105180234e30,sui,SUI,Sui,0.787962,2026-08-21T11:39:48Z,1787312310,CoinGecko simple/price
82d4da0d5443453e929599a295aaa819,filecoin,FIL,Filecoin,0.769999,2026-08-21T11:39:48Z,1787312310,CoinGecko simple/price
8c50964e999c4557bc06d2eadeb65c3d,cosmos,ATOM,Cosmos Hub,1.56,2026-08-21T11:39:48Z,1787312310,CoinGecko simple/price
d7e6e55174854a4f93de8fe4b147f785,vechain,VET,VeChain,0.00539201,2026-08-21T11:39:48Z,1787312310,CoinGecko simple/price
02b77090ee084fdfa68a12c6e18f53d1,aave,AAVE,Aave,110.99,2026-08-21T11:39:48Z,1787312290,CoinGecko simple/price
69d47a44e3d4471c87dbbe61a1b9b5ef,algorand,ALGO,Algorand,0.092206,2026-08-21T11:39:48Z,1787312310,CoinGecko simple/price
3c6b9b18387f47f4854d14b7cb8cd541,the-graph,GRT,The Graph,0.01621293,2026-08-21T11:39:48Z,1787312310,CoinGecko simple/price
1cb68373e22b4b13bfff914880751773,arbitrum,ARB,Arbitrum,0.094973,2026-08-21T11:39:48Z,1787312290,CoinGecko simple/price
cf5a985b1cfc472bb4fbfb58049b111f,optimism,OP,Optimism,0.100949,2026-08-21T11:39:48Z,1787312290,CoinGecko simple/price
4bd5e2bf5b2b4c618dbffabc59c75277,render-token,RENDER,Render,1.48,2026-08-21T11:39:48Z,1787312310,CoinGecko simple/price
b04fddc556294a45bf4ff8ba9f1c5652,injective-protocol,INJ,Injective,4.87,2026-08-21T11:39:48Z,1787312310,CoinGecko simple/price
2c9409031b8e43c0af948e5ffca7fab2,maker,MKR,Maker,1498.88,2026-08-21T11:39:48Z,1787312310,CoinGecko simple/price
579e273367a0473aba73d257bd5b6dad,the-sandbox,SAND,The Sandbox,0.04702106,2026-08-21T11:39:48Z,1787312310,CoinGecko simple/price
0603b192072f4942b18e8fbc67ea1de1,decentraland,MANA,Decentraland,0.074853,2026-08-21T11:39:48Z,1787312310,CoinGecko simple/price
c21f147099c049eebc4d2e0cb88a028c,axie-infinity,AXS,Axie Infinity,1.011,2026-08-21T11:39:48Z,1787312310,CoinGecko simple/price
4eb217acbbeb450fbf7722c249d5ecc5,tezos,XTZ,Tezos,0.227635,2026-08-21T11:39:48Z,1787312310,CoinGecko simple/price
8ef006739c5f45e1b752fa025560caf8,eos,EOS,EOS,0.072292,2026-08-21T11:39:48Z,1787312310,CoinGecko simple/price
97d55464f92e41a3af14dad1b961f28b,theta-token,THETA,Theta Network,0.175117,2026-08-21T11:39:48Z,1787312310,CoinGecko simple/price
b8d2b6edc1ec4e2f8ef11b5500770bef,flow,FLOW,Flow,0.03113877,2026-08-21T11:39:48Z,1787312310,CoinGecko simple/price
be462058685b4496b1a4d3cb0e5d1fe2,fantom,FTM,Fantom,0.02695963,2026-08-21T11:39:48Z,1787312310,CoinGecko simple/price
cdc19bc9cae9478088736eaea6ef4467,neo,NEO,Neo,2.1,2026-08-21T11:39:48Z,1787312310,CoinGecko simple/price
dff5c45a0a3b4f8a9959fcd5d8d6ea96,kucoin-shares,KCS,KuCoin Token,7.72,2026-08-21T11:39:48Z,1787312290,CoinGecko simple/price
c26b4bac451c4114b9ff029dc69087ab,wrapped-steth,WSTETH,Wrapped stETH,2946.02,2026-08-21T11:39:48Z,1787312310,CoinGecko simple/price
3d08823048ef4aa0b1f9b20ec3ae87d7,mantle,MNT,Mantle,0.515787,2026-08-21T11:39:48Z,1787312310,CoinGecko simple/price
a1d64de1c6ce4c97ba636a065edcbcce,immutable-x,IMX,Immutable,0.123224,2026-08-21T11:39:48Z,1787312310,CoinGecko simple/price
5e782ce8276a44478cec342f097d0aff,hedera-hashgraph,HBAR,Hedera,0.07621,2026-08-21T11:39:48Z,1787312310,CoinGecko simple/price
9100124b787642a2b8147a2c31540be5,kaspa,KAS,Kaspa,0.02906668,2026-08-21T11:39:48Z,1787312310,CoinGecko simple/price
b13bb3d5fda54c0e965db39db1322f6b,monero,XMR,Monero,411.58,2026-08-21T11:39:48Z,1787312290,CoinGecko simple/price
f677496fc358418bb34da9dc194cc003,bitcoin,BTC,Bitcoin,76974.0,2026-08-21T11:40:39Z,1787312290,CoinGecko simple/price
97f6845624df4fc1b2217a6c9307c75d,ethereum,ETH,Ethereum,2372.72,2026-08-21T11:40:39Z,1787312290,CoinGecko simple/price
7583ecc1c46a4686bbfbf4d21a2fa915,tether,USDT,Tether,0.999642,2026-08-21T11:40:39Z,1787312290,CoinGecko simple/price
9512823aa93145d68b388513396f9c02,binancecoin,BNB,BNB,674.54,2026-08-21T11:40:39Z,1787312280,CoinGecko simple/price
2b9a3468920c4287a956d1ba9d27b1d7,solana,SOL,Solana,90.51,2026-08-21T11:40:39Z,1787312290,CoinGecko simple/price
d3e6097ea2da459da20ee8e0d32e8cef,usd-coin,USDC,USDC,0.999732,2026-08-21T11:40:39Z,1787312280,CoinGecko simple/price
6459afe6f4864b2da1c7858f42124ead,ripple,XRP,XRP,1.38,2026-08-21T11:40:39Z,1787312280,CoinGecko simple/price
c0033a9cb63c4c4a9fb21f50e3f05cf8,dogecoin,DOGE,Dogecoin,0.083122,2026-08-21T11:40:39Z,1787312280,CoinGecko simple/price
2a541156f5b64d899ebfcdc0e8438f20,cardano,ADA,Cardano,0.212774,2026-08-21T11:40:39Z,1787312280,CoinGecko simple/price
73e0184a98bf42c3a63374ab21f0cb23,tron,TRX,TRON,0.339591,2026-08-21T11:40:39Z,1787312310,CoinGecko simple/price
32112addaae14bc68b66ef21215c9fa4,avalanche-2,AVAX,Avalanche,7.48,2026-08-21T11:40:39Z,1787312310,CoinGecko simple/price
069c2792fe1d4fe993779ea28a9b13c7,chainlink,LINK,Chainlink,11.3,2026-08-21T11:40:39Z,1787312280,CoinGecko simple/price
5615a489866d48ea9fbac71fcb6c611a,shiba-inu,SHIB,Shiba Inu,5.22e-06,2026-08-21T11:40:39Z,1787312290,CoinGecko simple/price
6656bd631f4d48198df1231c35ac7342,polkadot,DOT,Polkadot,0.885409,2026-08-21T11:40:39Z,1787312310,CoinGecko simple/price
e1b7933b8365491ab7fe1ae5efd07004,wrapped-bitcoin,WBTC,Wrapped Bitcoin,76811.0,2026-08-21T11:40:39Z,1787312310,CoinGecko simple/price
8a19139fd3eb44319648c7b0d4d2481b,bitcoin-cash,BCH,Bitcoin Cash,260.76,2026-08-21T11:40:39Z,1787312280,CoinGecko simple/price
81bbd48dca094440970d65efdcdcfb8d,litecoin,LTC,Litecoin,50.38,2026-08-21T11:40:39Z,1787312310,CoinGecko simple/price
9a6ee249388e4474b7a193237b1f3a09,near,NEAR,NEAR Protocol,1.89,2026-08-21T11:40:39Z,1787312310,CoinGecko simple/price
12a52a30614e4efea56a30f326577fda,uniswap,UNI,Uniswap,3.89,2026-08-21T11:40:39Z,1787312310,CoinGecko simple/price
dffe30208e964f47ae766fe5305d66a7,stellar,XLM,Stellar,0.188713,2026-08-21T11:40:39Z,1787312310,CoinGecko simple/price
6ef45be23a544f33a5fa2f78f0bf56ae,internet-computer,ICP,Internet Computer,2.46,2026-08-21T11:40:39Z,1787312280,CoinGecko simple/price
aa2143e1de4f4b859166d8c675d9ebee,aptos,APT,Aptos,0.626866,2026-08-21T11:40:39Z,1787312310,CoinGecko simple/price
5d4fd59cf35544bc9dde64d041b0c957,sui,SUI,Sui,0.787962,2026-08-21T11:40:39Z,1787312310,CoinGecko simple/price
a514588f49c5410ea09faeba753a304d,filecoin,FIL,Filecoin,0.769999,2026-08-21T11:40:39Z,1787312310,CoinGecko simple/price
6ca436f24d304647a8e1272889c7ae58,cosmos,ATOM,Cosmos Hub,1.56,2026-08-21T11:40:39Z,1787312310,CoinGecko simple/price
c054165cd84e4213b40d180e98511466,vechain,VET,VeChain,0.00539201,2026-08-21T11:40:39Z,1787312310,CoinGecko simple/price
f54c4e033b354a18bbb0315bf8d13602,aave,AAVE,Aave,110.99,2026-08-21T11:40:39Z,1787312290,CoinGecko simple/price
1c9b95a29a0a4477ad75c3302f00e6fd,algorand,ALGO,Algorand,0.092206,2026-08-21T11:40:39Z,1787312310,CoinGecko simple/price
0fa57b74200343929de52902ee0caab4,the-graph,GRT,The Graph,0.01621293,2026-08-21T11:40:39Z,1787312310,CoinGecko simple/price
dc96f89a299443c2a736e74e523ec68e,arbitrum,ARB,Arbitrum,0.094973,2026-08-21T11:40:39Z,1787312290,CoinGecko simple/price
c8756f4981bf4ea5abb1acd749f0c3b5,optimism,OP,Optimism,0.100949,2026-08-21T11:40:39Z,1787312290,CoinGecko simple/price
06286bc9124f4933af70022414b72f52,render-token,RENDER,Render,1.48,2026-08-21T11:40:39Z,1787312310,CoinGecko simple/price
65c2639be31746669e9198bd872e4251,injective-protocol,INJ,Injective,4.87,2026-08-21T11:40:39Z,1787312310,CoinGecko simple/price
75bc1d3e898e4a30b5784d9df07568a2,maker,MKR,Maker,1498.88,2026-08-21T11:40:39Z,1787312310,CoinGecko simple/price
ddbac1d28de0451ab7907f9e3bc9a4ae,the-sandbox,SAND,The Sandbox,0.04702106,2026-08-21T11:40:39Z,1787312310,CoinGecko simple/price
3f8a4207e0a04fc6b64922b18aa070dc,decentraland,MANA,Decentraland,0.074853,2026-08-21T11:40:39Z,1787312310,CoinGecko simple/price
93f67b08acd2453aa2aa0aa22872c150,axie-infinity,AXS,Axie Infinity,1.011,2026-08-21T11:40:39Z,1787312310,CoinGecko simple/price
de5fdf0be8524f6bb5d45b24493f70c5,tezos,XTZ,Tezos,0.227635,2026-08-21T11:40:39Z,1787312310,CoinGecko simple/price
e3872cc59e9345ea8485afa2c991680d,eos,EOS,EOS,0.072292,2026-08-21T11:40:39Z,1787312310,CoinGecko simple/price
8d9c0bd3fc8942cb8728355a3b2db49a,theta-token,THETA,Theta Network,0.175117,2026-08-21T11:40:39Z,1787312310,CoinGecko simple/price
366c6b300acc4a358cfedb5faf1edde4,flow,FLOW,Flow,0.03113877,2026-08-21T11:40:39Z,1787312310,CoinGecko simple/price
9d0e9dbcf773439f8070c673192fb28e,fantom,FTM,Fantom,0.02695963,2026-08-21T11:40:39Z,1787312310,CoinGecko simple/price
1dfcebd3f9fb459c9aa6d8ff662f5c65,neo,NEO,Neo,2.1,2026-08-21T11:40:39Z,1787312310,CoinGecko simple/price
52100b7402b84df3b436a755e9080d74,kucoin-shares,KCS,KuCoin Token,7.72,2026-08-21T11:40:39Z,1787312290,CoinGecko simple/price
ca2d71c149634540a4f01073d8eb0e6d,wrapped-steth,WSTETH,Wrapped stETH,2946.02,2026-08-21T11:40:39Z,1787312310,CoinGecko simple/price
eb63513c5b87444a8f551a2d2f1734ed,mantle,MNT,Mantle,0.515787,2026-08-21T11:40:39Z,1787312310,CoinGecko simple/price
a6af0a499d4d419a8f152db3bcb679b0,immutable-x,IMX,Immutable,0.123224,2026-08-21T11:40:39Z,1787312310,CoinGecko simple/price
c5a1c66122444a8585aa70fa1a230468,hedera-hashgraph,HBAR,Hedera,0.07621,2026-08-21T11:40:39Z,1787312310,CoinGecko simple/price
72b3aec9c301448ebeebd161a7be95d2,kaspa,KAS,Kaspa,0.02906668,2026-08-21T11:40:39Z,1787312310,CoinGecko simple/price
8136c1cfc8da4a8d9b50a2c9cc3b0900,monero,XMR,Monero,411.58,2026-08-21T11:40:39Z,1787312290,CoinGecko simple/price
f1171ef8d24d4658a4ef6bdf6f487dc7,bitcoin,BTC,Bitcoin,76988.0,2026-08-21T11:40:55Z,1787312360,CoinGecko simple/price
bec737e6f78447e69f8e7801b71667c1,ethereum,ETH,Ethereum,2375.36,2026-08-21T11:40:55Z,1787312360,CoinGecko simple/price
25b98936789f4eeb9604787586078902,tether,USDT,Tether,0.999636,2026-08-21T11:40:55Z,1787312360,CoinGecko simple/price
39686087bdcf4d3f9c7d83f6fa9d1521,binancecoin,BNB,BNB,675.06,2026-08-21T11:40:55Z,1787312360,CoinGecko simple/price
bf17ea159c024041b25c98e841e7c1d4,solana,SOL,Solana,90.54,2026-08-21T11:40:55Z,1787312360,CoinGecko simple/price
01ddc0f497f146aa846f6b54ba0a83ec,usd-coin,USDC,USDC,0.999751,2026-08-21T11:40:55Z,1787312360,CoinGecko simple/price
8498ee671d1c466d832f49cf7191f6a6,ripple,XRP,XRP,1.37,2026-08-21T11:40:55Z,1787312360,CoinGecko simple/price
33488d4edb4747d5a1e6f9749485a81c,dogecoin,DOGE,Dogecoin,0.08319,2026-08-21T11:40:55Z,1787312360,CoinGecko simple/price
71216ebcc8284828b213ff29fa775c17,cardano,ADA,Cardano,0.213345,2026-08-21T11:40:55Z,1787312360,CoinGecko simple/price
29c72a042b7a42978008f8f7fafa25a9,tron,TRX,TRON,0.33962,2026-08-21T11:40:55Z,1787312370,CoinGecko simple/price
b1706379194f42b286920c5b7c5d1a2d,avalanche-2,AVAX,Avalanche,7.48,2026-08-21T11:40:55Z,1787312370,CoinGecko simple/price
6a16cd7f7c314a02bd7f5242b50d9c05,chainlink,LINK,Chainlink,11.31,2026-08-21T11:40:55Z,1787312360,CoinGecko simple/price
4829e444d3e54289904b6d01e8defb35,shiba-inu,SHIB,Shiba Inu,5.22e-06,2026-08-21T11:40:55Z,1787312370,CoinGecko simple/price
aa2ef8ed61044afd91211d6559993211,polkadot,DOT,Polkadot,0.885958,2026-08-21T11:40:55Z,1787312370,CoinGecko simple/price
c4cd32647b464f7596c7cc0e81e5a14d,wrapped-bitcoin,WBTC,Wrapped Bitcoin,76907.0,2026-08-21T11:40:55Z,1787312370,CoinGecko simple/price
b875fc50aac4472a9c38404b392bcfc5,bitcoin-cash,BCH,Bitcoin Cash,261.28,2026-08-21T11:40:55Z,1787312360,CoinGecko simple/price
e95b54182b734387bc5f780fc4bff3c5,litecoin,LTC,Litecoin,50.36,2026-08-21T11:40:55Z,1787312370,CoinGecko simple/price
6a6497df49f942c58c5eb88e4774b6ea,near,NEAR,NEAR Protocol,1.89,2026-08-21T11:40:55Z,1787312360,CoinGecko simple/price
fe7a458782cf4c18b86f263f58c33c31,uniswap,UNI,Uniswap,3.89,2026-08-21T11:40:55Z,1787312370,CoinGecko simple/price
1827ba2a1443446eaad2b54d74227ae5,stellar,XLM,Stellar,0.188565,2026-08-21T11:40:55Z,1787312350,CoinGecko simple/price
d57f9f39ff364b5695b127198efa1321,internet-computer,ICP,Internet Computer,2.46,2026-08-21T11:40:55Z,1787312370,CoinGecko simple/price
d74dd362d5554680aee9d8ec9b21d51f,aptos,APT,Aptos,0.629023,2026-08-21T11:40:55Z,1787312360,CoinGecko simple/price
4ade56732d4a47bf91161c7068689d2e,sui,SUI,Sui,0.789794,2026-08-21T11:40:55Z,1787312370,CoinGecko simple/price
3d188ada961641d59c5fa96ec29f43c4,filecoin,FIL,Filecoin,0.770868,2026-08-21T11:40:55Z,1787312360,CoinGecko simple/price
2d1de7c7b27a4efb89f582c5e2a47ff1,cosmos,ATOM,Cosmos Hub,1.56,2026-08-21T11:40:55Z,1787312370,CoinGecko simple/price
8596ab7b073148c7bde0a990df18af40,vechain,VET,VeChain,0.00539387,2026-08-21T11:40:55Z,1787312370,CoinGecko simple/price
a3fe791d7b1a45e09d59ecdc0f666454,aave,AAVE,Aave,110.57,2026-08-21T11:40:55Z,1787312370,CoinGecko simple/price
8b8ed5f166ef4cc38f2e527ff5ec003e,algorand,ALGO,Algorand,0.092273,2026-08-21T11:40:55Z,1787312370,CoinGecko simple/price
e10355a6cdef4113a28f334ebb01d605,the-graph,GRT,The Graph,0.01619833,2026-08-21T11:40:55Z,1787312370,CoinGecko simple/price
9013b6fbe9ff4f508b8c2126d3d6eee3,arbitrum,ARB,Arbitrum,0.09513,2026-08-21T11:40:55Z,1787312370,CoinGecko simple/price
bfb5380322474fd7aee9ef0a91dc9c42,optimism,OP,Optimism,0.101124,2026-08-21T11:40:55Z,1787312370,CoinGecko simple/price
da4cac8aa98040f3ac64c5bbc63890f4,render-token,RENDER,Render,1.48,2026-08-21T11:40:55Z,1787312370,CoinGecko simple/price
212caf5bcf2b48e0b4dca64aad534ff7,injective-protocol,INJ,Injective,4.87,2026-08-21T11:40:55Z,1787312360,CoinGecko simple/price
49c5921de9654ee2aed54f0896570ca3,maker,MKR,Maker,1504.0,2026-08-21T11:40:55Z,1787312370,CoinGecko simple/price
2d6da576efef4dd394e95acacd910fbf,the-sandbox,SAND,The Sandbox,0.04709445,2026-08-21T11:40:55Z,1787312370,CoinGecko simple/price
9028b079aa514ee48ed9b313e5172563,decentraland,MANA,Decentraland,0.074991,2026-08-21T11:40:55Z,1787312370,CoinGecko simple/price
94011e9515814132887d649f03d6b3f2,axie-infinity,AXS,Axie Infinity,1.011,2026-08-21T11:40:55Z,1787312370,CoinGecko simple/price
2927d747e3644b5b9d172782d429b0d7,tezos,XTZ,Tezos,0.228853,2026-08-21T11:40:55Z,1787312370,CoinGecko simple/price
4bd1c938818f4cbcbdb0c167ef4fe17e,eos,EOS,EOS,0.072292,2026-08-21T11:40:55Z,1787312370,CoinGecko simple/price
d25bb929bcd74755854bfd3df01cb269,theta-token,THETA,Theta Network,0.175754,2026-08-21T11:40:55Z,1787312370,CoinGecko simple/price
2d6fc8658fd448dc83f4a4aa1b4a1aba,flow,FLOW,Flow,0.03115701,2026-08-21T11:40:55Z,1787312350,CoinGecko simple/price
ca5226b61a0845fb8308a29c9d7b8222,fantom,FTM,Fantom,0.02695935,2026-08-21T11:40:55Z,1787312370,CoinGecko simple/price
be019df39125401383776f018a756332,neo,NEO,Neo,2.1,2026-08-21T11:40:55Z,1787312370,CoinGecko simple/price
d394ee4e9d7546179f9a114ee6677a6e,kucoin-shares,KCS,KuCoin Token,7.73,2026-08-21T11:40:55Z,1787312370,CoinGecko simple/price
fe5e2e860c1545ad963d184f6914c00e,wrapped-steth,WSTETH,Wrapped stETH,2948.17,2026-08-21T11:40:55Z,1787312370,CoinGecko simple/price
72ed511989a24193b261d378ea5608f4,mantle,MNT,Mantle,0.515462,2026-08-21T11:40:55Z,1787312370,CoinGecko simple/price
de8e4011725e4374bd44e1ece5d532a5,immutable-x,IMX,Immutable,0.123305,2026-08-21T11:40:55Z,1787312370,CoinGecko simple/price
f691aaef3e164fb0b1c02acc715a8a89,hedera-hashgraph,HBAR,Hedera,0.076229,2026-08-21T11:40:55Z,1787312360,CoinGecko simple/price
cd45b245109e475db13e9e6a750d99ae,kaspa,KAS,Kaspa,0.02907505,2026-08-21T11:40:55Z,1787312370,CoinGecko simple/price
adfd7d218b414ce0b0179a298326f21f,monero,XMR,Monero,410.91,2026-08-21T11:40:55Z,1787312370,CoinGecko simple/price
e74f0065741640d585575cb019a4a47a,bitcoin,BTC,Bitcoin,76988.0,2026-08-21T11:41:01Z,1787312360,CoinGecko simple/price
8e75e692911a494c92d226f9e6ae5e95,ethereum,ETH,Ethereum,2375.36,2026-08-21T11:41:01Z,1787312360,CoinGecko simple/price
d82ab380b7be474fab4750ac61e8f4af,tether,USDT,Tether,0.999636,2026-08-21T11:41:01Z,1787312360,CoinGecko simple/price
51ec2185bb7c4c25bcc434a3dc80e1b1,binancecoin,BNB,BNB,675.06,2026-08-21T11:41:01Z,1787312360,CoinGecko simple/price
4225a9b003844be4a515020fbea5b8fc,solana,SOL,Solana,90.54,2026-08-21T11:41:01Z,1787312360,CoinGecko simple/price
5becbfde91c1492eb57b07d57937cfce,usd-coin,USDC,USDC,0.999751,2026-08-21T11:41:01Z,1787312360,CoinGecko simple/price
8d19a591bcb44c87ae3bc738f612727f,ripple,XRP,XRP,1.37,2026-08-21T11:41:01Z,1787312360,CoinGecko simple/price
7b231868ab794e72af64dc8c1f907503,dogecoin,DOGE,Dogecoin,0.08319,2026-08-21T11:41:01Z,1787312360,CoinGecko simple/price
8f98533c677d4263a1fc9713ab8d4d2e,cardano,ADA,Cardano,0.213345,2026-08-21T11:41:01Z,1787312360,CoinGecko simple/price
857681c781d648ccb1c6db7777098030,tron,TRX,TRON,0.33962,2026-08-21T11:41:01Z,1787312370,CoinGecko simple/price
65bde417e4524ad6b3e8c9a9caf50c57,avalanche-2,AVAX,Avalanche,7.48,2026-08-21T11:41:01Z,1787312370,CoinGecko simple/price
54147a9ea17c4b92bc87aa8011d20e94,chainlink,LINK,Chainlink,11.31,2026-08-21T11:41:01Z,1787312360,CoinGecko simple/price
c20f2c0cac36420ab33969a3b1bfaec2,shiba-inu,SHIB,Shiba Inu,5.22e-06,2026-08-21T11:41:01Z,1787312370,CoinGecko simple/price
acb3514690ef493b952885dead8e05aa,polkadot,DOT,Polkadot,0.885958,2026-08-21T11:41:01Z,1787312370,CoinGecko simple/price
c1ba865a089f4aaab2e63400c77a998e,wrapped-bitcoin,WBTC,Wrapped Bitcoin,76907.0,2026-08-21T11:41:01Z,1787312370,CoinGecko simple/price
f570ce2cd3804b5ea4d2d5cead0075f5,bitcoin-cash,BCH,Bitcoin Cash,261.28,2026-08-21T11:41:01Z,1787312360,CoinGecko simple/price
bb21009490aa42369051af1a9628e12c,litecoin,LTC,Litecoin,50.36,2026-08-21T11:41:01Z,1787312370,CoinGecko simple/price
61ae17ca6c434dce91588a58faacb9db,near,NEAR,NEAR Protocol,1.89,2026-08-21T11:41:01Z,1787312360,CoinGecko simple/price
4c75cf418ea64cf9aab30a660b0383b6,uniswap,UNI,Uniswap,3.89,2026-08-21T11:41:01Z,1787312370,CoinGecko simple/price
5c113ac3aba941be8b83ae96f850db05,stellar,XLM,Stellar,0.188565,2026-08-21T11:41:01Z,1787312350,CoinGecko simple/price
32e962da50ed461aa7de9b98a761788d,internet-computer,ICP,Internet Computer,2.46,2026-08-21T11:41:01Z,1787312370,CoinGecko simple/price
f86b00c4e76742289dc7f8222b091fcb,aptos,APT,Aptos,0.629023,2026-08-21T11:41:01Z,1787312360,CoinGecko simple/price
f846c36b6745430a96e2484d0e1ea369,sui,SUI,Sui,0.789794,2026-08-21T11:41:01Z,1787312370,CoinGecko simple/price
88a188c058714371ba7ef5cefa75764e,filecoin,FIL,Filecoin,0.770868,2026-08-21T11:41:01Z,1787312360,CoinGecko simple/price
8a26661d40b94aaf8dfc0236081fdc55,cosmos,ATOM,Cosmos Hub,1.56,2026-08-21T11:41:01Z,1787312370,CoinGecko simple/price
0728b698cd3244069f0da4b093def59a,vechain,VET,VeChain,0.00539387,2026-08-21T11:41:01Z,1787312370,CoinGecko simple/price
fc33718ea960450187ef1dded94988b1,aave,AAVE,Aave,110.57,2026-08-21T11:41:01Z,1787312370,CoinGecko simple/price
6e4bc27cea2f477bae40449097049a10,algorand,ALGO,Algorand,0.092273,2026-08-21T11:41:01Z,1787312370,CoinGecko simple/price
071d1eb82300472eb1ffa344767d8fc7,the-graph,GRT,The Graph,0.01619833,2026-08-21T11:41:01Z,1787312370,CoinGecko simple/price
e20d7b04a0444a2a84fadb3c877ffda3,arbitrum,ARB,Arbitrum,0.09513,2026-08-21T11:41:01Z,1787312370,CoinGecko simple/price
25090cda3a204a3aad98e811cdc44d27,optimism,OP,Optimism,0.101124,2026-08-21T11:41:01Z,1787312370,CoinGecko simple/price
0d0a529ff3574b07a3a0da15aabf95f0,render-token,RENDER,Render,1.48,2026-08-21T11:41:01Z,1787312370,CoinGecko simple/price
96710c7370074ff28e621495313e7ae5,injective-protocol,INJ,Injective,4.87,2026-08-21T11:41:01Z,1787312360,CoinGecko simple/price
482a48a7f8224c47990f583f7647d464,maker,MKR,Maker,1504.0,2026-08-21T11:41:01Z,1787312370,CoinGecko simple/price
66c51069f6db4a62a578c3430796bcac,the-sandbox,SAND,The Sandbox,0.04709445,2026-08-21T11:41:01Z,1787312370,CoinGecko simple/price
a76849e0cca14fe494fe640694825b7b,decentraland,MANA,Decentraland,0.074991,2026-08-21T11:41:01Z,1787312370,CoinGecko simple/price
3afcd7bfc121467fb0ff3d0c0ebaa90a,axie-infinity,AXS,Axie Infinity,1.011,2026-08-21T11:41:01Z,1787312370,CoinGecko simple/price
9c864ceb698d4d2b936f75e99a7472cf,tezos,XTZ,Tezos,0.228853,2026-08-21T11:41:01Z,1787312370,CoinGecko simple/price
59b617e9dc8a42d7ac6f454e512df82e,eos,EOS,EOS,0.072292,2026-08-21T11:41:01Z,1787312370,CoinGecko simple/price
905496d9c61d4982a58111704439cfd4,theta-token,THETA,Theta Network,0.175754,2026-08-21T11:41:01Z,1787312370,CoinGecko simple/price
5bf9670455d04d6ababaaff620163d9c,flow,FLOW,Flow,0.03115701,2026-08-21T11:41:01Z,1787312350,CoinGecko simple/price
dca7dc7f00424028a983b96957250f30,fantom,FTM,Fantom,0.02695935,2026-08-21T11:41:01Z,1787312370,CoinGecko simple/price
1776f4081e1f412e854c1269e4e6865c,neo,NEO,Neo,2.1,2026-08-21T11:41:01Z,1787312370,CoinGecko simple/price
f77ae2cb22384004bbebeefb193dce53,kucoin-shares,KCS,KuCoin Token,7.73,2026-08-21T11:41:01Z,1787312370,CoinGecko simple/price
d56540787f9e470596ac62d52025b98a,wrapped-steth,WSTETH,Wrapped stETH,2948.17,2026-08-21T11:41:01Z,1787312370,CoinGecko simple/price
2b72050ff0fc40ac84f84c6c4387b9dd,mantle,MNT,Mantle,0.515462,2026-08-21T11:41:01Z,1787312370,CoinGecko simple/price
53988656d7fe4647b8e02249e49d07dd,immutable-x,IMX,Immutable,0.123305,2026-08-21T11:41:01Z,1787312370,CoinGecko simple/price
0859cb57d1964680a52995a1da6fcac3,hedera-hashgraph,HBAR,Hedera,0.076229,2026-08-21T11:41:01Z,1787312360,CoinGecko simple/price
19be4d473dbc4479aa97fdd3b31e14a3,kaspa,KAS,Kaspa,0.02907505,2026-08-21T11:41:01Z,1787312370,CoinGecko simple/price
d24997cb68c34094b1a63b83d3116faa,monero,XMR,Monero,410.91,2026-08-21T11:41:01Z,1787312370,CoinGecko simple/price
7bbdf790fefb436a8a44542e1a2c6eea,bitcoin,BTC,Bitcoin,76988.0,2026-08-21T11:41:07Z,1787312360,CoinGecko simple/price
791ac1c63f2448cfab51b0c20fe303c1,ethereum,ETH,Ethereum,2375.36,2026-08-21T11:41:07Z,1787312360,CoinGecko simple/price
983fd21fe6f24a4cba3caaa0b6cd6085,tether,USDT,Tether,0.999636,2026-08-21T11:41:07Z,1787312360,CoinGecko simple/price
23c1ffaf26674cccbe5edcb1ccf0e5c8,binancecoin,BNB,BNB,675.06,2026-08-21T11:41:07Z,1787312360,CoinGecko simple/price
fd1305e843f048ffb1370b1de818741e,solana,SOL,Solana,90.54,2026-08-21T11:41:07Z,1787312360,CoinGecko simple/price
cba9a4145cc54ff8bfe050ca58e11311,usd-coin,USDC,USDC,0.999751,2026-08-21T11:41:07Z,1787312360,CoinGecko simple/price
62da60c586a64675859d3a1c19b72838,ripple,XRP,XRP,1.37,2026-08-21T11:41:07Z,1787312360,CoinGecko simple/price
c2a54ce0bd244948a6e15b516f1e8038,dogecoin,DOGE,Dogecoin,0.08319,2026-08-21T11:41:07Z,1787312360,CoinGecko simple/price
7d2e19217fac46a7a7f1c55e6cd6973d,cardano,ADA,Cardano,0.213345,2026-08-21T11:41:07Z,1787312360,CoinGecko simple/price
991e6be29f9a44128289e2196f4c41cb,tron,TRX,TRON,0.33962,2026-08-21T11:41:07Z,1787312370,CoinGecko simple/price
314afe97603748b5879cd2499e8a6635,avalanche-2,AVAX,Avalanche,7.48,2026-08-21T11:41:07Z,1787312370,CoinGecko simple/price
9d7a2225d32640ef901b9e182778d68d,chainlink,LINK,Chainlink,11.31,2026-08-21T11:41:07Z,1787312360,CoinGecko simple/price
d036ff3c71d84eabad0baab7c9bdf890,shiba-inu,SHIB,Shiba Inu,5.22e-06,2026-08-21T11:41:07Z,1787312370,CoinGecko simple/price
9f10c1ad049246ce93ebb6d1b20f82c1,polkadot,DOT,Polkadot,0.885958,2026-08-21T11:41:07Z,1787312370,CoinGecko simple/price
07cf9427b4304555941fb4354ba46788,wrapped-bitcoin,WBTC,Wrapped Bitcoin,76907.0,2026-08-21T11:41:07Z,1787312370,CoinGecko simple/price
4a91b82629eb48bcae6d2143352e7794,bitcoin-cash,BCH,Bitcoin Cash,261.28,2026-08-21T11:41:07Z,1787312360,CoinGecko simple/price
003ac095be114ff2a06a93fe7b53fa5e,litecoin,LTC,Litecoin,50.36,2026-08-21T11:41:07Z,1787312370,CoinGecko simple/price
ecfac4535f70473bab0776c640420c28,near,NEAR,NEAR Protocol,1.89,2026-08-21T11:41:07Z,1787312360,CoinGecko simple/price
3533d089898b48a6beacc3e8a65b7490,uniswap,UNI,Uniswap,3.89,2026-08-21T11:41:07Z,1787312370,CoinGecko simple/price
abe66bce6f5a4fea9dbe8e35265cf750,stellar,XLM,Stellar,0.188565,2026-08-21T11:41:07Z,1787312350,CoinGecko simple/price
baa58cdd2eb446d1bef6a430b8cfa9e1,internet-computer,ICP,Internet Computer,2.46,2026-08-21T11:41:07Z,1787312370,CoinGecko simple/price
7f9ceacb3dce432c96a0f21336dce6db,aptos,APT,Aptos,0.629023,2026-08-21T11:41:07Z,1787312360,CoinGecko simple/price
bcb8e97bbc764492b7460479cfa64f64,sui,SUI,Sui,0.789794,2026-08-21T11:41:07Z,1787312370,CoinGecko simple/price
c2c8b5bca30d4be0889c8293f8e49b23,filecoin,FIL,Filecoin,0.770868,2026-08-21T11:41:07Z,1787312360,CoinGecko simple/price
ef8047cdec7b4762bbfc32799bc27405,cosmos,ATOM,Cosmos Hub,1.56,2026-08-21T11:41:07Z,1787312370,CoinGecko simple/price
240adf5aac844368bce4cddb4543f219,vechain,VET,VeChain,0.00539387,2026-08-21T11:41:07Z,1787312370,CoinGecko simple/price
b5ba840545b74490a3bd5eceba0fdcaf,aave,AAVE,Aave,110.57,2026-08-21T11:41:07Z,1787312370,CoinGecko simple/price
e99a0c4367db417dba0cb39f63be5e06,algorand,ALGO,Algorand,0.092273,2026-08-21T11:41:07Z,1787312370,CoinGecko simple/price
cc1e0b8d23ef410490609808d5e1133c,the-graph,GRT,The Graph,0.01619833,2026-08-21T11:41:07Z,1787312370,CoinGecko simple/price
d3d74f6319f64f6192092b7027c56c83,arbitrum,ARB,Arbitrum,0.09513,2026-08-21T11:41:07Z,1787312370,CoinGecko simple/price
eb0eac352acc48b9adfb5f3ac357412d,optimism,OP,Optimism,0.101124,2026-08-21T11:41:07Z,1787312370,CoinGecko simple/price
682ec3a97bd04284900c9c1ed86327c1,render-token,RENDER,Render,1.48,2026-08-21T11:41:07Z,1787312370,CoinGecko simple/price
2b4a48e83de54f34a31fef03a2b31226,injective-protocol,INJ,Injective,4.87,2026-08-21T11:41:07Z,1787312360,CoinGecko simple/price
ec5542a71c9f4b3b928f2b2c8d3d9048,maker,MKR,Maker,1504.0,2026-08-21T11:41:07Z,1787312370,CoinGecko simple/price
f075454578e14c358a2b06ec41619abb,the-sandbox,SAND,The Sandbox,0.04709445,2026-08-21T11:41:07Z,1787312370,CoinGecko simple/price
ed580393380f45dc88bf4c9341cfc819,decentraland,MANA,Decentraland,0.074991,2026-08-21T11:41:07Z,1787312370,CoinGecko simple/price
4922768aab5345b6bae1f3e3092ce8a6,axie-infinity,AXS,Axie Infinity,1.011,2026-08-21T11:41:07Z,1787312370,CoinGecko simple/price
a8523d193af04a1f9928828cc812fefb,tezos,XTZ,Tezos,0.228853,2026-08-21T11:41:07Z,1787312370,CoinGecko simple/price
476b96bc47914880b73eb58b8304823d,eos,EOS,EOS,0.072292,2026-08-21T11:41:07Z,1787312370,CoinGecko simple/price
776332aef1dd49fcbc52a3a117a60bb0,theta-token,THETA,Theta Network,0.175754,2026-08-21T11:41:07Z,1787312370,CoinGecko simple/price
5673b1b35ead4905818733e650f9ef34,flow,FLOW,Flow,0.03115701,2026-08-21T11:41:07Z,1787312350,CoinGecko simple/price
83843bc45b0c43498e7daf323a525653,fantom,FTM,Fantom,0.02695935,2026-08-21T11:41:07Z,1787312370,CoinGecko simple/price
6eeb011f4c4d4694ae88741652e0f9fe,neo,NEO,Neo,2.1,2026-08-21T11:41:07Z,1787312370,CoinGecko simple/price
72a97a357fc94e3ab574a7f596393f68,kucoin-shares,KCS,KuCoin Token,7.73,2026-08-21T11:41:07Z,1787312370,CoinGecko simple/price
9629a29c7348484dae4821ca571c69d8,wrapped-steth,WSTETH,Wrapped stETH,2948.17,2026-08-21T11:41:07Z,1787312370,CoinGecko simple/price
da75f70c2b194a78a03d746cc8f46cc5,mantle,MNT,Mantle,0.515462,2026-08-21T11:41:07Z,1787312370,CoinGecko simple/price
0e9ff04462854b35892bf4a2e9c81698,immutable-x,IMX,Immutable,0.123305,2026-08-21T11:41:07Z,1787312370,CoinGecko simple/price
67add2c7d37f4bcfb4066c6527b33b51,hedera-hashgraph,HBAR,Hedera,0.076229,2026-08-21T11:41:07Z,1787312360,CoinGecko simple/price
e47ecdd262084cb19ba73186cd074b89,kaspa,KAS,Kaspa,0.02907505,2026-08-21T11:41:07Z,1787312370,CoinGecko simple/price
ea35052aa62f4f308fe9d4e54af0a7f9,monero,XMR,Monero,410.91,2026-08-21T11:41:07Z,1787312370,CoinGecko simple/price
604a2559775e45548c8509080fb74740,bitcoin,BTC,Bitcoin,76988.0,2026-08-21T11:41:51Z,1787312360,CoinGecko simple/price
7599a76f92c54e4d87f3a42d07399882,ethereum,ETH,Ethereum,2375.36,2026-08-21T11:41:51Z,1787312360,CoinGecko simple/price
d44bd01aa9a54a1e93c0fb69c47fee4d,tether,USDT,Tether,0.999636,2026-08-21T11:41:51Z,1787312360,CoinGecko simple/price
285069a44d0d4cea9d988af59fb93ae9,binancecoin,BNB,BNB,675.06,2026-08-21T11:41:51Z,1787312360,CoinGecko simple/price
6e6fff0abe7e4ce9972f1c938c9076a2,solana,SOL,Solana,90.54,2026-08-21T11:41:51Z,1787312360,CoinGecko simple/price
fc71c1062b2e45e39134c1d4a07b5a10,usd-coin,USDC,USDC,0.999751,2026-08-21T11:41:51Z,1787312360,CoinGecko simple/price
d5deb71486914483b6a7212e7ca50825,ripple,XRP,XRP,1.37,2026-08-21T11:41:51Z,1787312360,CoinGecko simple/price
67b9ab7c832c407eb688588c335d1983,dogecoin,DOGE,Dogecoin,0.08319,2026-08-21T11:41:51Z,1787312360,CoinGecko simple/price
8051631f32b34e09a79683f2e914dc9a,cardano,ADA,Cardano,0.213345,2026-08-21T11:41:51Z,1787312360,CoinGecko simple/price
5b76a7ca24294e53a791ab930f1b035b,tron,TRX,TRON,0.33962,2026-08-21T11:41:51Z,1787312370,CoinGecko simple/price
1a39d5a14ecb44c2ab75d7ea4c96625c,avalanche-2,AVAX,Avalanche,7.48,2026-08-21T11:41:51Z,1787312370,CoinGecko simple/price
59855d3793a742b1a0a4b1d629b1f598,chainlink,LINK,Chainlink,11.31,2026-08-21T11:41:51Z,1787312360,CoinGecko simple/price
a1b3f332567545cb839643b06ba7c3fe,shiba-inu,SHIB,Shiba Inu,5.22e-06,2026-08-21T11:41:51Z,1787312370,CoinGecko simple/price
97167b6984084ef681eeb5ad8e78e9b6,polkadot,DOT,Polkadot,0.885958,2026-08-21T11:41:51Z,1787312370,CoinGecko simple/price
a613a4f4d5534a63997aaf60a4f8e9fd,wrapped-bitcoin,WBTC,Wrapped Bitcoin,76907.0,2026-08-21T11:41:51Z,1787312370,CoinGecko simple/price
2c063ace53a2421a8e649bae54cffd4f,bitcoin-cash,BCH,Bitcoin Cash,261.28,2026-08-21T11:41:51Z,1787312360,CoinGecko simple/price
235726e468b1424b87217f164b1c7f9c,litecoin,LTC,Litecoin,50.36,2026-08-21T11:41:51Z,1787312370,CoinGecko simple/price
9f88d460382c437c9df3d6fc27f68c0f,near,NEAR,NEAR Protocol,1.89,2026-08-21T11:41:51Z,1787312360,CoinGecko simple/price
9cb8e98e32bc4bc8bc3281f0464321ba,uniswap,UNI,Uniswap,3.89,2026-08-21T11:41:51Z,1787312370,CoinGecko simple/price
49468c0a43c646529f5761f5cca03f4b,stellar,XLM,Stellar,0.188565,2026-08-21T11:41:51Z,1787312350,CoinGecko simple/price
20f95494b79648d291d89462d8475af2,internet-computer,ICP,Internet Computer,2.46,2026-08-21T11:41:51Z,1787312370,CoinGecko simple/price
130803e4aae446108daf1f5fa13d7736,aptos,APT,Aptos,0.629023,2026-08-21T11:41:51Z,1787312360,CoinGecko simple/price
220bdb221be04f528923114b114817d8,sui,SUI,Sui,0.789794,2026-08-21T11:41:51Z,1787312370,CoinGecko simple/price
562ef753506a4aa095ae5abd22b018c7,filecoin,FIL,Filecoin,0.770868,2026-08-21T11:41:51Z,1787312360,CoinGecko simple/price
0aba6356af1843a994423dde41378de2,cosmos,ATOM,Cosmos Hub,1.56,2026-08-21T11:41:51Z,1787312370,CoinGecko simple/price
d57804c302bc4933ad98b28960d1fe46,vechain,VET,VeChain,0.00539387,2026-08-21T11:41:51Z,1787312370,CoinGecko simple/price
0b3ffb6590f44b2aa9b7f9174f22a0c5,aave,AAVE,Aave,110.57,2026-08-21T11:41:51Z,1787312370,CoinGecko simple/price
d88e1bec5f27403f9927b7ea3fd29545,algorand,ALGO,Algorand,0.092273,2026-08-21T11:41:51Z,1787312370,CoinGecko simple/price
affc696e52db470ea9c1713e528796a7,the-graph,GRT,The Graph,0.01619833,2026-08-21T11:41:51Z,1787312370,CoinGecko simple/price
af350f1ac95f42989a9380fb0a46eb7c,arbitrum,ARB,Arbitrum,0.09513,2026-08-21T11:41:51Z,1787312370,CoinGecko simple/price
edb0d272d18b424f92251877c7d2c5de,optimism,OP,Optimism,0.101124,2026-08-21T11:41:51Z,1787312370,CoinGecko simple/price
4a2ec524c3a343549e33503e42857236,render-token,RENDER,Render,1.48,2026-08-21T11:41:51Z,1787312370,CoinGecko simple/price
3a07a07bea784e11b5b9ec3acd8b9a75,injective-protocol,INJ,Injective,4.87,2026-08-21T11:41:51Z,1787312360,CoinGecko simple/price
87b332d0060e467ba76c4048a429784d,maker,MKR,Maker,1504.0,2026-08-21T11:41:51Z,1787312370,CoinGecko simple/price
2d421589d924451da18f08c8b593ccd3,the-sandbox,SAND,The Sandbox,0.04709445,2026-08-21T11:41:51Z,1787312370,CoinGecko simple/price
187a4f7bb91b45fd959167628ee825a2,decentraland,MANA,Decentraland,0.074991,2026-08-21T11:41:51Z,1787312370,CoinGecko simple/price
d4d471e861f14373a18cc9752102ee59,axie-infinity,AXS,Axie Infinity,1.011,2026-08-21T11:41:51Z,1787312370,CoinGecko simple/price
689c9f039ed54b8fb55e25c8b91dc99d,tezos,XTZ,Tezos,0.228853,2026-08-21T11:41:51Z,1787312370,CoinGecko simple/price
c7f30f2763334072bae29b6031ac47a2,eos,EOS,EOS,0.072292,2026-08-21T11:41:51Z,1787312370,CoinGecko simple/price
a3ecc93ded684a1f926828ec284050af,theta-token,THETA,Theta Network,0.175754,2026-08-21T11:41:51Z,1787312370,CoinGecko simple/price
4a87c797ae4c4edc83b9b772168b875b,flow,FLOW,Flow,0.03115701,2026-08-21T11:41:51Z,1787312350,CoinGecko simple/price
6e51ffd814014531b76696475ac3821e,fantom,FTM,Fantom,0.02695935,2026-08-21T11:41:51Z,1787312370,CoinGecko simple/price
fa58f0989967485c92bbed1c85a5ad9a,neo,NEO,Neo,2.1,2026-08-21T11:41:51Z,1787312370,CoinGecko simple/price
f00ff2a237164fefa077b1d16fd90148,kucoin-shares,KCS,KuCoin Token,7.73,2026-08-21T11:41:51Z,1787312370,CoinGecko simple/price
33a4fa87b8444d4ca862b75e995268c8,wrapped-steth,WSTETH,Wrapped stETH,2948.17,2026-08-21T11:41:51Z,1787312370,CoinGecko simple/price
51136f1aa57849678c5776ee8244cfa2,mantle,MNT,Mantle,0.515462,2026-08-21T11:41:51Z,1787312370,CoinGecko simple/price
91e0cafb8b4541259f77a5a44b3ab43b,immutable-x,IMX,Immutable,0.123305,2026-08-21T11:41:51Z,1787312370,CoinGecko simple/price
8780c4c5e6ef476fb46f2e5f1b208aad,hedera-hashgraph,HBAR,Hedera,0.076229,2026-08-21T11:41:51Z,1787312360,CoinGecko simple/price
64ded09180334b669dbea9267ec70662,kaspa,KAS,Kaspa,0.02907505,2026-08-21T11:41:51Z,1787312370,CoinGecko simple/price
d56f3eab0b414171b12870b5e22cbca0,monero,XMR,Monero,410.91,2026-08-21T11:41:51Z,1787312370,CoinGecko simple/price
211994a9afbd4915833f47f9833f9647,bitcoin,BTC,Bitcoin,76983.0,2026-08-21T11:42:02Z,1787312430,CoinGecko simple/price
bf07c2e8b88546c1a3881682f97df98b,ethereum,ETH,Ethereum,2375.22,2026-08-21T11:42:02Z,1787312430,CoinGecko simple/price
69b434372a7a465a9ebecf8bd0bb183c,tether,USDT,Tether,0.999657,2026-08-21T11:42:02Z,1787312430,CoinGecko simple/price
119c33a0e8dc4368adc2abaf2deb384d,binancecoin,BNB,BNB,675.3,2026-08-21T11:42:02Z,1787312430,CoinGecko simple/price
cf80733a3b6b442db10b65e587458ccf,solana,SOL,Solana,90.6,2026-08-21T11:42:02Z,1787312430,CoinGecko simple/price
1bd3c493347142c1ad3daaa2abba41f0,usd-coin,USDC,USDC,0.999769,2026-08-21T11:42:02Z,1787312430,CoinGecko simple/price
9d0563d569a248a28d9a2dc665fdffac,ripple,XRP,XRP,1.38,2026-08-21T11:42:02Z,1787312430,CoinGecko simple/price
e6028d49be2a4141a10452acd206e3c1,dogecoin,DOGE,Dogecoin,0.083257,2026-08-21T11:42:02Z,1787312430,CoinGecko simple/price
3c00d9ac382e4bdfacdb9be9a54c6c39,cardano,ADA,Cardano,0.213484,2026-08-21T11:42:02Z,1787312430,CoinGecko simple/price
fad61219adeb44df8942cf76a592fbfd,tron,TRX,TRON,0.339595,2026-08-21T11:42:02Z,1787312430,CoinGecko simple/price
dd113ce10bba4901b16ea24d0f73eef6,avalanche-2,AVAX,Avalanche,7.49,2026-08-21T11:42:02Z,1787312420,CoinGecko simple/price
e916be220f4f41c19ed4bfea86c24d9b,chainlink,LINK,Chainlink,11.32,2026-08-21T11:42:02Z,1787312440,CoinGecko simple/price
380fde07094c4d229612d09f42f7759f,shiba-inu,SHIB,Shiba Inu,5.22e-06,2026-08-21T11:42:02Z,1787312440,CoinGecko simple/price
7a364685ab6c475396d4f8cbb833dbaf,polkadot,DOT,Polkadot,0.886825,2026-08-21T11:42:02Z,1787312440,CoinGecko simple/price
90897f086c114c0b855b0aa368d4f985,wrapped-bitcoin,WBTC,Wrapped Bitcoin,76951.0,2026-08-21T11:42:02Z,1787312430,CoinGecko simple/price
13863a6f68ce43a29f5bb05e030c5455,bitcoin-cash,BCH,Bitcoin Cash,261.24,2026-08-21T11:42:02Z,1787312430,CoinGecko simple/price
e8577ecca9934550a06cd98dea8cffdc,litecoin,LTC,Litecoin,50.36,2026-08-21T11:42:02Z,1787312440,CoinGecko simple/price
0ac710caa97242c8a7d96695c224ee50,near,NEAR,NEAR Protocol,1.9,2026-08-21T11:42:02Z,1787312430,CoinGecko simple/price
0a81cc594a73438887029d4ae06af495,uniswap,UNI,Uniswap,3.9,2026-08-21T11:42:02Z,1787312430,CoinGecko simple/price
290a756a992043548abf82bc3b7b0609,stellar,XLM,Stellar,0.188731,2026-08-21T11:42:02Z,1787312440,CoinGecko simple/price
51fab23d78344d7ba068c4ae9ce3c1c6,internet-computer,ICP,Internet Computer,2.46,2026-08-21T11:42:02Z,1787312440,CoinGecko simple/price
dcf7e9bbe5fc4f7d94383b9c085fecf5,aptos,APT,Aptos,0.631409,2026-08-21T11:42:02Z,1787312440,CoinGecko simple/price
9c2d3f76baa44588acd04117c2aa3043,sui,SUI,Sui,0.789909,2026-08-21T11:42:02Z,1787312420,CoinGecko simple/price
d470469acfe74ca690d1f4e61bd24bfe,filecoin,FIL,Filecoin,0.771259,2026-08-21T11:42:02Z,1787312440,CoinGecko simple/price
568610b035cc4d1caa302104ba2fe475,cosmos,ATOM,Cosmos Hub,1.57,2026-08-21T11:42:02Z,1787312440,CoinGecko simple/price
969c19a445664ddeb70112aad6a3a60c,vechain,VET,VeChain,0.00539707,2026-08-21T11:42:02Z,1787312440,CoinGecko simple/price
36751ef0e6864c77a60b50545a8ad2d2,aave,AAVE,Aave,110.52,2026-08-21T11:42:02Z,1787312430,CoinGecko simple/price
2cdefaf1b0844d218c32223b82d8e7d5,algorand,ALGO,Algorand,0.092499,2026-08-21T11:42:02Z,1787312430,CoinGecko simple/price
da6d268eb6364080803aa1929eabbcff,the-graph,GRT,The Graph,0.01625305,2026-08-21T11:42:02Z,1787312440,CoinGecko simple/price
e57fc93e363c40e4a00f4f09e4bbcc66,arbitrum,ARB,Arbitrum,0.09528,2026-08-21T11:42:02Z,1787312440,CoinGecko simple/price
17ccd487d01c4b4c82903810c3a77b5c,optimism,OP,Optimism,0.101219,2026-08-21T11:42:02Z,1787312430,CoinGecko simple/price
5c10bb47402040208c88d1b016f67e43,render-token,RENDER,Render,1.48,2026-08-21T11:42:02Z,1787312430,CoinGecko simple/price
d66eea49047745049d815bee22e117df,injective-protocol,INJ,Injective,4.87,2026-08-21T11:42:02Z,1787312440,CoinGecko simple/price
51c90894d83d419ba69b2c0fd2c2a592,maker,MKR,Maker,1506.0,2026-08-21T11:42:02Z,1787312430,CoinGecko simple/price
d0d7e4649e0645e48be434a5fac6f99e,the-sandbox,SAND,The Sandbox,0.04716927,2026-08-21T11:42:02Z,1787312440,CoinGecko simple/price
4aa41857aac9437b8a146cab9d1ceb78,decentraland,MANA,Decentraland,0.075202,2026-08-21T11:42:02Z,1787312440,CoinGecko simple/price
9d3560213ef44bb0891374dddf31b256,axie-infinity,AXS,Axie Infinity,1.013,2026-08-21T11:42:02Z,1787312440,CoinGecko simple/price
88f1304eb4e54a078fe473c5e09c410a,tezos,XTZ,Tezos,0.228998,2026-08-21T11:42:02Z,1787312440,CoinGecko simple/price
3c4991da116e418ab14a5bb934564ce2,eos,EOS,EOS,0.072565,2026-08-21T11:42:02Z,1787312440,CoinGecko simple/price
38dea1e1fb0c4fafb9dab22139efcfed,theta-token,THETA,Theta Network,0.175849,2026-08-21T11:42:02Z,1787312440,CoinGecko simple/price
16332b8eb46e44c5acfff7c1386b668e,flow,FLOW,Flow,0.03118288,2026-08-21T11:42:02Z,1787312440,CoinGecko simple/price
3751cab631364186a14078bd5dbc14fb,fantom,FTM,Fantom,0.02697129,2026-08-21T11:42:02Z,1787312430,CoinGecko simple/price
0e71930ec84242d2a2c2d5bd464f0066,neo,NEO,Neo,2.1,2026-08-21T11:42:02Z,1787312440,CoinGecko simple/price
f628b715a264424e86394c18790c1509,kucoin-shares,KCS,KuCoin Token,7.72,2026-08-21T11:42:02Z,1787312430,CoinGecko simple/price
f0725cce82d24828bf7939590fa9b57a,wrapped-steth,WSTETH,Wrapped stETH,2949.54,2026-08-21T11:42:02Z,1787312430,CoinGecko simple/price
e279a33647d84a3baf2feef2325ded62,mantle,MNT,Mantle,0.515421,2026-08-21T11:42:02Z,1787312440,CoinGecko simple/price
54fa5458df944df68b807c43f6a04339,immutable-x,IMX,Immutable,0.123552,2026-08-21T11:42:02Z,1787312440,CoinGecko simple/price
101af8c8012b4d92af335a35e7c3f165,hedera-hashgraph,HBAR,Hedera,0.076335,2026-08-21T11:42:02Z,1787312440,CoinGecko simple/price
85e89e20102c454189871fe185924cf3,kaspa,KAS,Kaspa,0.02906496,2026-08-21T11:42:02Z,1787312440,CoinGecko simple/price
366afe4e280a48b8b696ce8a1ee68aa8,monero,XMR,Monero,410.82,2026-08-21T11:42:02Z,1787312440,CoinGecko simple/price
8f09b390dba54529907248195a20bcd8,bitcoin,BTC,Bitcoin,76983.0,2026-08-21T11:42:51Z,1787312430,CoinGecko simple/price
e0e71a8f707640aeb8b1064e1d94b32f,ethereum,ETH,Ethereum,2375.22,2026-08-21T11:42:51Z,1787312430,CoinGecko simple/price
b7efd9b944c24dfdb79741179eca37a3,tether,USDT,Tether,0.999657,2026-08-21T11:42:51Z,1787312430,CoinGecko simple/price
c63ed44ca0104e73aeea3f2060d47429,binancecoin,BNB,BNB,675.3,2026-08-21T11:42:51Z,1787312430,CoinGecko simple/price
5529bd0b13514d96855837f692dd11b9,solana,SOL,Solana,90.6,2026-08-21T11:42:51Z,1787312430,CoinGecko simple/price
9d11fb08b2c74a9bb619531428fbd507,usd-coin,USDC,USDC,0.999769,2026-08-21T11:42:51Z,1787312430,CoinGecko simple/price
b682bcb906d448f78a7100d0d3cb2751,ripple,XRP,XRP,1.38,2026-08-21T11:42:51Z,1787312430,CoinGecko simple/price
b643a3df334549628bd55662ea022ae2,dogecoin,DOGE,Dogecoin,0.083257,2026-08-21T11:42:51Z,1787312430,CoinGecko simple/price
a87af5a522d84978a13c7fb77bb61dd3,cardano,ADA,Cardano,0.213484,2026-08-21T11:42:51Z,1787312430,CoinGecko simple/price
b4b4e199a63640909b8fbc7097380215,tron,TRX,TRON,0.339595,2026-08-21T11:42:51Z,1787312430,CoinGecko simple/price
a66375cc4ac3427a95a23121ecb6538e,avalanche-2,AVAX,Avalanche,7.49,2026-08-21T11:42:51Z,1787312420,CoinGecko simple/price
e6b9aae2e1c349298469f9daad197e66,chainlink,LINK,Chainlink,11.32,2026-08-21T11:42:51Z,1787312440,CoinGecko simple/price
ca36747fad0443f39049982ca69aa2e6,shiba-inu,SHIB,Shiba Inu,5.22e-06,2026-08-21T11:42:51Z,1787312440,CoinGecko simple/price
1838fc70e7fe4dcc9553ecc273261a55,polkadot,DOT,Polkadot,0.886825,2026-08-21T11:42:51Z,1787312440,CoinGecko simple/price
11886a3dfa454bc183e6655ff90893eb,wrapped-bitcoin,WBTC,Wrapped Bitcoin,76951.0,2026-08-21T11:42:51Z,1787312430,CoinGecko simple/price
eea3696bf21e4488b510e7578f83b629,bitcoin-cash,BCH,Bitcoin Cash,261.24,2026-08-21T11:42:51Z,1787312430,CoinGecko simple/price
696074e4fadb434ab2121f0c3b008be8,litecoin,LTC,Litecoin,50.36,2026-08-21T11:42:51Z,1787312440,CoinGecko simple/price
d55e97b11b3e41b5a4d345a5a7369041,near,NEAR,NEAR Protocol,1.9,2026-08-21T11:42:51Z,1787312430,CoinGecko simple/price
2d30f605ade44a008d808e4020882659,uniswap,UNI,Uniswap,3.9,2026-08-21T11:42:51Z,1787312430,CoinGecko simple/price
e2c606d6727d45828540b9b5db9fb54b,stellar,XLM,Stellar,0.188731,2026-08-21T11:42:51Z,1787312440,CoinGecko simple/price
22337531bc794b39aa87fbe1faa778da,internet-computer,ICP,Internet Computer,2.46,2026-08-21T11:42:51Z,1787312440,CoinGecko simple/price
0bbfbb8bf8514010a03d8f8a9c88cbef,aptos,APT,Aptos,0.631409,2026-08-21T11:42:51Z,1787312440,CoinGecko simple/price
f7d23b5037fe4213891e51922878eac0,sui,SUI,Sui,0.789909,2026-08-21T11:42:51Z,1787312420,CoinGecko simple/price
981aba4fb3df487caa227a1a5e284204,filecoin,FIL,Filecoin,0.771259,2026-08-21T11:42:51Z,1787312440,CoinGecko simple/price
dce81a82acd34681a3e53ef44ae15e95,cosmos,ATOM,Cosmos Hub,1.57,2026-08-21T11:42:51Z,1787312440,CoinGecko simple/price
482897e21dfa412389a12b2e94af3e8e,vechain,VET,VeChain,0.00539707,2026-08-21T11:42:51Z,1787312440,CoinGecko simple/price
b8ea4268810043578002025a01f53231,aave,AAVE,Aave,110.52,2026-08-21T11:42:51Z,1787312430,CoinGecko simple/price
f4017d1491b143d9907a029b76e51233,algorand,ALGO,Algorand,0.092499,2026-08-21T11:42:51Z,1787312430,CoinGecko simple/price
d0e906aa71d045c6bbd1510684f9c986,the-graph,GRT,The Graph,0.01625305,2026-08-21T11:42:51Z,1787312440,CoinGecko simple/price
e2652e6103204d8bbf25cca12a05a662,arbitrum,ARB,Arbitrum,0.09528,2026-08-21T11:42:51Z,1787312440,CoinGecko simple/price
c53e7873c110406a9b640be9d54f248f,optimism,OP,Optimism,0.101219,2026-08-21T11:42:51Z,1787312430,CoinGecko simple/price
d933a582525648f786b9eb4319912819,render-token,RENDER,Render,1.48,2026-08-21T11:42:51Z,1787312430,CoinGecko simple/price
62b2019ce4c945faa0b233b2586f8153,injective-protocol,INJ,Injective,4.87,2026-08-21T11:42:51Z,1787312440,CoinGecko simple/price
6b675f742fa940b0b08787881e273b7b,maker,MKR,Maker,1506.0,2026-08-21T11:42:51Z,1787312430,CoinGecko simple/price
a89871dbeaa340398c5ddcc29dc19126,the-sandbox,SAND,The Sandbox,0.04716927,2026-08-21T11:42:51Z,1787312440,CoinGecko simple/price
c744e1108bf749b39934a668289ecd47,decentraland,MANA,Decentraland,0.075202,2026-08-21T11:42:51Z,1787312440,CoinGecko simple/price
0da28d2499d2482698d6823ccd7a6acd,axie-infinity,AXS,Axie Infinity,1.013,2026-08-21T11:42:51Z,1787312440,CoinGecko simple/price
c4a219d4f9384692921fcaa108bbd960,tezos,XTZ,Tezos,0.228998,2026-08-21T11:42:51Z,1787312440,CoinGecko simple/price
08c426d8804244dbbb1dd0f6c6f90e2a,eos,EOS,EOS,0.072565,2026-08-21T11:42:51Z,1787312440,CoinGecko simple/price
cb8146c8791d4edc85b153441681c829,theta-token,THETA,Theta Network,0.175849,2026-08-21T11:42:51Z,1787312440,CoinGecko simple/price
7685e5a82bc1455ebeaef3de88c411e0,flow,FLOW,Flow,0.03118288,2026-08-21T11:42:51Z,1787312440,CoinGecko simple/price
de213cfc22a644a0bfbf9590d508118c,fantom,FTM,Fantom,0.02697129,2026-08-21T11:42:51Z,1787312430,CoinGecko simple/price
b488dc97e12645999c7e73691d6d8605,neo,NEO,Neo,2.1,2026-08-21T11:42:51Z,1787312440,CoinGecko simple/price
2024c0588f414e7e92d9944927836ddf,kucoin-shares,KCS,KuCoin Token,7.72,2026-08-21T11:42:51Z,1787312430,CoinGecko simple/price
6f6532a8815148a39ad6543fbf3704b7,wrapped-steth,WSTETH,Wrapped stETH,2949.54,2026-08-21T11:42:51Z,1787312430,CoinGecko simple/price
7096e9cec48846af9e131294a9d73ff7,mantle,MNT,Mantle,0.515421,2026-08-21T11:42:51Z,1787312440,CoinGecko simple/price
12c821928de246069031f8b0a20f0faf,immutable-x,IMX,Immutable,0.123552,2026-08-21T11:42:51Z,1787312440,CoinGecko simple/price
6a463931e488437fb82bb645d9d0a43e,hedera-hashgraph,HBAR,Hedera,0.076335,2026-08-21T11:42:51Z,1787312440,CoinGecko simple/price
cd41abfa9e4c4d668c101bb06a0389b7,kaspa,KAS,Kaspa,0.02906496,2026-08-21T11:42:51Z,1787312440,CoinGecko simple/price
ba21533fd16849a1a439cffc61bfbb07,monero,XMR,Monero,410.82,2026-08-21T11:42:51Z,1787312440,CoinGecko simple/price
0cfca9b40e0e46b09f7437083a53d5bf,bitcoin,BTC,Bitcoin,76964.0,2026-08-21T11:43:05Z,1787312490,CoinGecko simple/price
d0f11bfa58f14e2791a2e53774df128c,ethereum,ETH,Ethereum,2375.56,2026-08-21T11:43:05Z,1787312480,CoinGecko simple/price
7badac0812614dff903e5b9b29c09b6c,tether,USDT,Tether,0.999674,2026-08-21T11:43:05Z,1787312500,CoinGecko simple/price
fa04d83a694440ff958ad68c1323904e,binancecoin,BNB,BNB,675.08,2026-08-21T11:43:05Z,1787312490,CoinGecko simple/price
62e8e27afe834663a987764459b1b743,solana,SOL,Solana,90.6,2026-08-21T11:43:05Z,1787312490,CoinGecko simple/price
b5b41f7dac5c453ca3bb0f6bdbc47094,usd-coin,USDC,USDC,0.999784,2026-08-21T11:43:05Z,1787312500,CoinGecko simple/price
9a3dbc4d4d4343ac991f334cc0f5f074,ripple,XRP,XRP,1.38,2026-08-21T11:43:05Z,1787312480,CoinGecko simple/price
fb1a3bc2f45c4283bf56b7fca305df64,dogecoin,DOGE,Dogecoin,0.083269,2026-08-21T11:43:05Z,1787312500,CoinGecko simple/price
ba107723ab6a4d28b39d8ddb5283cadd,cardano,ADA,Cardano,0.213367,2026-08-21T11:43:05Z,1787312490,CoinGecko simple/price
b317fa3b7d5b4408a0b9239a45d64d23,tron,TRX,TRON,0.339674,2026-08-21T11:43:05Z,1787312480,CoinGecko simple/price
1d5332dfd1d143c88330736fd9743565,avalanche-2,AVAX,Avalanche,7.49,2026-08-21T11:43:05Z,1787312490,CoinGecko simple/price
b658e9fe9ee547eeb10e9ce3a86d8003,chainlink,LINK,Chainlink,11.31,2026-08-21T11:43:05Z,1787312490,CoinGecko simple/price
752be84aaa40439b962add5d9d9c9a1f,shiba-inu,SHIB,Shiba Inu,5.22e-06,2026-08-21T11:43:05Z,1787312500,CoinGecko simple/price
342bf113e7bb4c40a7d63f496500a32a,polkadot,DOT,Polkadot,0.885847,2026-08-21T11:43:05Z,1787312500,CoinGecko simple/price
353dc8fd2df94b7badbcb8d2c195bc3c,wrapped-bitcoin,WBTC,Wrapped Bitcoin,76930.0,2026-08-21T11:43:05Z,1787312490,CoinGecko simple/price
49ed024691454fd9ad502e5098a52033,bitcoin-cash,BCH,Bitcoin Cash,260.73,2026-08-21T11:43:05Z,1787312500,CoinGecko simple/price
977a22f1abae4e36a3fe76ad6f619752,litecoin,LTC,Litecoin,50.33,2026-08-21T11:43:05Z,1787312490,CoinGecko simple/price
9b7b11281f19414da9a2ce98bb0ceec2,near,NEAR,NEAR Protocol,1.89,2026-08-21T11:43:05Z,1787312490,CoinGecko simple/price
816e846cd30a4195b234475512d141fd,uniswap,UNI,Uniswap,3.9,2026-08-21T11:43:05Z,1787312480,CoinGecko simple/price
fd14a8329a014b32b487cd9a747f024d,stellar,XLM,Stellar,0.188729,2026-08-21T11:43:05Z,1787312490,CoinGecko simple/price
8b25be66d6d54cbb995475600a80c6a6,internet-computer,ICP,Internet Computer,2.46,2026-08-21T11:43:05Z,1787312500,CoinGecko simple/price
43d563ed29964f3ca08499fda407d49b,aptos,APT,Aptos,0.630326,2026-08-21T11:43:05Z,1787312500,CoinGecko simple/price
10ef1167f02f4f8f98471926dc5358c0,sui,SUI,Sui,0.788883,2026-08-21T11:43:05Z,1787312490,CoinGecko simple/price
1e26a10886e54e148b0db83b02cd8b83,filecoin,FIL,Filecoin,0.771418,2026-08-21T11:43:05Z,1787312500,CoinGecko simple/price
9ec689bf45834612a3760dbebb2f98c2,cosmos,ATOM,Cosmos Hub,1.56,2026-08-21T11:43:05Z,1787312500,CoinGecko simple/price
b2080c72ea83401cb0edb01ea753542f,vechain,VET,VeChain,0.00539354,2026-08-21T11:43:05Z,1787312500,CoinGecko simple/price
2c84a5b0a2a343a4a526e057abe8e0b9,aave,AAVE,Aave,110.22,2026-08-21T11:43:05Z,1787312500,CoinGecko simple/price
86bf4c08093a440b88439b3eda165950,algorand,ALGO,Algorand,0.092422,2026-08-21T11:43:05Z,1787312500,CoinGecko simple/price
e5f4324ad1094493966d8b5c8effc37d,the-graph,GRT,The Graph,0.01620961,2026-08-21T11:43:05Z,1787312500,CoinGecko simple/price
0b8b029abef54f15af2c978a036e874c,arbitrum,ARB,Arbitrum,0.095161,2026-08-21T11:43:05Z,1787312500,CoinGecko simple/price
71547e8be7e1453e84535a7ec3e805b9,optimism,OP,Optimism,0.101148,2026-08-21T11:43:05Z,1787312500,CoinGecko simple/price
ae213c9915414c50ab528cab2298156e,render-token,RENDER,Render,1.48,2026-08-21T11:43:05Z,1787312500,CoinGecko simple/price
821389fc472e4967875ee2b733227742,injective-protocol,INJ,Injective,4.87,2026-08-21T11:43:05Z,1787312500,CoinGecko simple/price
50d1d6c3ff3f4117a6ad064b34cd77f7,maker,MKR,Maker,1505.23,2026-08-21T11:43:05Z,1787312500,CoinGecko simple/price
d7dc84bf0f8a4446833c8f396b28988c,the-sandbox,SAND,The Sandbox,0.04710016,2026-08-21T11:43:05Z,1787312500,CoinGecko simple/price
036325b15da94545ae8a3a68d0d1d4a9,decentraland,MANA,Decentraland,0.075049,2026-08-21T11:43:05Z,1787312500,CoinGecko simple/price
adbf6acb39b04c38a6162c535174cf5d,axie-infinity,AXS,Axie Infinity,1.013,2026-08-21T11:43:05Z,1787312500,CoinGecko simple/price
fc879d3dfbae424d90b98df8c45b0a70,tezos,XTZ,Tezos,0.229022,2026-08-21T11:43:05Z,1787312490,CoinGecko simple/price
7009a5fc2383469dbba9817e9627605c,eos,EOS,EOS,0.072564,2026-08-21T11:43:05Z,1787312500,CoinGecko simple/price
1dcf6fab78924129be4cf7b893cae962,theta-token,THETA,Theta Network,0.175968,2026-08-21T11:43:05Z,1787312500,CoinGecko simple/price
479059bb31c04342a335de4c63f08fc6,flow,FLOW,Flow,0.03116672,2026-08-21T11:43:05Z,1787312500,CoinGecko simple/price
3b6a32ea799a4abbb59fd160ce96f010,fantom,FTM,Fantom,0.02698162,2026-08-21T11:43:05Z,1787312500,CoinGecko simple/price
1e4bcafa223944a69794440c1fbdcc45,neo,NEO,Neo,2.1,2026-08-21T11:43:05Z,1787312500,CoinGecko simple/price
4c9a43c5807445ecb56793ec11372b86,kucoin-shares,KCS,KuCoin Token,7.72,2026-08-21T11:43:05Z,1787312500,CoinGecko simple/price
6b6688441a46484e9567b1b4c8b8abef,wrapped-steth,WSTETH,Wrapped stETH,2950.03,2026-08-21T11:43:05Z,1787312500,CoinGecko simple/price
922c5b679b7844efa34e9c9d71381b55,mantle,MNT,Mantle,0.515961,2026-08-21T11:43:05Z,1787312500,CoinGecko simple/price
68f06cf737104f6c8992ae1e7102d8a5,immutable-x,IMX,Immutable,0.123297,2026-08-21T11:43:05Z,1787312500,CoinGecko simple/price
660b64ffcfc6416a845719b07bb62587,hedera-hashgraph,HBAR,Hedera,0.076225,2026-08-21T11:43:05Z,1787312500,CoinGecko simple/price
b3e93371e1aa418b9144562ee4be98e4,kaspa,KAS,Kaspa,0.02903608,2026-08-21T11:43:05Z,1787312500,CoinGecko simple/price
b4e0b4e3a29e4e6b92129af29f7c864c,monero,XMR,Monero,410.81,2026-08-21T11:43:05Z,1787312490,CoinGecko simple/price
9858e7d4b44b48bda09bba4f30249c3e,bitcoin,BTC,Bitcoin,76868.0,2026-08-21T11:44:05Z,1787312560,CoinGecko simple/price
86b19e7a8eb7460db5f13a90522d2cae,ethereum,ETH,Ethereum,2374.05,2026-08-21T11:44:05Z,1787312550,CoinGecko simple/price
231f57dd7db0482a9ce0ff66e5b67d35,tether,USDT,Tether,0.999677,2026-08-21T11:44:05Z,1787312550,CoinGecko simple/price
933babfe73d641a09bd12c5a44b3246c,binancecoin,BNB,BNB,674.13,2026-08-21T11:44:05Z,1787312560,CoinGecko simple/price
bfb4f5ebc953425e8881c42774ca0863,solana,SOL,Solana,90.37,2026-08-21T11:44:05Z,1787312560,CoinGecko simple/price
bb7d1c231d444c87b9c2bb0ae6090f42,usd-coin,USDC,USDC,0.999789,2026-08-21T11:44:05Z,1787312550,CoinGecko simple/price
e8e004db133748c697bc3467336eb148,ripple,XRP,XRP,1.38,2026-08-21T11:44:05Z,1787312560,CoinGecko simple/price
5b5818d98cd843e7a1511750bdf62ee0,dogecoin,DOGE,Dogecoin,0.083188,2026-08-21T11:44:05Z,1787312550,CoinGecko simple/price
6e0e88f3c10d4ee48e529b4043ba2436,cardano,ADA,Cardano,0.212741,2026-08-21T11:44:05Z,1787312560,CoinGecko simple/price
61991aac615a4088b810b85dfdc0f21f,tron,TRX,TRON,0.339719,2026-08-21T11:44:05Z,1787312560,CoinGecko simple/price
5a2bc7deac8f45b0945e3a75feeb0d3c,avalanche-2,AVAX,Avalanche,7.48,2026-08-21T11:44:05Z,1787312560,CoinGecko simple/price
413bbeedad1e458cbbe09f565fbc5dfd,chainlink,LINK,Chainlink,11.29,2026-08-21T11:44:05Z,1787312560,CoinGecko simple/price
c4fad0e3d4d34a00a1131b13de125150,shiba-inu,SHIB,Shiba Inu,5.21e-06,2026-08-21T11:44:05Z,1787312550,CoinGecko simple/price
bb79cb00bb0746be9d3db6bc1e4d86df,polkadot,DOT,Polkadot,0.884309,2026-08-21T11:44:05Z,1787312550,CoinGecko simple/price
a5f1be9245394beca4d6314c5a48b882,wrapped-bitcoin,WBTC,Wrapped Bitcoin,76904.0,2026-08-21T11:44:05Z,1787312550,CoinGecko simple/price
2ceeda73336b47f5b77fba13d5e30605,bitcoin-cash,BCH,Bitcoin Cash,259.38,2026-08-21T11:44:05Z,1787312560,CoinGecko simple/price
756c5e70d0484ca1b5244d5cf2e1645b,litecoin,LTC,Litecoin,50.27,2026-08-21T11:44:05Z,1787312560,CoinGecko simple/price
1e33731a570d4b78bc8f7959d1991999,near,NEAR,NEAR Protocol,1.89,2026-08-21T11:44:05Z,1787312560,CoinGecko simple/price
c5217f0075fd4ce0859e1cf14e7b3d40,uniswap,UNI,Uniswap,3.89,2026-08-21T11:44:05Z,1787312560,CoinGecko simple/price
aa6b95f819f24d618f17e81ded1fee41,stellar,XLM,Stellar,0.188692,2026-08-21T11:44:05Z,1787312560,CoinGecko simple/price
48da63865569446aa209d2fedb73a448,internet-computer,ICP,Internet Computer,2.46,2026-08-21T11:44:05Z,1787312560,CoinGecko simple/price
9ae485ae73794d19beebe00e8690a4aa,aptos,APT,Aptos,0.629092,2026-08-21T11:44:05Z,1787312560,CoinGecko simple/price
ab5d1e19b5694cce94189d8c955f331d,sui,SUI,Sui,0.787133,2026-08-21T11:44:05Z,1787312560,CoinGecko simple/price
139610037ed345b0bf9223d0408f7390,filecoin,FIL,Filecoin,0.770986,2026-08-21T11:44:05Z,1787312560,CoinGecko simple/price
790154b73a5d42269e6da69451217225,cosmos,ATOM,Cosmos Hub,1.56,2026-08-21T11:44:05Z,1787312550,CoinGecko simple/price
c2923cd53696434f910c2a5641f82145,vechain,VET,VeChain,0.00539077,2026-08-21T11:44:05Z,1787312550,CoinGecko simple/price
004f8441da734a97a4158bf85239f9bb,aave,AAVE,Aave,110.08,2026-08-21T11:44:05Z,1787312560,CoinGecko simple/price
0668762791dd427b80e87b178b68f62b,algorand,ALGO,Algorand,0.092263,2026-08-21T11:44:05Z,1787312560,CoinGecko simple/price
4ba304c928474e7c93fa81f276c9e309,the-graph,GRT,The Graph,0.01619415,2026-08-21T11:44:05Z,1787312550,CoinGecko simple/price
f9267ddbb42c45379439f4b6bb980cbb,arbitrum,ARB,Arbitrum,0.095008,2026-08-21T11:44:05Z,1787312550,CoinGecko simple/price
cff915fc7da245daa6bbcf79f709e426,optimism,OP,Optimism,0.100954,2026-08-21T11:44:05Z,1787312560,CoinGecko simple/price
f970ffda4baf4c2fa61222a150f7cf8a,render-token,RENDER,Render,1.47,2026-08-21T11:44:05Z,1787312560,CoinGecko simple/price
8eb27896e4e9487daa88027d7475105a,injective-protocol,INJ,Injective,4.87,2026-08-21T11:44:05Z,1787312550,CoinGecko simple/price
ba9bc992e5c748439799fe7dcebb5c1a,maker,MKR,Maker,1505.46,2026-08-21T11:44:05Z,1787312550,CoinGecko simple/price
8a10078c1bf64644b11e7130ea1c7b53,the-sandbox,SAND,The Sandbox,0.04705515,2026-08-21T11:44:05Z,1787312550,CoinGecko simple/price
e20de6607745425882f5e5abd4883a60,decentraland,MANA,Decentraland,0.074898,2026-08-21T11:44:05Z,1787312550,CoinGecko simple/price
c452bc22fcdd46f8a6a2ad8ad8fc7f55,axie-infinity,AXS,Axie Infinity,1.012,2026-08-21T11:44:05Z,1787312550,CoinGecko simple/price
cda199561aca483d89ca8cc0f0da0e01,tezos,XTZ,Tezos,0.228811,2026-08-21T11:44:05Z,1787312560,CoinGecko simple/price
1ca580f2ff884449a6488b0c601a1a75,eos,EOS,EOS,0.072564,2026-08-21T11:44:05Z,1787312560,CoinGecko simple/price
0c834ac21d574287affdbf624ff5b99d,theta-token,THETA,Theta Network,0.176078,2026-08-21T11:44:05Z,1787312550,CoinGecko simple/price
8a79ab9dd3b24789bd6ad706264b61bf,flow,FLOW,Flow,0.03116044,2026-08-21T11:44:05Z,1787312560,CoinGecko simple/price
4aa6abb6fcaa4bf8b2b8f743d35925b4,fantom,FTM,Fantom,0.02698154,2026-08-21T11:44:05Z,1787312550,CoinGecko simple/price
4ffb52e724f74bbf81f22ecef3736c10,neo,NEO,Neo,2.1,2026-08-21T11:44:05Z,1787312560,CoinGecko simple/price
1b797977cb554ba5baeb720b4b558d01,kucoin-shares,KCS,KuCoin Token,7.72,2026-08-21T11:44:05Z,1787312550,CoinGecko simple/price
83246fe7599c4aa2a8ab8144e0e026f2,wrapped-steth,WSTETH,Wrapped stETH,2948.5,2026-08-21T11:44:05Z,1787312550,CoinGecko simple/price
c2515675097d49c0ac657edb76f22077,mantle,MNT,Mantle,0.515799,2026-08-21T11:44:05Z,1787312560,CoinGecko simple/price
458ddd6c2097406b94c851283b933725,immutable-x,IMX,Immutable,0.123035,2026-08-21T11:44:05Z,1787312560,CoinGecko simple/price
a723031a609b41bbb1b7df54a9674ee0,hedera-hashgraph,HBAR,Hedera,0.076151,2026-08-21T11:44:05Z,1787312560,CoinGecko simple/price
9d34a906793942e39c4a4568bc5931eb,kaspa,KAS,Kaspa,0.02899347,2026-08-21T11:44:05Z,1787312560,CoinGecko simple/price
e86e6b1ccce34725a789505a243849dc,monero,XMR,Monero,410.94,2026-08-21T11:44:05Z,1787312560,CoinGecko simple/price
eebd9a7c55554b08a93137f20e6af490,bitcoin,BTC,Bitcoin,76831.0,2026-08-21T11:45:54Z,1787312670,CoinGecko simple/price
82b99df9a247493b8a0a2dc0c343e6ee,ethereum,ETH,Ethereum,2372.74,2026-08-21T11:45:54Z,1787312660,CoinGecko simple/price
da919f0553084541bf1982209284fb0c,tether,USDT,Tether,0.999634,2026-08-21T11:45:54Z,1787312660,CoinGecko simple/price
a3538ac2badc4c72bf77e0522d327326,binancecoin,BNB,BNB,673.91,2026-08-21T11:45:54Z,1787312660,CoinGecko simple/price
a8445257a7cc4f01beddf369e4273652,solana,SOL,Solana,90.46,2026-08-21T11:45:54Z,1787312660,CoinGecko simple/price
2761056379f7449383c998e311284b3c,usd-coin,USDC,USDC,0.999744,2026-08-21T11:45:54Z,1787312660,CoinGecko simple/price
898b256b02ef4aeba1ace2a51af116aa,ripple,XRP,XRP,1.38,2026-08-21T11:45:54Z,1787312660,CoinGecko simple/price
c7404a7cc89c494c8ce60b6375676947,dogecoin,DOGE,Dogecoin,0.083162,2026-08-21T11:45:54Z,1787312670,CoinGecko simple/price
451d47c2da43426e85607b5be9c7402f,cardano,ADA,Cardano,0.212556,2026-08-21T11:45:54Z,1787312660,CoinGecko simple/price
9c69c17fa2a949859fbaf5abd380477a,tron,TRX,TRON,0.339692,2026-08-21T11:45:54Z,1787312660,CoinGecko simple/price
64d3710a40864e699351f6093b7d1e59,avalanche-2,AVAX,Avalanche,7.47,2026-08-21T11:45:54Z,1787312660,CoinGecko simple/price
8a4ef67591ca47eb8acbf5683f37f359,chainlink,LINK,Chainlink,11.27,2026-08-21T11:45:54Z,1787312660,CoinGecko simple/price
8cc434bde460427e970377aa9766f16f,shiba-inu,SHIB,Shiba Inu,5.2e-06,2026-08-21T11:45:54Z,1787312670,CoinGecko simple/price
bc27735da58f4a03bb2ac54e01377b1b,polkadot,DOT,Polkadot,0.880172,2026-08-21T11:45:54Z,1787312670,CoinGecko simple/price
8d8f88a745c941a1aab3233810b3aa5b,wrapped-bitcoin,WBTC,Wrapped Bitcoin,76777.0,2026-08-21T11:45:54Z,1787312660,CoinGecko simple/price
953930493fe74c71880b055c4ea6f6d4,bitcoin-cash,BCH,Bitcoin Cash,260.15,2026-08-21T11:45:54Z,1787312660,CoinGecko simple/price
b784832f981d4f27aacde5ff51bcccbd,litecoin,LTC,Litecoin,50.24,2026-08-21T11:45:54Z,1787312670,CoinGecko simple/price
ba10cdf8fe78432899b0489f76311f9c,near,NEAR,NEAR Protocol,1.89,2026-08-21T11:45:54Z,1787312670,CoinGecko simple/price
3f45c77471c34e52abf81f2162843f71,uniswap,UNI,Uniswap,3.89,2026-08-21T11:45:54Z,1787312660,CoinGecko simple/price
1f1164529cb8418aa15030c778ae7c11,stellar,XLM,Stellar,0.18843,2026-08-21T11:45:54Z,1787312670,CoinGecko simple/price
4b22693172324f2b87e222796188473b,internet-computer,ICP,Internet Computer,2.46,2026-08-21T11:45:54Z,1787312670,CoinGecko simple/price
a2a7c5bdf0b94cecbd167b4589dc1bc0,aptos,APT,Aptos,0.629019,2026-08-21T11:45:54Z,1787312670,CoinGecko simple/price
18ac89a649254ba8a8724fe2668e9e5d,sui,SUI,Sui,0.787049,2026-08-21T11:45:54Z,1787312670,CoinGecko simple/price
bbc84f5f1faf4bf98ce8bd82d92bfb0b,filecoin,FIL,Filecoin,0.770946,2026-08-21T11:45:54Z,1787312660,CoinGecko simple/price
dd12ee32b0f4465e8f8cc9232b03d2d5,cosmos,ATOM,Cosmos Hub,1.56,2026-08-21T11:45:54Z,1787312660,CoinGecko simple/price
bf935837cfd74ee39b4578b1b047d64e,vechain,VET,VeChain,0.00539179,2026-08-21T11:45:54Z,1787312670,CoinGecko simple/price
eaa3f4480c0b42a7a1195a1e2c4ac94e,aave,AAVE,Aave,109.91,2026-08-21T11:45:54Z,1787312670,CoinGecko simple/price
13f202346f6844d2933f988622a867c4,algorand,ALGO,Algorand,0.092367,2026-08-21T11:45:54Z,1787312660,CoinGecko simple/price
a15784c65ec344a99ab333a0f6b5b732,the-graph,GRT,The Graph,0.01617939,2026-08-21T11:45:54Z,1787312670,CoinGecko simple/price
ffd18f08cd0d46db8697c1db7d174374,arbitrum,ARB,Arbitrum,0.094879,2026-08-21T11:45:54Z,1787312660,CoinGecko simple/price
c0af62ee87674a5f8bd257046b0b0e00,optimism,OP,Optimism,0.100923,2026-08-21T11:45:54Z,1787312670,CoinGecko simple/price
81ac1a1734cc43c4a7c33f35f1e99984,render-token,RENDER,Render,1.47,2026-08-21T11:45:54Z,1787312670,CoinGecko simple/price
6a8723eb13a24d4db68cea17ae052d14,injective-protocol,INJ,Injective,4.87,2026-08-21T11:45:54Z,1787312670,CoinGecko simple/price
858ebf1ba4a34fd9a3a86f7b317f41c7,maker,MKR,Maker,1503.17,2026-08-21T11:45:54Z,1787312670,CoinGecko simple/price
f282691622934a548d9118ad871bf19d,the-sandbox,SAND,The Sandbox,0.04705248,2026-08-21T11:45:54Z,1787312650,CoinGecko simple/price
be7ca92d5d76479bbcd005b241ad78b2,decentraland,MANA,Decentraland,0.074907,2026-08-21T11:45:54Z,1787312650,CoinGecko simple/price
2156693b5b3a4635a12902adf00fc7ec,axie-infinity,AXS,Axie Infinity,1.013,2026-08-21T11:45:54Z,1787312670,CoinGecko simple/price
6ed15e774f884ab8a77daf5f4be17158,tezos,XTZ,Tezos,0.228828,2026-08-21T11:45:54Z,1787312670,CoinGecko simple/price
e46b12027e684e5c9f07a8bf6a751d79,eos,EOS,EOS,0.072566,2026-08-21T11:45:54Z,1787312670,CoinGecko simple/price
82a95a3b1f0048ca8f0db04a7d1a8806,theta-token,THETA,Theta Network,0.176107,2026-08-21T11:45:54Z,1787312670,CoinGecko simple/price
4da6b2ff142a48e3901860c5e7ace9f4,flow,FLOW,Flow,0.03114768,2026-08-21T11:45:54Z,1787312660,CoinGecko simple/price
f52479b173c34812af577e6219bed129,fantom,FTM,Fantom,0.02698269,2026-08-21T11:45:54Z,1787312660,CoinGecko simple/price
0bbd7ba89bc348d7aba79946113b075b,neo,NEO,Neo,2.1,2026-08-21T11:45:54Z,1787312670,CoinGecko simple/price
1f6cd31397e14de5a5012501ff7eb6d8,kucoin-shares,KCS,KuCoin Token,7.71,2026-08-21T11:45:54Z,1787312660,CoinGecko simple/price
27b85d6e166b483eb3fd3f498982c765,wrapped-steth,WSTETH,Wrapped stETH,2945.78,2026-08-21T11:45:54Z,1787312660,CoinGecko simple/price
1dc77b39c7b84c9f829933ae4ef254a8,mantle,MNT,Mantle,0.515008,2026-08-21T11:45:54Z,1787312670,CoinGecko simple/price
fd378b5d703943218f3b234dbbd03f01,immutable-x,IMX,Immutable,0.123171,2026-08-21T11:45:54Z,1787312670,CoinGecko simple/price
978e960fb6ea4a2fa60ed4e6563e87bd,hedera-hashgraph,HBAR,Hedera,0.076155,2026-08-21T11:45:54Z,1787312670,CoinGecko simple/price
e91e112bb764401a9a4e922cf4257939,kaspa,KAS,Kaspa,0.02896646,2026-08-21T11:45:54Z,1787312660,CoinGecko simple/price
026963833b5c4c1cbbe34ae11054ba6b,monero,XMR,Monero,412.4,2026-08-21T11:45:54Z,1787312660,CoinGecko simple/price
d30c8235d9614c58aa129d08a176275c,bitcoin,BTC,Bitcoin,76831.0,2026-08-21T11:46:02Z,1787312670,CoinGecko simple/price
c7893276ecba4afcbf2766dda5adaf8e,ethereum,ETH,Ethereum,2372.74,2026-08-21T11:46:02Z,1787312660,CoinGecko simple/price
1bd4ff1bc1984a84a77086ddc30b9f94,tether,USDT,Tether,0.999634,2026-08-21T11:46:02Z,1787312660,CoinGecko simple/price
abe0f7ee87cb40488949b1b01e3c0e6d,binancecoin,BNB,BNB,673.91,2026-08-21T11:46:02Z,1787312660,CoinGecko simple/price
73d67cea356b4c9e883004dd9a644751,solana,SOL,Solana,90.46,2026-08-21T11:46:02Z,1787312660,CoinGecko simple/price
e3c732895e70472fab9d56138a99a1c4,usd-coin,USDC,USDC,0.999744,2026-08-21T11:46:02Z,1787312660,CoinGecko simple/price
5e2018ef87154ff980994389fcabe7af,ripple,XRP,XRP,1.38,2026-08-21T11:46:02Z,1787312660,CoinGecko simple/price
0cb153f768a7456bb585ed9b819c4021,dogecoin,DOGE,Dogecoin,0.083162,2026-08-21T11:46:02Z,1787312670,CoinGecko simple/price
1506b6e74744402da0ac4074319ef2d7,cardano,ADA,Cardano,0.212556,2026-08-21T11:46:02Z,1787312660,CoinGecko simple/price
b22dd0daa9d24077828687351136ff1a,tron,TRX,TRON,0.339692,2026-08-21T11:46:02Z,1787312660,CoinGecko simple/price
6ff7beccd761491b93551ab0e7315f1f,avalanche-2,AVAX,Avalanche,7.47,2026-08-21T11:46:02Z,1787312660,CoinGecko simple/price
a31da16125cf4602ba7ca6b302c7436e,chainlink,LINK,Chainlink,11.27,2026-08-21T11:46:02Z,1787312660,CoinGecko simple/price
a449e8021bc649ca91d2acf5364153f4,shiba-inu,SHIB,Shiba Inu,5.2e-06,2026-08-21T11:46:02Z,1787312670,CoinGecko simple/price
2bbcc54cb03b4bba9562b5be4fbe65e8,polkadot,DOT,Polkadot,0.880172,2026-08-21T11:46:02Z,1787312670,CoinGecko simple/price
43711293961147179c35bb82426d1ed6,wrapped-bitcoin,WBTC,Wrapped Bitcoin,76777.0,2026-08-21T11:46:02Z,1787312660,CoinGecko simple/price
6b42b6e16485476c9d1a49017fd6fcfc,bitcoin-cash,BCH,Bitcoin Cash,260.15,2026-08-21T11:46:02Z,1787312660,CoinGecko simple/price
235b820a464640ffa5f57be71c8de51f,litecoin,LTC,Litecoin,50.24,2026-08-21T11:46:02Z,1787312670,CoinGecko simple/price
3c652b2f9643493781e6912775e00ed3,near,NEAR,NEAR Protocol,1.89,2026-08-21T11:46:02Z,1787312670,CoinGecko simple/price
2cd47ef54a7e4c129175623dc666b488,uniswap,UNI,Uniswap,3.89,2026-08-21T11:46:02Z,1787312660,CoinGecko simple/price
ead024e6b5de4ec980f4d6743f57d835,stellar,XLM,Stellar,0.18843,2026-08-21T11:46:02Z,1787312670,CoinGecko simple/price
661f91cdbfbf4c2eb5f3e52135377fa6,internet-computer,ICP,Internet Computer,2.46,2026-08-21T11:46:02Z,1787312670,CoinGecko simple/price
28f3898a574345ecad5ebb9f4ab46fa1,aptos,APT,Aptos,0.629019,2026-08-21T11:46:02Z,1787312670,CoinGecko simple/price
3f75530fc1b44b789f013cc3ef8a79f2,sui,SUI,Sui,0.787049,2026-08-21T11:46:02Z,1787312670,CoinGecko simple/price
000d108d6d1d4aa3a9c58d5a61d478ae,filecoin,FIL,Filecoin,0.770946,2026-08-21T11:46:02Z,1787312660,CoinGecko simple/price
234ce27f7fd741ba84c18f0e5958e861,cosmos,ATOM,Cosmos Hub,1.56,2026-08-21T11:46:02Z,1787312660,CoinGecko simple/price
920e36b506ab45408c4d5c845469a9f5,vechain,VET,VeChain,0.00539179,2026-08-21T11:46:02Z,1787312670,CoinGecko simple/price
963bc4e65eed4c57ba5220b40d1b6844,aave,AAVE,Aave,109.91,2026-08-21T11:46:02Z,1787312670,CoinGecko simple/price
bc869382ac624e34af7f1105356d919c,algorand,ALGO,Algorand,0.092367,2026-08-21T11:46:02Z,1787312660,CoinGecko simple/price
ddd4481f13bf400e92b7e9d4443830fb,the-graph,GRT,The Graph,0.01617939,2026-08-21T11:46:02Z,1787312670,CoinGecko simple/price
a57b9516b0f6486f8d6438aa26e09330,arbitrum,ARB,Arbitrum,0.094879,2026-08-21T11:46:02Z,1787312660,CoinGecko simple/price
bc60b398ff904818b09b4c06930d28b3,optimism,OP,Optimism,0.100923,2026-08-21T11:46:02Z,1787312670,CoinGecko simple/price
8915b1a672c04b1fb76ca21785042b2b,render-token,RENDER,Render,1.47,2026-08-21T11:46:02Z,1787312670,CoinGecko simple/price
8fb8c844549948188f54c82c1fd91e3b,injective-protocol,INJ,Injective,4.87,2026-08-21T11:46:02Z,1787312670,CoinGecko simple/price
8c0263b7bcba45a28af7efcf1caa7fba,maker,MKR,Maker,1503.17,2026-08-21T11:46:02Z,1787312670,CoinGecko simple/price
c9128f6c81b64ab6a68f7dd899113b56,the-sandbox,SAND,The Sandbox,0.04705248,2026-08-21T11:46:02Z,1787312650,CoinGecko simple/price
bc0487524403446887761ab0a7c83ea5,decentraland,MANA,Decentraland,0.074907,2026-08-21T11:46:02Z,1787312650,CoinGecko simple/price
5b0b010dfbdf4942b93b3e8f5c355305,axie-infinity,AXS,Axie Infinity,1.013,2026-08-21T11:46:02Z,1787312670,CoinGecko simple/price
327074131c104998bbeee500b2390e68,tezos,XTZ,Tezos,0.228828,2026-08-21T11:46:02Z,1787312670,CoinGecko simple/price
ccd6efe3c0a446638fe734a235b280ec,eos,EOS,EOS,0.072566,2026-08-21T11:46:02Z,1787312670,CoinGecko simple/price
c9bc2c2321f94969bfc014b08ba47fe6,theta-token,THETA,Theta Network,0.176107,2026-08-21T11:46:02Z,1787312670,CoinGecko simple/price
b72a111de3de41c29f3ae06c374d1fb9,flow,FLOW,Flow,0.03114768,2026-08-21T11:46:02Z,1787312660,CoinGecko simple/price
f438d3c73fc04ee690dfbb95621838de,fantom,FTM,Fantom,0.02698269,2026-08-21T11:46:02Z,1787312660,CoinGecko simple/price
3feb34b49fab46d3bc742c2734fb1207,neo,NEO,Neo,2.1,2026-08-21T11:46:02Z,1787312670,CoinGecko simple/price
2d452fdf45764b78979f174ebfcbd74f,kucoin-shares,KCS,KuCoin Token,7.71,2026-08-21T11:46:02Z,1787312660,CoinGecko simple/price
b3f19d9b4b7a455eab55546697fbad78,wrapped-steth,WSTETH,Wrapped stETH,2945.78,2026-08-21T11:46:02Z,1787312660,CoinGecko simple/price
9f24ad3bb92f4408a2f06c766bf30336,mantle,MNT,Mantle,0.515008,2026-08-21T11:46:02Z,1787312670,CoinGecko simple/price
4f42ebe9bb7d4fce9f7e60a49143e633,immutable-x,IMX,Immutable,0.123171,2026-08-21T11:46:02Z,1787312670,CoinGecko simple/price
2d67678c2ad14a049c1c4f811f2445e3,hedera-hashgraph,HBAR,Hedera,0.076155,2026-08-21T11:46:02Z,1787312670,CoinGecko simple/price
d4b2413e6adf4b0096259c77e31b4a2e,kaspa,KAS,Kaspa,0.02896646,2026-08-21T11:46:02Z,1787312660,CoinGecko simple/price
8cae392014624dcbb7367c95c532dd82,monero,XMR,Monero,412.4,2026-08-21T11:46:02Z,1787312660,CoinGecko simple/price
fa199402b6444a89bd647fb47f464f4e,bitcoin,BTC,Bitcoin,76827.0,2026-08-21T11:46:55Z,1787312710,CoinGecko simple/price
11c2591c76ac4d47bab0392fd1456bb7,ethereum,ETH,Ethereum,2373.93,2026-08-21T11:46:55Z,1787312730,CoinGecko simple/price
fa72408d5aab460f93e99f387ffb7793,tether,USDT,Tether,0.999635,2026-08-21T11:46:55Z,1787312730,CoinGecko simple/price
47d937a6b353498a983c1ca8c18153ff,binancecoin,BNB,BNB,673.68,2026-08-21T11:46:55Z,1787312720,CoinGecko simple/price
9c1cd0b9518941d8a958de9e2c6740be,solana,SOL,Solana,90.49,2026-08-21T11:46:55Z,1787312730,CoinGecko simple/price
e54dcee6c8ca4481ba1dc1ce4084b403,usd-coin,USDC,USDC,0.999751,2026-08-21T11:46:55Z,1787312730,CoinGecko simple/price
91fb583694ce49bf87088f2b1e66e42c,ripple,XRP,XRP,1.38,2026-08-21T11:46:55Z,1787312730,CoinGecko simple/price
1f05da3a63444073b04e04af3260b498,dogecoin,DOGE,Dogecoin,0.083141,2026-08-21T11:46:55Z,1787312720,CoinGecko simple/price
20cdd98881284981bb6ac419ca60f83f,cardano,ADA,Cardano,0.212648,2026-08-21T11:46:55Z,1787312720,CoinGecko simple/price
022d4a05f69348758eb584cd04fcc535,tron,TRX,TRON,0.339702,2026-08-21T11:46:55Z,1787312720,CoinGecko simple/price
88d4cae3a8da42d6a7af3c8bf75edfbf,avalanche-2,AVAX,Avalanche,7.48,2026-08-21T11:46:55Z,1787312710,CoinGecko simple/price
a22a828398b449a7918c8821e4224044,chainlink,LINK,Chainlink,11.28,2026-08-21T11:46:55Z,1787312730,CoinGecko simple/price
cb6b26e48e8c43489e3e8f3588a09e8f,shiba-inu,SHIB,Shiba Inu,5.2e-06,2026-08-21T11:46:55Z,1787312720,CoinGecko simple/price
6995718450d34fe2b9d3c320746469e0,polkadot,DOT,Polkadot,0.879899,2026-08-21T11:46:55Z,1787312730,CoinGecko simple/price
7deab112a61e4a038a2caaaa610f8ba7,wrapped-bitcoin,WBTC,Wrapped Bitcoin,76798.0,2026-08-21T11:46:55Z,1787312730,CoinGecko simple/price
2577f519f8714662be27e1a1be0e799a,bitcoin-cash,BCH,Bitcoin Cash,260.14,2026-08-21T11:46:55Z,1787312730,CoinGecko simple/price
84a4bf0f9ab44a71a749e241ea06fbc8,litecoin,LTC,Litecoin,50.22,2026-08-21T11:46:55Z,1787312720,CoinGecko simple/price
dd91329a04ed4648b709fa9f9347ffd8,near,NEAR,NEAR Protocol,1.89,2026-08-21T11:46:55Z,1787312720,CoinGecko simple/price
1a7ca493c1884473874c58a129f7152c,uniswap,UNI,Uniswap,3.9,2026-08-21T11:46:55Z,1787312730,CoinGecko simple/price
8ef309b20f4d470d9ab902d0f838f502,stellar,XLM,Stellar,0.188517,2026-08-21T11:46:55Z,1787312720,CoinGecko simple/price
407ffac6b5d14caebffd95af8a5421fa,internet-computer,ICP,Internet Computer,2.46,2026-08-21T11:46:55Z,1787312740,CoinGecko simple/price
c6e322e58a8c40e7b4e6afdd5f10720d,aptos,APT,Aptos,0.629437,2026-08-21T11:46:55Z,1787312740,CoinGecko simple/price
7738424eba254289a16bc72d60abb5aa,sui,SUI,Sui,0.78758,2026-08-21T11:46:55Z,1787312720,CoinGecko simple/price
330f833bc9e344be9349d7377ec39ce7,filecoin,FIL,Filecoin,0.77171,2026-08-21T11:46:55Z,1787312740,CoinGecko simple/price
8360ff86bfd24e07aaed4dd107c604c6,cosmos,ATOM,Cosmos Hub,1.56,2026-08-21T11:46:55Z,1787312720,CoinGecko simple/price
c08f8e0169c340989394324429d0d4d4,vechain,VET,VeChain,0.00539088,2026-08-21T11:46:55Z,1787312740,CoinGecko simple/price
0be930e6a25e48d9aa81844a4f3ea799,aave,AAVE,Aave,110.01,2026-08-21T11:46:55Z,1787312720,CoinGecko simple/price
4e670424ec1c43da8297dd6aa61afb27,algorand,ALGO,Algorand,0.092417,2026-08-21T11:46:55Z,1787312730,CoinGecko simple/price
78e480e7d8404807b51ca30dc2549e79,the-graph,GRT,The Graph,0.01617448,2026-08-21T11:46:55Z,1787312740,CoinGecko simple/price
157da79f9923437ea8713f14e971ef16,arbitrum,ARB,Arbitrum,0.09504,2026-08-21T11:46:55Z,1787312730,CoinGecko simple/price
bd9159eeecd54a44b58da544383f7ad8,optimism,OP,Optimism,0.100946,2026-08-21T11:46:55Z,1787312740,CoinGecko simple/price
114df3edd9684ab5a0cb5f8e83a6b4e1,render-token,RENDER,Render,1.47,2026-08-21T11:46:55Z,1787312730,CoinGecko simple/price
065845d508d04d238a3a73aa27923b39,injective-protocol,INJ,Injective,4.87,2026-08-21T11:46:55Z,1787312730,CoinGecko simple/price
59216c122591498bb2e09e0cb2d981f8,maker,MKR,Maker,1503.16,2026-08-21T11:46:55Z,1787312740,CoinGecko simple/price
f703050e2487485689c4a9b2b4e7ba61,the-sandbox,SAND,The Sandbox,0.04711234,2026-08-21T11:46:55Z,1787312740,CoinGecko simple/price
741b615bc37d4bfdaaa689bf11e8d087,decentraland,MANA,Decentraland,0.07502,2026-08-21T11:46:55Z,1787312740,CoinGecko simple/price
7281b909b0d640a8949fb73567ea4ac0,axie-infinity,AXS,Axie Infinity,1.013,2026-08-21T11:46:55Z,1787312740,CoinGecko simple/price
38bd1121665141259965fc0b34a67a16,tezos,XTZ,Tezos,0.228845,2026-08-21T11:46:55Z,1787312730,CoinGecko simple/price
1531bcd6fea54fd893c2ade842010b8b,eos,EOS,EOS,0.072566,2026-08-21T11:46:55Z,1787312740,CoinGecko simple/price
4d7a8dffca244b83bd1b993ae8d01f57,theta-token,THETA,Theta Network,0.17618,2026-08-21T11:46:55Z,1787312740,CoinGecko simple/price
60fd9842e3744de388d5cececb07f6d7,flow,FLOW,Flow,0.03114785,2026-08-21T11:46:55Z,1787312710,CoinGecko simple/price
984030d8d07f4eb8b6a50ff9692b0e4c,fantom,FTM,Fantom,0.02698194,2026-08-21T11:46:55Z,1787312740,CoinGecko simple/price
fc898cc25095494a8a46b59cea851d68,neo,NEO,Neo,2.1,2026-08-21T11:46:55Z,1787312740,CoinGecko simple/price
e51d0d7dc4874895b4ddebfdf55b5e13,kucoin-shares,KCS,KuCoin Token,7.72,2026-08-21T11:46:55Z,1787312740,CoinGecko simple/price
4f52027082784901b1446d05798d4c05,wrapped-steth,WSTETH,Wrapped stETH,2947.59,2026-08-21T11:46:55Z,1787312730,CoinGecko simple/price
dcbe059dbfee47d0aa5bf92ed983f03b,mantle,MNT,Mantle,0.514946,2026-08-21T11:46:55Z,1787312740,CoinGecko simple/price
ad49e99b11a849719b2955a28c0d7584,immutable-x,IMX,Immutable,0.123379,2026-08-21T11:46:55Z,1787312740,CoinGecko simple/price
e3438dfa4e324c1da00bc3a0e3d5fd15,hedera-hashgraph,HBAR,Hedera,0.076164,2026-08-21T11:46:55Z,1787312730,CoinGecko simple/price
04aba88c3d9c4ca8a3e4f83b6100c6fb,kaspa,KAS,Kaspa,0.02896185,2026-08-21T11:46:55Z,1787312740,CoinGecko simple/price
e38379ffb52040a6ba38c698e201b805,monero,XMR,Monero,412.66,2026-08-21T11:46:55Z,1787312720,CoinGecko simple/price
7e77bd45998243668427e90c9462ae1a,bitcoin,BTC,Bitcoin,76827.0,2026-08-21T11:47:02Z,1787312710,CoinGecko simple/price
f854d2ac09a14ee7884ffb394fb23f81,ethereum,ETH,Ethereum,2373.93,2026-08-21T11:47:02Z,1787312730,CoinGecko simple/price
5c198fefd4b449dcbd7c082bf82a395d,tether,USDT,Tether,0.999635,2026-08-21T11:47:02Z,1787312730,CoinGecko simple/price
6603db725e714cd59c68e75c46551458,binancecoin,BNB,BNB,673.68,2026-08-21T11:47:02Z,1787312720,CoinGecko simple/price
851ab457697a42dc9245be79d9e34e09,solana,SOL,Solana,90.49,2026-08-21T11:47:02Z,1787312730,CoinGecko simple/price
a50df2ab0ce147c180b17053d3c5b477,usd-coin,USDC,USDC,0.999751,2026-08-21T11:47:02Z,1787312730,CoinGecko simple/price
a15eff2091d743539f8d74d7c0e9d8d5,ripple,XRP,XRP,1.38,2026-08-21T11:47:02Z,1787312730,CoinGecko simple/price
17b22f26d3e9489f8358a128cb182598,dogecoin,DOGE,Dogecoin,0.083141,2026-08-21T11:47:02Z,1787312720,CoinGecko simple/price
115dcd7670a84ca08a935807dbc81100,cardano,ADA,Cardano,0.212648,2026-08-21T11:47:02Z,1787312720,CoinGecko simple/price
179e9e2b60254206825607b0fc1fff43,tron,TRX,TRON,0.339702,2026-08-21T11:47:02Z,1787312720,CoinGecko simple/price
cef66cc4cfa0447398aeb0458f21851b,avalanche-2,AVAX,Avalanche,7.48,2026-08-21T11:47:02Z,1787312710,CoinGecko simple/price
3b25e2d44f6c4c33a2cd8b740ccd31cb,chainlink,LINK,Chainlink,11.28,2026-08-21T11:47:02Z,1787312730,CoinGecko simple/price
b94358587d5a4d688bf723a38e39b28a,shiba-inu,SHIB,Shiba Inu,5.2e-06,2026-08-21T11:47:02Z,1787312720,CoinGecko simple/price
cb16df90a1354d6c8891f4a6f386e0e8,polkadot,DOT,Polkadot,0.879899,2026-08-21T11:47:02Z,1787312730,CoinGecko simple/price
339999775467442ab6a7af37b670c47c,wrapped-bitcoin,WBTC,Wrapped Bitcoin,76798.0,2026-08-21T11:47:02Z,1787312730,CoinGecko simple/price
e2872acb111a4e13b173ec2c6f48b3d1,bitcoin-cash,BCH,Bitcoin Cash,260.14,2026-08-21T11:47:02Z,1787312730,CoinGecko simple/price
5555fe14a789483a89fe1a68772ce6eb,litecoin,LTC,Litecoin,50.22,2026-08-21T11:47:02Z,1787312720,CoinGecko simple/price
c7718c60339e478baa7ff625e08867d6,near,NEAR,NEAR Protocol,1.89,2026-08-21T11:47:02Z,1787312720,CoinGecko simple/price
98927636567d4f3e9ffeffc6ca0f5f49,uniswap,UNI,Uniswap,3.9,2026-08-21T11:47:02Z,1787312730,CoinGecko simple/price
87a89a8641ea4c6aa90f454176108cb8,stellar,XLM,Stellar,0.188517,2026-08-21T11:47:02Z,1787312720,CoinGecko simple/price
6695943319444f3cb3b791d9cb7043a0,internet-computer,ICP,Internet Computer,2.46,2026-08-21T11:47:02Z,1787312740,CoinGecko simple/price
a0cf834a3c894f1197bd95a0d385f335,aptos,APT,Aptos,0.629437,2026-08-21T11:47:02Z,1787312740,CoinGecko simple/price
aef3a24f5d4142d3971dd5f9d6ba886b,sui,SUI,Sui,0.78758,2026-08-21T11:47:02Z,1787312720,CoinGecko simple/price
dd4b38fbbfc342f08c1e6c86274fb55b,filecoin,FIL,Filecoin,0.77171,2026-08-21T11:47:02Z,1787312740,CoinGecko simple/price
1b308bba1dee4c38a17ac67202370e5f,cosmos,ATOM,Cosmos Hub,1.56,2026-08-21T11:47:02Z,1787312720,CoinGecko simple/price
8c3ddf8f6200431abd11a0b7494c18b4,vechain,VET,VeChain,0.00539088,2026-08-21T11:47:02Z,1787312740,CoinGecko simple/price
505da56bb6194f1e8c936d46fa5917eb,aave,AAVE,Aave,110.01,2026-08-21T11:47:02Z,1787312720,CoinGecko simple/price
6e1fe6e6ef96452993b15fa9c3942d92,algorand,ALGO,Algorand,0.092417,2026-08-21T11:47:02Z,1787312730,CoinGecko simple/price
bce002eb9ea54be792a4d6d2344fc12c,the-graph,GRT,The Graph,0.01617448,2026-08-21T11:47:02Z,1787312740,CoinGecko simple/price
e49f894a5fb74c2ca69770cd4b09ce58,arbitrum,ARB,Arbitrum,0.09504,2026-08-21T11:47:02Z,1787312730,CoinGecko simple/price
6b79ef66526744f197954f30006dcd8c,optimism,OP,Optimism,0.100946,2026-08-21T11:47:02Z,1787312740,CoinGecko simple/price
55c5715c581f462f8e3ae3854322b895,render-token,RENDER,Render,1.47,2026-08-21T11:47:02Z,1787312730,CoinGecko simple/price
0dd11a6c93984d8385b4da51e3eccd10,injective-protocol,INJ,Injective,4.87,2026-08-21T11:47:02Z,1787312730,CoinGecko simple/price
7c513a3d080b4aba9c49ca3d94af9ff5,maker,MKR,Maker,1503.16,2026-08-21T11:47:02Z,1787312740,CoinGecko simple/price
494f9ddb54ab4ff0932e4b9467175c44,the-sandbox,SAND,The Sandbox,0.04711234,2026-08-21T11:47:02Z,1787312740,CoinGecko simple/price
af819d1515d1404d9bc564ea87aa6443,decentraland,MANA,Decentraland,0.07502,2026-08-21T11:47:02Z,1787312740,CoinGecko simple/price
6bafc9e6c9ef44cb80c9dfd70f75566a,axie-infinity,AXS,Axie Infinity,1.013,2026-08-21T11:47:02Z,1787312740,CoinGecko simple/price
79b3495a36344738a6757d4dbdaa6c33,tezos,XTZ,Tezos,0.228845,2026-08-21T11:47:02Z,1787312730,CoinGecko simple/price
f58abd7147f74521b32b53bbe146ad28,eos,EOS,EOS,0.072566,2026-08-21T11:47:02Z,1787312740,CoinGecko simple/price
d7f855e1a8e2412b987389fd1880f117,theta-token,THETA,Theta Network,0.17618,2026-08-21T11:47:02Z,1787312740,CoinGecko simple/price
c7d5ebc63aeb497cac5c267da9e2c9d5,flow,FLOW,Flow,0.03114785,2026-08-21T11:47:02Z,1787312710,CoinGecko simple/price
71c4a09f53394f1c8560b8b93f34f753,fantom,FTM,Fantom,0.02698194,2026-08-21T11:47:02Z,1787312740,CoinGecko simple/price
b0735174a462457d9ebcaa57d758f288,neo,NEO,Neo,2.1,2026-08-21T11:47:02Z,1787312740,CoinGecko simple/price
2518b9eea44745b6a89448ed936d32a8,kucoin-shares,KCS,KuCoin Token,7.72,2026-08-21T11:47:02Z,1787312740,CoinGecko simple/price
f1a7a2ebd195480f9ea47fcd39a843d0,wrapped-steth,WSTETH,Wrapped stETH,2947.59,2026-08-21T11:47:02Z,1787312730,CoinGecko simple/price
4b2ff1590f10445fb3e64b1cfd0d80d8,mantle,MNT,Mantle,0.514946,2026-08-21T11:47:02Z,1787312740,CoinGecko simple/price
209570f0456b488e9530ac0cb0402520,immutable-x,IMX,Immutable,0.123379,2026-08-21T11:47:02Z,1787312740,CoinGecko simple/price
fa38d4d71f934235acf487a3a1a8019c,hedera-hashgraph,HBAR,Hedera,0.076164,2026-08-21T11:47:02Z,1787312730,CoinGecko simple/price
42b5f41b37264f65b5239b9cd2390d79,kaspa,KAS,Kaspa,0.02896185,2026-08-21T11:47:02Z,1787312740,CoinGecko simple/price
a4cb80f440134189a00d185e4d627dc8,monero,XMR,Monero,412.66,2026-08-21T11:47:02Z,1787312720,CoinGecko simple/price
6e8015a6979340889d9773ada950ec43,bitcoin,BTC,Bitcoin,76846.0,2026-08-21T11:47:56Z,1787312780,CoinGecko simple/price
ff7bfefda314424ab13c349f2dea1c99,ethereum,ETH,Ethereum,2372.06,2026-08-21T11:47:56Z,1787312790,CoinGecko simple/price
20d247275d494d3a82bb864a1d379b68,tether,USDT,Tether,0.999664,2026-08-21T11:47:56Z,1787312790,CoinGecko simple/price
e44dc9e7255e4dafab81b23a29adb176,binancecoin,BNB,BNB,673.05,2026-08-21T11:47:56Z,1787312790,CoinGecko simple/price
c1db8b86f6d24ea19feb639deb818e04,solana,SOL,Solana,90.39,2026-08-21T11:47:56Z,1787312790,CoinGecko simple/price
b581735e539a4c7db35f40e202ce976f,usd-coin,USDC,USDC,0.999771,2026-08-21T11:47:56Z,1787312790,CoinGecko simple/price
d463237ab7a041588da159de0bf9c7ab,ripple,XRP,XRP,1.37,2026-08-21T11:47:56Z,1787312790,CoinGecko simple/price
d0310173f80c4fc7bb96ea09319dd40a,dogecoin,DOGE,Dogecoin,0.082987,2026-08-21T11:47:56Z,1787312790,CoinGecko simple/price
32a69d0018c14c78bf412d487c74ba6a,cardano,ADA,Cardano,0.212351,2026-08-21T11:47:56Z,1787312790,CoinGecko simple/price
a981fa303def49f09bc0f11eed8ac814,tron,TRX,TRON,0.33969,2026-08-21T11:47:56Z,1787312790,CoinGecko simple/price
23bb15a8fb6d4d219bc57a9ac8bd3666,avalanche-2,AVAX,Avalanche,7.47,2026-08-21T11:47:56Z,1787312780,CoinGecko simple/price
51ac1446833d4cfab5abfaa5c9cdbea8,chainlink,LINK,Chainlink,11.28,2026-08-21T11:47:56Z,1787312780,CoinGecko simple/price
301c09f191894dbeaba3e4b92d852b38,shiba-inu,SHIB,Shiba Inu,5.19e-06,2026-08-21T11:47:56Z,1787312790,CoinGecko simple/price
8821428a22fb405382b61e597a14692f,polkadot,DOT,Polkadot,0.878456,2026-08-21T11:47:56Z,1787312780,CoinGecko simple/price
669619f704c94a8fb9469626dbab9c2b,wrapped-bitcoin,WBTC,Wrapped Bitcoin,76820.0,2026-08-21T11:47:56Z,1787312790,CoinGecko simple/price
c23a506b27444d43b4b866cb49ca25f3,bitcoin-cash,BCH,Bitcoin Cash,260.0,2026-08-21T11:47:56Z,1787312770,CoinGecko simple/price
7f1b3d8ce35d4e0ebc112aee64625d9c,litecoin,LTC,Litecoin,50.12,2026-08-21T11:47:56Z,1787312770,CoinGecko simple/price
9a8c9fc447aa48549d0294c317050f98,near,NEAR,NEAR Protocol,1.89,2026-08-21T11:47:56Z,1787312790,CoinGecko simple/price
d2ac332ed3694d578effd9add96d0717,uniswap,UNI,Uniswap,3.89,2026-08-21T11:47:56Z,1787312780,CoinGecko simple/price
64254a7301e84e5fa7a4422843c9cd98,stellar,XLM,Stellar,0.188513,2026-08-21T11:47:56Z,1787312790,CoinGecko simple/price
38bb468c5bfe418481c7de758c010410,internet-computer,ICP,Internet Computer,2.45,2026-08-21T11:47:56Z,1787312780,CoinGecko simple/price
dbcc3163eecf4324a62ab64feda7ebac,aptos,APT,Aptos,0.629313,2026-08-21T11:47:56Z,1787312790,CoinGecko simple/price
1ebeb4c67d3440dab604d726427e05d7,sui,SUI,Sui,0.786547,2026-08-21T11:47:56Z,1787312780,CoinGecko simple/price
0d9a0710f62941d583c236ca6c013a09,filecoin,FIL,Filecoin,0.770079,2026-08-21T11:47:56Z,1787312780,CoinGecko simple/price
6c4aac39ee8a470db515b0ff27776e84,cosmos,ATOM,Cosmos Hub,1.56,2026-08-21T11:47:56Z,1787312770,CoinGecko simple/price
f7e1627f7b4949d6bc7a1df7f74e827d,vechain,VET,VeChain,0.00538472,2026-08-21T11:47:56Z,1787312790,CoinGecko simple/price
cfdb5ab0474548f5b96d8bcc41f86c72,aave,AAVE,Aave,109.67,2026-08-21T11:47:56Z,1787312780,CoinGecko simple/price
f83181566d854bfda3c66446505f9360,algorand,ALGO,Algorand,0.092438,2026-08-21T11:47:56Z,1787312790,CoinGecko simple/price
5fdf918a6eec4780b902aaed5cf3ecf4,the-graph,GRT,The Graph,0.01614298,2026-08-21T11:47:56Z,1787312790,CoinGecko simple/price
95b5bcf4e9df49c1b91fe6e413f16de6,arbitrum,ARB,Arbitrum,0.095013,2026-08-21T11:47:56Z,1787312780,CoinGecko simple/price
d501811b0a2f4392a1beb60ae04f20ce,optimism,OP,Optimism,0.100737,2026-08-21T11:47:56Z,1787312790,CoinGecko simple/price
1786c2cbd5404729a5686d5a625ddfe4,render-token,RENDER,Render,1.47,2026-08-21T11:47:56Z,1787312790,CoinGecko simple/price
2c65a0a927af46b4beb8b50f0c0d474e,injective-protocol,INJ,Injective,4.86,2026-08-21T11:47:56Z,1787312790,CoinGecko simple/price
43bf77c8f0ba44768f9118f19eee181d,maker,MKR,Maker,1503.63,2026-08-21T11:47:56Z,1787312790,CoinGecko simple/price
c6560027d7ff41f29d0c2586e24502d0,the-sandbox,SAND,The Sandbox,0.04697915,2026-08-21T11:47:56Z,1787312780,CoinGecko simple/price
def7e6d75059496a93d8d90e03e7db4f,decentraland,MANA,Decentraland,0.074897,2026-08-21T11:47:56Z,1787312790,CoinGecko simple/price
6c1ec9eba44c42b19aec65ac5df13e27,axie-infinity,AXS,Axie Infinity,1.01,2026-08-21T11:47:56Z,1787312790,CoinGecko simple/price
dc21cdb14029489c9a15e264fb87a1c4,tezos,XTZ,Tezos,0.22871,2026-08-21T11:47:56Z,1787312790,CoinGecko simple/price
726e1dc66ce444e09f9b7f9f0014d29c,eos,EOS,EOS,0.072898,2026-08-21T11:47:56Z,1787312790,CoinGecko simple/price
8e623c9ad90c49e785a0183f0a93383e,theta-token,THETA,Theta Network,0.17592,2026-08-21T11:47:56Z,1787312790,CoinGecko simple/price
57ffd8fce18146a29b6edd51f94b5106,flow,FLOW,Flow,0.0310906,2026-08-21T11:47:56Z,1787312780,CoinGecko simple/price
2b153725a2a341be856048d2701927b4,fantom,FTM,Fantom,0.02698115,2026-08-21T11:47:56Z,1787312790,CoinGecko simple/price
bd68516c06d5461db4a381026493d447,neo,NEO,Neo,2.1,2026-08-21T11:47:56Z,1787312780,CoinGecko simple/price
e722c3ba23f04c10aefdfb9742f3088d,kucoin-shares,KCS,KuCoin Token,7.72,2026-08-21T11:47:56Z,1787312770,CoinGecko simple/price
6437af6090324d82ac17d3778e68519d,wrapped-steth,WSTETH,Wrapped stETH,2945.66,2026-08-21T11:47:56Z,1787312790,CoinGecko simple/price
be0e62777ddc4840b69d30619786603c,mantle,MNT,Mantle,0.514894,2026-08-21T11:47:56Z,1787312790,CoinGecko simple/price
761f1fbc60ae49adbd4875c568fb3ed6,immutable-x,IMX,Immutable,0.123049,2026-08-21T11:47:56Z,1787312790,CoinGecko simple/price
2b12f57e83a74921b0b62c5410763c86,hedera-hashgraph,HBAR,Hedera,0.076051,2026-08-21T11:47:56Z,1787312780,CoinGecko simple/price
d2b8a4f40df940c0a1ebbcd2be8022ad,kaspa,KAS,Kaspa,0.0288642,2026-08-21T11:47:56Z,1787312790,CoinGecko simple/price
2eda979052a34c2fadfa06bd5528a890,monero,XMR,Monero,412.98,2026-08-21T11:47:56Z,1787312780,CoinGecko simple/price
3e6ad9320fcd40caba854e26eec9ca2c,bitcoin,BTC,Bitcoin,76846.0,2026-08-21T11:48:32Z,1787312780,CoinGecko simple/price
e0d3ee2a60e74157b41eebb19f0f677c,ethereum,ETH,Ethereum,2372.06,2026-08-21T11:48:32Z,1787312790,CoinGecko simple/price
635824d7f3844241a68e3a175dfc0aa5,tether,USDT,Tether,0.999664,2026-08-21T11:48:32Z,1787312790,CoinGecko simple/price
fb7a48fe6051414995418cde5849e1e2,binancecoin,BNB,BNB,673.05,2026-08-21T11:48:32Z,1787312790,CoinGecko simple/price
f467e29bae344b60883bf6cd07364482,solana,SOL,Solana,90.39,2026-08-21T11:48:32Z,1787312790,CoinGecko simple/price
da4871df255449169bba03dfc05b9f6e,usd-coin,USDC,USDC,0.999771,2026-08-21T11:48:32Z,1787312790,CoinGecko simple/price
4ff86ed4b68848c18cd0d7f35f209af2,ripple,XRP,XRP,1.37,2026-08-21T11:48:32Z,1787312790,CoinGecko simple/price
ca890453a88a4025877225903602f609,dogecoin,DOGE,Dogecoin,0.082987,2026-08-21T11:48:32Z,1787312790,CoinGecko simple/price
3d7c572ff1b44f51ae336c76cb533624,cardano,ADA,Cardano,0.212351,2026-08-21T11:48:32Z,1787312790,CoinGecko simple/price
cbce470c9c9a4168af3cebc683becd89,tron,TRX,TRON,0.33969,2026-08-21T11:48:32Z,1787312790,CoinGecko simple/price
68e5692a64ec4b9c88d11113fc518733,avalanche-2,AVAX,Avalanche,7.47,2026-08-21T11:48:32Z,1787312780,CoinGecko simple/price
61bdf1eea7ab43379c8f9b8e9fa8c9c2,chainlink,LINK,Chainlink,11.28,2026-08-21T11:48:32Z,1787312780,CoinGecko simple/price
cc7cb5bbb33e493d9434dea07339bead,shiba-inu,SHIB,Shiba Inu,5.19e-06,2026-08-21T11:48:32Z,1787312790,CoinGecko simple/price
2d8d7355dcec4fd2b8c7b759eff12ddd,polkadot,DOT,Polkadot,0.878456,2026-08-21T11:48:32Z,1787312780,CoinGecko simple/price
7c804958d48a4c2b944a66f55cbfcb1d,wrapped-bitcoin,WBTC,Wrapped Bitcoin,76820.0,2026-08-21T11:48:32Z,1787312790,CoinGecko simple/price
9bb1107bef504403828db3ed4984a726,bitcoin-cash,BCH,Bitcoin Cash,260.0,2026-08-21T11:48:32Z,1787312770,CoinGecko simple/price
9d2a4b63eb7d43ee957cbaa4b62498bc,litecoin,LTC,Litecoin,50.12,2026-08-21T11:48:32Z,1787312770,CoinGecko simple/price
6fbe2abad31c407cbbc1387cc4baa700,near,NEAR,NEAR Protocol,1.89,2026-08-21T11:48:32Z,1787312790,CoinGecko simple/price
e188dba1c7b842ec93a31e1dc84439f1,uniswap,UNI,Uniswap,3.89,2026-08-21T11:48:32Z,1787312780,CoinGecko simple/price
307521b3ad6d4353952f8502d5dbeca5,stellar,XLM,Stellar,0.188513,2026-08-21T11:48:32Z,1787312790,CoinGecko simple/price
b337bf2217d6417b820b0650e1f9a709,internet-computer,ICP,Internet Computer,2.45,2026-08-21T11:48:32Z,1787312780,CoinGecko simple/price
3df690624a3d40d48c1590f2d7ff7de3,aptos,APT,Aptos,0.629313,2026-08-21T11:48:32Z,1787312790,CoinGecko simple/price
432016c04efd41b884ee8727754f89a4,sui,SUI,Sui,0.786547,2026-08-21T11:48:32Z,1787312780,CoinGecko simple/price
8a6e12d5e38348eb8791f76934d731ac,filecoin,FIL,Filecoin,0.770079,2026-08-21T11:48:32Z,1787312780,CoinGecko simple/price
b1a4fe61f01b412291529f7c33d821d3,cosmos,ATOM,Cosmos Hub,1.56,2026-08-21T11:48:32Z,1787312770,CoinGecko simple/price
99f955de5c90480aa11b3e08eb716b57,vechain,VET,VeChain,0.00538472,2026-08-21T11:48:32Z,1787312790,CoinGecko simple/price
5d3554e4cacc4a8e8bc49501bf7d0fa8,aave,AAVE,Aave,109.67,2026-08-21T11:48:32Z,1787312780,CoinGecko simple/price
8e8c5336b3fd4668bcfb6f083722e20c,algorand,ALGO,Algorand,0.092438,2026-08-21T11:48:32Z,1787312790,CoinGecko simple/price
a241bfb78f4a4f4c965b1a4b9c2d2a76,the-graph,GRT,The Graph,0.01614298,2026-08-21T11:48:32Z,1787312790,CoinGecko simple/price
94264f409c4746739e1a09996ab476de,arbitrum,ARB,Arbitrum,0.095013,2026-08-21T11:48:32Z,1787312780,CoinGecko simple/price
95ee9acf205d444e914dbb810be27b99,optimism,OP,Optimism,0.100737,2026-08-21T11:48:32Z,1787312790,CoinGecko simple/price
c3a371d6a79046a4916ba2ba8a3fab6d,render-token,RENDER,Render,1.47,2026-08-21T11:48:32Z,1787312790,CoinGecko simple/price
f2aa40d8e78b4c56a4ab8d021c7306cb,injective-protocol,INJ,Injective,4.86,2026-08-21T11:48:32Z,1787312790,CoinGecko simple/price
86a637833ebd431b9201d79cb62f24fc,maker,MKR,Maker,1503.63,2026-08-21T11:48:32Z,1787312790,CoinGecko simple/price
6adbeeeb6aec46d087424244d0dfe052,the-sandbox,SAND,The Sandbox,0.04697915,2026-08-21T11:48:32Z,1787312780,CoinGecko simple/price
04eb2c745ede43dba5a89291060bbe5d,decentraland,MANA,Decentraland,0.074897,2026-08-21T11:48:32Z,1787312790,CoinGecko simple/price
d900775de08f47ac9143a80966f585e8,axie-infinity,AXS,Axie Infinity,1.01,2026-08-21T11:48:32Z,1787312790,CoinGecko simple/price
c0e3e4dcbf964cff98fd1d9734ba44c8,tezos,XTZ,Tezos,0.22871,2026-08-21T11:48:32Z,1787312790,CoinGecko simple/price
bd82c9a7b62848d79fdb9ef6b42421e8,eos,EOS,EOS,0.072898,2026-08-21T11:48:32Z,1787312790,CoinGecko simple/price
2b2ac0eb7bfc472f9c1424eb1682402c,theta-token,THETA,Theta Network,0.17592,2026-08-21T11:48:32Z,1787312790,CoinGecko simple/price
1a18dedeb5dc45989f146ceb69741875,flow,FLOW,Flow,0.0310906,2026-08-21T11:48:32Z,1787312780,CoinGecko simple/price
18b16ade0bfc474f85d9044f44beb7e6,fantom,FTM,Fantom,0.02698115,2026-08-21T11:48:32Z,1787312790,CoinGecko simple/price
95c540aac1b742bdb99ffeb5bddafcf2,neo,NEO,Neo,2.1,2026-08-21T11:48:32Z,1787312780,CoinGecko simple/price
990cb1f6780b4a41a3ac8a6c213dea11,kucoin-shares,KCS,KuCoin Token,7.72,2026-08-21T11:48:32Z,1787312770,CoinGecko simple/price
3e676b7d3149492e9074084b220596e5,wrapped-steth,WSTETH,Wrapped stETH,2945.66,2026-08-21T11:48:32Z,1787312790,CoinGecko simple/price
37fe54ca728f469cb527c566dcc07998,mantle,MNT,Mantle,0.514894,2026-08-21T11:48:32Z,1787312790,CoinGecko simple/price
20b8b07c31314616a7fe123e89467238,immutable-x,IMX,Immutable,0.123049,2026-08-21T11:48:32Z,1787312790,CoinGecko simple/price
6a96ffd54b4e4632b9e2e449de01c857,hedera-hashgraph,HBAR,Hedera,0.076051,2026-08-21T11:48:32Z,1787312780,CoinGecko simple/price
054d2cb186394caabc8f7f4177454895,kaspa,KAS,Kaspa,0.0288642,2026-08-21T11:48:32Z,1787312790,CoinGecko simple/price
631e0b1bbe1a41ef91bf565f5cc14db2,monero,XMR,Monero,412.98,2026-08-21T11:48:32Z,1787312780,CoinGecko simple/price
3306e553b1844db5ba3c4cde4678becc,bitcoin,BTC,Bitcoin,76786.0,2026-08-21T11:48:57Z,1787312840,CoinGecko simple/price
3d08e9a009594b8ca61a108df2421f00,ethereum,ETH,Ethereum,2369.34,2026-08-21T11:48:57Z,1787312840,CoinGecko simple/price
cc9edf804ffc411a842ca86fda8191ea,tether,USDT,Tether,0.999664,2026-08-21T11:48:57Z,1787312840,CoinGecko simple/price
6db449a04769486f9d2a575cdf447001,binancecoin,BNB,BNB,672.99,2026-08-21T11:48:57Z,1787312840,CoinGecko simple/price
e2f5d5bc01514a40978694b9808e36a7,solana,SOL,Solana,90.36,2026-08-21T11:48:57Z,1787312840,CoinGecko simple/price
074bbf3a8d46453685eb8af56f0bbc45,usd-coin,USDC,USDC,0.999775,2026-08-21T11:48:57Z,1787312840,CoinGecko simple/price
6adb43fa029f41b0ac54214cc00168d3,ripple,XRP,XRP,1.37,2026-08-21T11:48:57Z,1787312840,CoinGecko simple/price
7633b819ccc5467296e6439d48e5911b,dogecoin,DOGE,Dogecoin,0.08296,2026-08-21T11:48:57Z,1787312840,CoinGecko simple/price
cac6272bc0a34c50887dd61b4808cf7e,cardano,ADA,Cardano,0.211962,2026-08-21T11:48:57Z,1787312850,CoinGecko simple/price
c67f38301e9f45fc8f062b50fa796dc3,tron,TRX,TRON,0.339678,2026-08-21T11:48:57Z,1787312840,CoinGecko simple/price
3e58243fac6d4886897d283c397b4acb,avalanche-2,AVAX,Avalanche,7.47,2026-08-21T11:48:57Z,1787312850,CoinGecko simple/price
b4fbbc5ea91646d8a82a9fee5e289cea,chainlink,LINK,Chainlink,11.27,2026-08-21T11:48:57Z,1787312850,CoinGecko simple/price
209c450b943d49bd851ad8d016ee5531,shiba-inu,SHIB,Shiba Inu,5.18e-06,2026-08-21T11:48:57Z,1787312840,CoinGecko simple/price
a6d41643371c4c93b41ca69e66908bdd,polkadot,DOT,Polkadot,0.8774,2026-08-21T11:48:57Z,1787312850,CoinGecko simple/price
90f30c795a0342179b7f56873c57d6a2,wrapped-bitcoin,WBTC,Wrapped Bitcoin,76805.0,2026-08-21T11:48:57Z,1787312850,CoinGecko simple/price
7737830ede124b58829bb9a8cf416f62,bitcoin-cash,BCH,Bitcoin Cash,259.76,2026-08-21T11:48:57Z,1787312850,CoinGecko simple/price
3a38d5e454e84db6a860b0f4ba28d5c1,litecoin,LTC,Litecoin,50.08,2026-08-21T11:48:57Z,1787312840,CoinGecko simple/price
825ffb74c5624889864c9f9c911c539f,near,NEAR,NEAR Protocol,1.89,2026-08-21T11:48:57Z,1787312850,CoinGecko simple/price
6ab4d1e45af74d88a4c54da05db3435c,uniswap,UNI,Uniswap,3.88,2026-08-21T11:48:57Z,1787312850,CoinGecko simple/price
b06d65ac812c4d7c8faa24d38d90dddf,stellar,XLM,Stellar,0.188182,2026-08-21T11:48:57Z,1787312850,CoinGecko simple/price
c83d8a38467e4a47853c7636f5cfc1d1,internet-computer,ICP,Internet Computer,2.45,2026-08-21T11:48:57Z,1787312850,CoinGecko simple/price
dccaebd77d5c43c188a19ee1f3592afa,aptos,APT,Aptos,0.6301,2026-08-21T11:48:57Z,1787312850,CoinGecko simple/price
c104f8d8c39b4c0f9c1aa676cfbaa29e,sui,SUI,Sui,0.785565,2026-08-21T11:48:57Z,1787312850,CoinGecko simple/price
eca50c0137c64c068f23e4c2e0b759e8,filecoin,FIL,Filecoin,0.769756,2026-08-21T11:48:57Z,1787312840,CoinGecko simple/price
e28e94df66b9439ea176ddc21cd364e3,cosmos,ATOM,Cosmos Hub,1.56,2026-08-21T11:48:57Z,1787312850,CoinGecko simple/price
bfa666c532064c31beb8ff7088a4c2bf,vechain,VET,VeChain,0.00538137,2026-08-21T11:48:57Z,1787312850,CoinGecko simple/price
fce8275003f04a05b6b04880198c4218,aave,AAVE,Aave,109.66,2026-08-21T11:48:57Z,1787312850,CoinGecko simple/price
06f3f8b7095d4f2d8f47c5e43d933b68,algorand,ALGO,Algorand,0.092395,2026-08-21T11:48:57Z,1787312850,CoinGecko simple/price
352a797acd214889bb6d23751b2d2e5c,the-graph,GRT,The Graph,0.01612544,2026-08-21T11:48:57Z,1787312850,CoinGecko simple/price
30a75cfd5ea246e492e896779cd818eb,arbitrum,ARB,Arbitrum,0.094971,2026-08-21T11:48:57Z,1787312850,CoinGecko simple/price
5b17d37272c54ba3a0a7ddc13ec07c52,optimism,OP,Optimism,0.100677,2026-08-21T11:48:57Z,1787312850,CoinGecko simple/price
b38978477bf7469a93385f76b3e9b38d,render-token,RENDER,Render,1.47,2026-08-21T11:48:57Z,1787312850,CoinGecko simple/price
755874c6316b46d0920374d04cead4d8,injective-protocol,INJ,Injective,4.86,2026-08-21T11:48:57Z,1787312850,CoinGecko simple/price
08ffeb94a5d945e3b2ac4a53c5ba52e6,maker,MKR,Maker,1503.55,2026-08-21T11:48:57Z,1787312850,CoinGecko simple/price
6f177e6cdfbd4e9c8163d056d2e9bb98,the-sandbox,SAND,The Sandbox,0.04691966,2026-08-21T11:48:57Z,1787312850,CoinGecko simple/price
a1ae335c70434ba286a443989dee15a9,decentraland,MANA,Decentraland,0.074778,2026-08-21T11:48:57Z,1787312850,CoinGecko simple/price
445e01a02e0d4698b78cf9b5ce9f799c,axie-infinity,AXS,Axie Infinity,1.01,2026-08-21T11:48:57Z,1787312850,CoinGecko simple/price
d75c44c79b6e4d0bba2605ee455e8658,tezos,XTZ,Tezos,0.228984,2026-08-21T11:48:57Z,1787312850,CoinGecko simple/price
b266cf744a814ac8b8c6958ff0c1a5cc,eos,EOS,EOS,0.072898,2026-08-21T11:48:57Z,1787312850,CoinGecko simple/price
223adab236c74555abfe323c41c373d3,theta-token,THETA,Theta Network,0.176023,2026-08-21T11:48:57Z,1787312850,CoinGecko simple/price
5a3aa452d8dc4bcfa7fbc169eb7beb4e,flow,FLOW,Flow,0.03109426,2026-08-21T11:48:57Z,1787312850,CoinGecko simple/price
874092c2026f492cb8b9717e765e94b4,fantom,FTM,Fantom,0.02698124,2026-08-21T11:48:57Z,1787312850,CoinGecko simple/price
980323960f144233b8eb648d1b6532e4,neo,NEO,Neo,2.09,2026-08-21T11:48:57Z,1787312850,CoinGecko simple/price
8b99de2e038f4307b132d23afb107bac,kucoin-shares,KCS,KuCoin Token,7.71,2026-08-21T11:48:57Z,1787312850,CoinGecko simple/price
5e68ea91f13c4303ae1881b1df519aa3,wrapped-steth,WSTETH,Wrapped stETH,2942.18,2026-08-21T11:48:57Z,1787312850,CoinGecko simple/price
617f14140ab24d4e90fba79e5f05edd6,mantle,MNT,Mantle,0.51474,2026-08-21T11:48:57Z,1787312850,CoinGecko simple/price
c44fa35ae5764205bc72547c40e5fbb9,immutable-x,IMX,Immutable,0.122926,2026-08-21T11:48:57Z,1787312850,CoinGecko simple/price
7e2f599401ff4e1aaa4db9f9ce0695e4,hedera-hashgraph,HBAR,Hedera,0.076028,2026-08-21T11:48:57Z,1787312850,CoinGecko simple/price
94aea903c3c04ebaa8945726c8bf32ce,kaspa,KAS,Kaspa,0.02882477,2026-08-21T11:48:57Z,1787312850,CoinGecko simple/price
24c2b812a88245edb7f7b121589c44de,monero,XMR,Monero,412.95,2026-08-21T11:48:57Z,1787312850,CoinGecko simple/price
579ecc8a18964975baeedfe4f5c64171,bitcoin,BTC,Bitcoin,76786.0,2026-08-21T11:49:39Z,1787312840,CoinGecko simple/price
8a04c723236a4d29a9f620aae97acc3a,ethereum,ETH,Ethereum,2369.34,2026-08-21T11:49:39Z,1787312840,CoinGecko simple/price
0dc197a1403641b9ad2173a8aaebf7b0,tether,USDT,Tether,0.999664,2026-08-21T11:49:39Z,1787312840,CoinGecko simple/price
3a3f83c5d2174d8c83647e87d85e5087,binancecoin,BNB,BNB,672.99,2026-08-21T11:49:39Z,1787312840,CoinGecko simple/price
04287b7f6d764547a7bb0a2a49598304,solana,SOL,Solana,90.36,2026-08-21T11:49:39Z,1787312840,CoinGecko simple/price
c5a7be5094bf45bebadab80e14d288b1,usd-coin,USDC,USDC,0.999775,2026-08-21T11:49:39Z,1787312840,CoinGecko simple/price
fc8a5fb28a2e47e7bbf30845627ec6ce,ripple,XRP,XRP,1.37,2026-08-21T11:49:39Z,1787312840,CoinGecko simple/price
1e113dee93f54d3ca4528e42b3c60261,dogecoin,DOGE,Dogecoin,0.08296,2026-08-21T11:49:39Z,1787312840,CoinGecko simple/price
c695e902751c42bcb6ae3df57249b56a,cardano,ADA,Cardano,0.211962,2026-08-21T11:49:39Z,1787312850,CoinGecko simple/price
331c9650294c4f89b989228bfcd8dad3,tron,TRX,TRON,0.339678,2026-08-21T11:49:39Z,1787312840,CoinGecko simple/price
e7b1dcb813564cf5a58d00ca015619f0,avalanche-2,AVAX,Avalanche,7.47,2026-08-21T11:49:39Z,1787312850,CoinGecko simple/price
c25843e856414e4c815f765063ab040c,chainlink,LINK,Chainlink,11.27,2026-08-21T11:49:39Z,1787312850,CoinGecko simple/price
0108a9c3bfc54b4385cc23e9a6d81111,shiba-inu,SHIB,Shiba Inu,5.18e-06,2026-08-21T11:49:39Z,1787312840,CoinGecko simple/price
cd49f28a17d04e98bbda172dc0f7fcba,polkadot,DOT,Polkadot,0.8774,2026-08-21T11:49:39Z,1787312850,CoinGecko simple/price
dbcde71d5042470c8475f13e155bdfa9,wrapped-bitcoin,WBTC,Wrapped Bitcoin,76805.0,2026-08-21T11:49:39Z,1787312850,CoinGecko simple/price
a062aa4e2bf841849b80db3a5eb91e0a,bitcoin-cash,BCH,Bitcoin Cash,259.76,2026-08-21T11:49:39Z,1787312850,CoinGecko simple/price
2dd97868515048028a23c169ece2a6f5,litecoin,LTC,Litecoin,50.08,2026-08-21T11:49:39Z,1787312840,CoinGecko simple/price
dd829bb84fef47fb8bf2ac36421571f1,near,NEAR,NEAR Protocol,1.89,2026-08-21T11:49:39Z,1787312850,CoinGecko simple/price
b22d05ab8c2540988b11534164baf4ee,uniswap,UNI,Uniswap,3.88,2026-08-21T11:49:39Z,1787312850,CoinGecko simple/price
c9b9d8c64c8d49b392026bfb1793b88c,stellar,XLM,Stellar,0.188182,2026-08-21T11:49:39Z,1787312850,CoinGecko simple/price
b1debf589b024c1da9ac51990d84a6e6,internet-computer,ICP,Internet Computer,2.45,2026-08-21T11:49:39Z,1787312850,CoinGecko simple/price
a7fb5e215151409587a6dd537c1242d4,aptos,APT,Aptos,0.6301,2026-08-21T11:49:39Z,1787312850,CoinGecko simple/price
29900ce012c34c038fc5353222a14b5b,sui,SUI,Sui,0.785565,2026-08-21T11:49:39Z,1787312850,CoinGecko simple/price
585771e44aa543f9bab4afa4bf5c3832,filecoin,FIL,Filecoin,0.769756,2026-08-21T11:49:39Z,1787312840,CoinGecko simple/price
6c7c3d352e454a5889db2a4b1fd190d5,cosmos,ATOM,Cosmos Hub,1.56,2026-08-21T11:49:39Z,1787312850,CoinGecko simple/price
f3e85f62ce574d88b5994454ae75fd0b,vechain,VET,VeChain,0.00538137,2026-08-21T11:49:39Z,1787312850,CoinGecko simple/price
c98629a3348c4f338d0aeddb1d066fca,aave,AAVE,Aave,109.66,2026-08-21T11:49:39Z,1787312850,CoinGecko simple/price
f41786df244b4ab7a600eb6a4dbf7fc6,algorand,ALGO,Algorand,0.092395,2026-08-21T11:49:39Z,1787312850,CoinGecko simple/price
1a9a8e7486874d61a6a3339534676012,the-graph,GRT,The Graph,0.01612544,2026-08-21T11:49:39Z,1787312850,CoinGecko simple/price
589f939841ba424a97091296714de601,arbitrum,ARB,Arbitrum,0.094971,2026-08-21T11:49:39Z,1787312850,CoinGecko simple/price
32839caa1bb141b38e5f824c7f869439,optimism,OP,Optimism,0.100677,2026-08-21T11:49:39Z,1787312850,CoinGecko simple/price
916865db5d1d498c8a139499dfea0e7f,render-token,RENDER,Render,1.47,2026-08-21T11:49:39Z,1787312850,CoinGecko simple/price
0fe0b4c416fd46e99e493338db12109f,injective-protocol,INJ,Injective,4.86,2026-08-21T11:49:39Z,1787312850,CoinGecko simple/price
c9c3ae724d7946c1a4359a898a7867d6,maker,MKR,Maker,1503.55,2026-08-21T11:49:39Z,1787312850,CoinGecko simple/price
6c21f6c4c72d458d82354790b3c3b73a,the-sandbox,SAND,The Sandbox,0.04691966,2026-08-21T11:49:39Z,1787312850,CoinGecko simple/price
498dc41486bb437eadd9ad13e6d35c47,decentraland,MANA,Decentraland,0.074778,2026-08-21T11:49:39Z,1787312850,CoinGecko simple/price
374d564911934b8184a7f65d0c1e9d6b,axie-infinity,AXS,Axie Infinity,1.01,2026-08-21T11:49:39Z,1787312850,CoinGecko simple/price
d1dee076a3be43e2b5eb6ea0f6185320,tezos,XTZ,Tezos,0.228984,2026-08-21T11:49:39Z,1787312850,CoinGecko simple/price
4b76886554f14aed9148ed4917c2e809,eos,EOS,EOS,0.072898,2026-08-21T11:49:39Z,1787312850,CoinGecko simple/price
86fa916d1e59433c93d9d04b91dda4c6,theta-token,THETA,Theta Network,0.176023,2026-08-21T11:49:39Z,1787312850,CoinGecko simple/price
80730c6715e844e0ab038500a313cd04,flow,FLOW,Flow,0.03109426,2026-08-21T11:49:39Z,1787312850,CoinGecko simple/price
2b0919a8cfb04cd4b4f2426bbb654b0d,fantom,FTM,Fantom,0.02698124,2026-08-21T11:49:39Z,1787312850,CoinGecko simple/price
12929726405444d78064ea4fc5694ca4,neo,NEO,Neo,2.09,2026-08-21T11:49:39Z,1787312850,CoinGecko simple/price
41a53d3641cc420783fe2121bf8be2b2,kucoin-shares,KCS,KuCoin Token,7.71,2026-08-21T11:49:39Z,1787312850,CoinGecko simple/price
f90ebc29d56c41b4be7d3636845d55d5,wrapped-steth,WSTETH,Wrapped stETH,2942.18,2026-08-21T11:49:39Z,1787312850,CoinGecko simple/price
2a95dd03efdd4601a82fe38773e26e27,mantle,MNT,Mantle,0.51474,2026-08-21T11:49:39Z,1787312850,CoinGecko simple/price
ac0d00a711b84d1088d30477c1889ee1,immutable-x,IMX,Immutable,0.122926,2026-08-21T11:49:39Z,1787312850,CoinGecko simple/price
09d61e148fda4fda8439236f1d8cc7b6,hedera-hashgraph,HBAR,Hedera,0.076028,2026-08-21T11:49:39Z,1787312850,CoinGecko simple/price
47b5adb3778946a1bde41be1f2f30fe4,kaspa,KAS,Kaspa,0.02882477,2026-08-21T11:49:39Z,1787312850,CoinGecko simple/price
9951ecac121e4e638e693b3f738a8007,monero,XMR,Monero,412.95,2026-08-21T11:49:39Z,1787312850,CoinGecko simple/price
796fa23b3fe5484b802ed01d9be658dc,bitcoin,BTC,Bitcoin,76682.0,2026-08-21T11:49:59Z,1787312910,CoinGecko simple/price
a3f75439061349a6a244fc9b76a12508,ethereum,ETH,Ethereum,2365.04,2026-08-21T11:49:59Z,1787312900,CoinGecko simple/price
b6ea905b6e9e4b4e862891b2a8692e41,tether,USDT,Tether,0.999665,2026-08-21T11:49:59Z,1787312910,CoinGecko simple/price
485432ec009e4654b3a38988d8c36704,binancecoin,BNB,BNB,672.15,2026-08-21T11:49:59Z,1787312910,CoinGecko simple/price
cda44e3224c448958d31d0f60c8cecad,solana,SOL,Solana,90.2,2026-08-21T11:49:59Z,1787312910,CoinGecko simple/price
27fd69feba75461f8394f6ff648c81db,usd-coin,USDC,USDC,0.99978,2026-08-21T11:49:59Z,1787312920,CoinGecko simple/price
8172bc1af9fe4b1585cf550d136d07bf,ripple,XRP,XRP,1.37,2026-08-21T11:49:59Z,1787312910,CoinGecko simple/price
82579ee9948a43bbb42f9ebff9418a53,dogecoin,DOGE,Dogecoin,0.082796,2026-08-21T11:49:59Z,1787312910,CoinGecko simple/price
dbce79f4ca574d6ba364d04f76e5264d,cardano,ADA,Cardano,0.211629,2026-08-21T11:49:59Z,1787312920,CoinGecko simple/price
3f2732883c484ad09644981de9f110fa,tron,TRX,TRON,0.339594,2026-08-21T11:49:59Z,1787312920,CoinGecko simple/price
ccefa8768fe0453280ad94c9e9cc842d,avalanche-2,AVAX,Avalanche,7.46,2026-08-21T11:49:59Z,1787312910,CoinGecko simple/price
bbae6f95de2a486dac67c8ffa0526418,chainlink,LINK,Chainlink,11.25,2026-08-21T11:49:59Z,1787312900,CoinGecko simple/price
6cc5fa9c4a2447da896b36cc71a60dbc,shiba-inu,SHIB,Shiba Inu,5.18e-06,2026-08-21T11:49:59Z,1787312910,CoinGecko simple/price
5d5f01e533234aa983f3317a3f65e733,polkadot,DOT,Polkadot,0.876302,2026-08-21T11:49:59Z,1787312900,CoinGecko simple/price
83d0dffeb3804078b7d9b380a45070a9,wrapped-bitcoin,WBTC,Wrapped Bitcoin,76722.0,2026-08-21T11:49:59Z,1787312900,CoinGecko simple/price
f16b980d1aa845f7989234c0c42cab7e,bitcoin-cash,BCH,Bitcoin Cash,259.55,2026-08-21T11:49:59Z,1787312910,CoinGecko simple/price
d139525d98154692bc70d69d06d461db,litecoin,LTC,Litecoin,50.11,2026-08-21T11:49:59Z,1787312910,CoinGecko simple/price
f898985aa63d4e668ec8212f7b889eaf,near,NEAR,NEAR Protocol,1.88,2026-08-21T11:49:59Z,1787312900,CoinGecko simple/price
325c03a4323b4a138474d0473443a117,uniswap,UNI,Uniswap,3.88,2026-08-21T11:49:59Z,1787312910,CoinGecko simple/price
ec37f396684049e0897d0192b04326ee,stellar,XLM,Stellar,0.187835,2026-08-21T11:49:59Z,1787312920,CoinGecko simple/price
b8bf8108abbf4a1794a3883df4088abe,internet-computer,ICP,Internet Computer,2.45,2026-08-21T11:49:59Z,1787312920,CoinGecko simple/price
d74eb93208de4e3a9ffa79fad78cd2ca,aptos,APT,Aptos,0.629765,2026-08-21T11:49:59Z,1787312920,CoinGecko simple/price
cc62a21850b04d1b81691adced047cc3,sui,SUI,Sui,0.784443,2026-08-21T11:49:59Z,1787312910,CoinGecko simple/price
dd0616811a264c5e9d193bc2f94b2b6e,filecoin,FIL,Filecoin,0.768537,2026-08-21T11:49:59Z,1787312920,CoinGecko simple/price
8836a2383d334cd88343f3b3a7f7181d,cosmos,ATOM,Cosmos Hub,1.56,2026-08-21T11:49:59Z,1787312900,CoinGecko simple/price
d080e33e427c4862bfd5b679f1867072,vechain,VET,VeChain,0.00537216,2026-08-21T11:49:59Z,1787312900,CoinGecko simple/price
15870ee56c77475ea3a494d8ff72f733,aave,AAVE,Aave,109.59,2026-08-21T11:49:59Z,1787312920,CoinGecko simple/price
117d565691e7417498e5cbf09585d54b,algorand,ALGO,Algorand,0.092299,2026-08-21T11:49:59Z,1787312910,CoinGecko simple/price
3e2485e277694409b825f6413954a2c5,the-graph,GRT,The Graph,0.01610369,2026-08-21T11:49:59Z,1787312900,CoinGecko simple/price
02f31c7fd1d04157a931180a645f9a89,arbitrum,ARB,Arbitrum,0.094861,2026-08-21T11:49:59Z,1787312920,CoinGecko simple/price
81ae2237e2fa48d39cd1f4f38c711393,optimism,OP,Optimism,0.100488,2026-08-21T11:49:59Z,1787312920,CoinGecko simple/price
fff58e438128445a8ab244249517e638,render-token,RENDER,Render,1.47,2026-08-21T11:49:59Z,1787312900,CoinGecko simple/price
85fe555698b14538b2b7864bc19e7bea,injective-protocol,INJ,Injective,4.85,2026-08-21T11:49:59Z,1787312900,CoinGecko simple/price
c64b126e98e6467a8c9701af12ba079d,maker,MKR,Maker,1499.14,2026-08-21T11:49:59Z,1787312910,CoinGecko simple/price
b0a3970991ed479c86fb69da87fe1e11,the-sandbox,SAND,The Sandbox,0.04685716,2026-08-21T11:49:59Z,1787312910,CoinGecko simple/price
d7f19371331a4c1f9e75abbeeb1b4c4a,decentraland,MANA,Decentraland,0.074633,2026-08-21T11:49:59Z,1787312900,CoinGecko simple/price
b9ddca4c53c949739faa28e480fafd24,axie-infinity,AXS,Axie Infinity,1.008,2026-08-21T11:49:59Z,1787312900,CoinGecko simple/price
52ee1ae668d54ca1a4b86dc62abc2f50,tezos,XTZ,Tezos,0.228505,2026-08-21T11:49:59Z,1787312920,CoinGecko simple/price
65a549b1907448ce82dadaa6f3efafdc,eos,EOS,EOS,0.072898,2026-08-21T11:49:59Z,1787312920,CoinGecko simple/price
141bb9f081a34f4288e9067ea13e2a82,theta-token,THETA,Theta Network,0.175821,2026-08-21T11:49:59Z,1787312900,CoinGecko simple/price
e1a253a14808412399d18a191e044cf3,flow,FLOW,Flow,0.03106498,2026-08-21T11:49:59Z,1787312900,CoinGecko simple/price
6ccffed69030464c857fb5e28a47d2cd,fantom,FTM,Fantom,0.02698111,2026-08-21T11:49:59Z,1787312910,CoinGecko simple/price
584cf29fa31b4765afa758e9391bec41,neo,NEO,Neo,2.09,2026-08-21T11:49:59Z,1787312920,CoinGecko simple/price
5bcf913d5848475abf537c696f12e320,kucoin-shares,KCS,KuCoin Token,7.69,2026-08-21T11:49:59Z,1787312900,CoinGecko simple/price
e96b20c2110e445493e0f60ebacad0c0,wrapped-steth,WSTETH,Wrapped stETH,2938.18,2026-08-21T11:49:59Z,1787312910,CoinGecko simple/price
1a79295a951b463cafc1da67151c7a0a,mantle,MNT,Mantle,0.514443,2026-08-21T11:49:59Z,1787312900,CoinGecko simple/price
5d27fe07b2b443d79aae224d9a40eeab,immutable-x,IMX,Immutable,0.122501,2026-08-21T11:49:59Z,1787312900,CoinGecko simple/price
b52a837fa09641d990703cc760b5fbfb,hedera-hashgraph,HBAR,Hedera,0.075889,2026-08-21T11:49:59Z,1787312920,CoinGecko simple/price
17ae887161a548ae90f85f47e9fea5d3,kaspa,KAS,Kaspa,0.02871517,2026-08-21T11:49:59Z,1787312900,CoinGecko simple/price
b01605c6054148609a53a18963a68517,monero,XMR,Monero,412.09,2026-08-21T11:49:59Z,1787312920,CoinGecko simple/price
76c704aa9cf447edb6277e6ada27de15,bitcoin,BTC,Bitcoin,76682.0,2026-08-21T11:50:32Z,1787312910,CoinGecko simple/price
920e099b29254cf691f388cc495b5e75,ethereum,ETH,Ethereum,2365.04,2026-08-21T11:50:32Z,1787312900,CoinGecko simple/price
b988baf4e533489ea4add2d269288132,tether,USDT,Tether,0.999665,2026-08-21T11:50:32Z,1787312910,CoinGecko simple/price
03767aed630d403ba6e57b1f0ed3c9f9,binancecoin,BNB,BNB,672.15,2026-08-21T11:50:32Z,1787312910,CoinGecko simple/price
e64ae9240f804e53b96f0c03e2504e62,solana,SOL,Solana,90.2,2026-08-21T11:50:32Z,1787312910,CoinGecko simple/price
4bc667c78ca9487cb9c986f4e395ab1b,usd-coin,USDC,USDC,0.99978,2026-08-21T11:50:32Z,1787312920,CoinGecko simple/price
bbe291a684494a1fbad14ab855b636d8,ripple,XRP,XRP,1.37,2026-08-21T11:50:32Z,1787312910,CoinGecko simple/price
e726370805ce41ebb6cd2030027d2aa7,dogecoin,DOGE,Dogecoin,0.082796,2026-08-21T11:50:32Z,1787312910,CoinGecko simple/price
6876d9e5442d4635913f193109c0b6a6,cardano,ADA,Cardano,0.211629,2026-08-21T11:50:32Z,1787312920,CoinGecko simple/price
549e35d206b64f3f8da6d34910717de6,tron,TRX,TRON,0.339594,2026-08-21T11:50:32Z,1787312920,CoinGecko simple/price
8b20404d31f34900b6ee029422ef7649,avalanche-2,AVAX,Avalanche,7.46,2026-08-21T11:50:32Z,1787312910,CoinGecko simple/price
5c5e47e922c74a9eafc9f4472dbe7f34,chainlink,LINK,Chainlink,11.25,2026-08-21T11:50:32Z,1787312900,CoinGecko simple/price
8e6e883410ca4d8698cf79b77860fca5,shiba-inu,SHIB,Shiba Inu,5.18e-06,2026-08-21T11:50:32Z,1787312910,CoinGecko simple/price
86a1dd0145e84b3f80f63ca61ff370dc,polkadot,DOT,Polkadot,0.876302,2026-08-21T11:50:32Z,1787312900,CoinGecko simple/price
b401578551f742eaaa81b6855441235a,wrapped-bitcoin,WBTC,Wrapped Bitcoin,76722.0,2026-08-21T11:50:32Z,1787312900,CoinGecko simple/price
0ea3cee2ca054442ab1761b7d51e1c4c,bitcoin-cash,BCH,Bitcoin Cash,259.55,2026-08-21T11:50:32Z,1787312910,CoinGecko simple/price
413ecb5a43d14db484ac2eddf18d1212,litecoin,LTC,Litecoin,50.11,2026-08-21T11:50:32Z,1787312910,CoinGecko simple/price
e43b8cc07a0247ce9398f27ddb688048,near,NEAR,NEAR Protocol,1.88,2026-08-21T11:50:32Z,1787312900,CoinGecko simple/price
1f9870fa497a42f59b78848b217d4b5b,uniswap,UNI,Uniswap,3.88,2026-08-21T11:50:32Z,1787312910,CoinGecko simple/price
13bd1da78ffa4b54b84697790d95c2d0,stellar,XLM,Stellar,0.187835,2026-08-21T11:50:32Z,1787312920,CoinGecko simple/price
b448691982b04a4dac7d5602b7ee6026,internet-computer,ICP,Internet Computer,2.45,2026-08-21T11:50:32Z,1787312920,CoinGecko simple/price
c3034d52a4dc45f0adc6ec9b1d4b89ea,aptos,APT,Aptos,0.629765,2026-08-21T11:50:32Z,1787312920,CoinGecko simple/price
d3feee8ebefd4591a0fbac670ff7b14c,sui,SUI,Sui,0.784443,2026-08-21T11:50:32Z,1787312910,CoinGecko simple/price
b4baceac8a0740c48a16d522649a4ce5,filecoin,FIL,Filecoin,0.768537,2026-08-21T11:50:32Z,1787312920,CoinGecko simple/price
9f7380ae7da84dfa9c1430ba4dfe3798,cosmos,ATOM,Cosmos Hub,1.56,2026-08-21T11:50:32Z,1787312900,CoinGecko simple/price
c3c904c8436a495c97dac35d24b0f455,vechain,VET,VeChain,0.00537216,2026-08-21T11:50:32Z,1787312900,CoinGecko simple/price
88c8e690f9a446f4ba6f0aa6e7cbd74e,aave,AAVE,Aave,109.59,2026-08-21T11:50:32Z,1787312920,CoinGecko simple/price
00874c2e997942f7b0b681ad6f6c6593,algorand,ALGO,Algorand,0.092299,2026-08-21T11:50:32Z,1787312910,CoinGecko simple/price
e65775e2e7514119a1f64dbbc093cdf0,the-graph,GRT,The Graph,0.01610369,2026-08-21T11:50:32Z,1787312900,CoinGecko simple/price
6d03b36b981348cdb8848b5137cb283e,arbitrum,ARB,Arbitrum,0.094861,2026-08-21T11:50:32Z,1787312920,CoinGecko simple/price
a135f6f80ef343cf8194d705288d8e7d,optimism,OP,Optimism,0.100488,2026-08-21T11:50:32Z,1787312920,CoinGecko simple/price
e6c0b4b028a54d9688321e076f55cd75,render-token,RENDER,Render,1.47,2026-08-21T11:50:32Z,1787312900,CoinGecko simple/price
81ccf2822a254e3ebb68bd4970890a7c,injective-protocol,INJ,Injective,4.85,2026-08-21T11:50:32Z,1787312900,CoinGecko simple/price
253b6df0d0bd4b5986bb19b2384befff,maker,MKR,Maker,1499.14,2026-08-21T11:50:32Z,1787312910,CoinGecko simple/price
981567662db24fd6a95710472bfc4795,the-sandbox,SAND,The Sandbox,0.04685716,2026-08-21T11:50:32Z,1787312910,CoinGecko simple/price
1976c9627ae84397ab665659766be1e5,decentraland,MANA,Decentraland,0.074633,2026-08-21T11:50:32Z,1787312900,CoinGecko simple/price
483aa8177d1a47bbbd92b47266c069e1,axie-infinity,AXS,Axie Infinity,1.008,2026-08-21T11:50:32Z,1787312900,CoinGecko simple/price
2fc8a619dd204db2bff1f3d0c712f934,tezos,XTZ,Tezos,0.228505,2026-08-21T11:50:32Z,1787312920,CoinGecko simple/price
b033eaca84b54afbb6a6b2212ef56565,eos,EOS,EOS,0.072898,2026-08-21T11:50:32Z,1787312920,CoinGecko simple/price
2b9676d6306e421e8469b3da9348ccb7,theta-token,THETA,Theta Network,0.175821,2026-08-21T11:50:32Z,1787312900,CoinGecko simple/price
a8f19e8796354551adf0c35ddbf7d590,flow,FLOW,Flow,0.03106498,2026-08-21T11:50:32Z,1787312900,CoinGecko simple/price
72992d82d99a4508840baf60b87cdcba,fantom,FTM,Fantom,0.02698111,2026-08-21T11:50:32Z,1787312910,CoinGecko simple/price
fce28c87da924facbf5dbd6694adcf61,neo,NEO,Neo,2.09,2026-08-21T11:50:32Z,1787312920,CoinGecko simple/price
17a33c60d8db4e6aaa709ba574b6b22d,kucoin-shares,KCS,KuCoin Token,7.69,2026-08-21T11:50:32Z,1787312900,CoinGecko simple/price
85aec4477722400e9e59ec079c00b468,wrapped-steth,WSTETH,Wrapped stETH,2938.18,2026-08-21T11:50:32Z,1787312910,CoinGecko simple/price
405300eb8fde492a814f068b2efe4e16,mantle,MNT,Mantle,0.514443,2026-08-21T11:50:32Z,1787312900,CoinGecko simple/price
b61dcb47759a46e5bdaa11610525d7f4,immutable-x,IMX,Immutable,0.122501,2026-08-21T11:50:32Z,1787312900,CoinGecko simple/price
adebf6225c3541aba968c7c39d80ddf1,hedera-hashgraph,HBAR,Hedera,0.075889,2026-08-21T11:50:32Z,1787312920,CoinGecko simple/price
cb28298c62554805b4db2deafa72a26c,kaspa,KAS,Kaspa,0.02871517,2026-08-21T11:50:32Z,1787312900,CoinGecko simple/price
de0f8ffd1db146e1a01acf8758977323,monero,XMR,Monero,412.09,2026-08-21T11:50:32Z,1787312920,CoinGecko simple/price
49edd18586204268a90bc0e816f98a00,bitcoin,BTC,Bitcoin,76674.0,2026-08-21T11:50:59Z,1787312980,CoinGecko simple/price
e10f8fb5763b42b79e134fea8d96fb3a,ethereum,ETH,Ethereum,2367.2,2026-08-21T11:50:59Z,1787312970,CoinGecko simple/price
d4eb3cb828c745c1822e9f0007522b05,tether,USDT,Tether,0.999632,2026-08-21T11:50:59Z,1787312960,CoinGecko simple/price
f58c04f5bc3148c789253ef493af3498,binancecoin,BNB,BNB,672.06,2026-08-21T11:50:59Z,1787312980,CoinGecko simple/price
b0a8c0bd60394bc88f09e3f60928c159,solana,SOL,Solana,90.17,2026-08-21T11:50:59Z,1787312980,CoinGecko simple/price
a46731af2c1f4399acec0462c8ef9f35,usd-coin,USDC,USDC,0.99975,2026-08-21T11:50:59Z,1787312960,CoinGecko simple/price
1c1e1849016e4fdebf24bf2510b461d1,ripple,XRP,XRP,1.36,2026-08-21T11:50:59Z,1787312960,CoinGecko simple/price
a54d588bf28248758e37dfa2310a1e36,dogecoin,DOGE,Dogecoin,0.082745,2026-08-21T11:50:59Z,1787312960,CoinGecko simple/price
2e4bc145449b4035962fa05780b4038d,cardano,ADA,Cardano,0.211507,2026-08-21T11:50:59Z,1787312960,CoinGecko simple/price
9fc6212dc2974217b55b3579dfa3567d,tron,TRX,TRON,0.33964,2026-08-21T11:50:59Z,1787312960,CoinGecko simple/price
dba502d9c5874f5bb246f039fc021d7c,avalanche-2,AVAX,Avalanche,7.45,2026-08-21T11:50:59Z,1787312960,CoinGecko simple/price
31a01bc56e46441fa0e4b9aa84a4b181,chainlink,LINK,Chainlink,11.23,2026-08-21T11:50:59Z,1787312970,CoinGecko simple/price
395ac76ec5184248a509ac7707e1c69c,shiba-inu,SHIB,Shiba Inu,5.18e-06,2026-08-21T11:50:59Z,1787312960,CoinGecko simple/price
794497d76c6242149f6adf192eebfe94,polkadot,DOT,Polkadot,0.877408,2026-08-21T11:50:59Z,1787312970,CoinGecko simple/price
6db08b76f565468a86077c1b93419ead,wrapped-bitcoin,WBTC,Wrapped Bitcoin,76629.0,2026-08-21T11:50:59Z,1787312970,CoinGecko simple/price
1545851c73824e4c94b645e82cf375c1,bitcoin-cash,BCH,Bitcoin Cash,259.61,2026-08-21T11:50:59Z,1787312960,CoinGecko simple/price
b39a8ed456f04050a5fb92c99b9ee321,litecoin,LTC,Litecoin,50.08,2026-08-21T11:50:59Z,1787312980,CoinGecko simple/price
76a10be9562243c4a7bea299b46bffda,near,NEAR,NEAR Protocol,1.88,2026-08-21T11:50:59Z,1787312970,CoinGecko simple/price
74dd7296ba37434a849475e2d3a8708a,uniswap,UNI,Uniswap,3.87,2026-08-21T11:50:59Z,1787312960,CoinGecko simple/price
80ae13cc33654a819ae338d41a5d50dd,stellar,XLM,Stellar,0.187771,2026-08-21T11:50:59Z,1787312970,CoinGecko simple/price
69ddc3549b334e6f8fc055e2c560d167,internet-computer,ICP,Internet Computer,2.45,2026-08-21T11:50:59Z,1787312970,CoinGecko simple/price
390429194b42498fb8025396e964ccfd,aptos,APT,Aptos,0.62973,2026-08-21T11:50:59Z,1787312980,CoinGecko simple/price
17a88b6925f146f69721c64710623775,sui,SUI,Sui,0.784082,2026-08-21T11:50:59Z,1787312980,CoinGecko simple/price
d543120dbe744289a7444570ee8fa50d,filecoin,FIL,Filecoin,0.768082,2026-08-21T11:50:59Z,1787312960,CoinGecko simple/price
bb8c56cc6fa7412cba91f2195aa26ad8,cosmos,ATOM,Cosmos Hub,1.56,2026-08-21T11:50:59Z,1787312970,CoinGecko simple/price
22d690505192478b8eeedc6be4c5013c,vechain,VET,VeChain,0.00536626,2026-08-21T11:50:59Z,1787312980,CoinGecko simple/price
a2a6d1c979b14ae7b4ac3d620e6460cf,aave,AAVE,Aave,109.39,2026-08-21T11:50:59Z,1787312970,CoinGecko simple/price
c765cda9c13a4b9ca2befc8fcd3c2996,algorand,ALGO,Algorand,0.092219,2026-08-21T11:50:59Z,1787312960,CoinGecko simple/price
47862fbf944144a4a4be90401771fed0,the-graph,GRT,The Graph,0.01610775,2026-08-21T11:50:59Z,1787312980,CoinGecko simple/price
4c0d70c58d8f4ea8a3db9c121845f844,arbitrum,ARB,Arbitrum,0.094802,2026-08-21T11:50:59Z,1787312970,CoinGecko simple/price
ce292c66d3ee432aa7315a7b8e36e61a,optimism,OP,Optimism,0.100415,2026-08-21T11:50:59Z,1787312980,CoinGecko simple/price
3d7c8de3188c4c2e91f7647c597dd4ef,render-token,RENDER,Render,1.46,2026-08-21T11:50:59Z,1787312970,CoinGecko simple/price
ff8b78c8443c4ca8bde31be70e82f8e9,injective-protocol,INJ,Injective,4.85,2026-08-21T11:50:59Z,1787312980,CoinGecko simple/price
a79a3dcddc8a4aeca4e2a3c9549f282d,maker,MKR,Maker,1498.64,2026-08-21T11:50:59Z,1787312980,CoinGecko simple/price
39c5c337f669499d8d282cf990438874,the-sandbox,SAND,The Sandbox,0.04680065,2026-08-21T11:50:59Z,1787312980,CoinGecko simple/price
ea72d1c74aca494e98c47f532c62e080,decentraland,MANA,Decentraland,0.074643,2026-08-21T11:50:59Z,1787312980,CoinGecko simple/price
762e3e3a7ed34115a706228fb31ac730,axie-infinity,AXS,Axie Infinity,1.008,2026-08-21T11:50:59Z,1787312980,CoinGecko simple/price
eae366c011a3479ea717b57010bc46c8,tezos,XTZ,Tezos,0.228592,2026-08-21T11:50:59Z,1787312980,CoinGecko simple/price
4b293eb2367349339f9fa9ac938eab2d,eos,EOS,EOS,0.0729,2026-08-21T11:50:59Z,1787312980,CoinGecko simple/price
947a6fd0f25b4e67807c0e376ed90310,theta-token,THETA,Theta Network,0.175948,2026-08-21T11:50:59Z,1787312970,CoinGecko simple/price
989dc9bc90b04fd188200a41da271133,flow,FLOW,Flow,0.03106356,2026-08-21T11:50:59Z,1787312960,CoinGecko simple/price
db47cc4189fe47b1951013c1e63450a0,fantom,FTM,Fantom,0.026982,2026-08-21T11:50:59Z,1787312980,CoinGecko simple/price
84507fb35e114588a7c8de679549154d,neo,NEO,Neo,2.09,2026-08-21T11:50:59Z,1787312960,CoinGecko simple/price
52444e4bb8a54033abe515aa1dc0c407,kucoin-shares,KCS,KuCoin Token,7.69,2026-08-21T11:50:59Z,1787312970,CoinGecko simple/price
57a2d2ed776b4e3991ab07b2d2b13611,wrapped-steth,WSTETH,Wrapped stETH,2938.8,2026-08-21T11:50:59Z,1787312980,CoinGecko simple/price
b19a6e588fcb435cab53cef922f1ab70,mantle,MNT,Mantle,0.514203,2026-08-21T11:50:59Z,1787312970,CoinGecko simple/price
5205c3a2d5ba4cf2895d7e0ff1c8479a,immutable-x,IMX,Immutable,0.122385,2026-08-21T11:50:59Z,1787312980,CoinGecko simple/price
bb20e94b2a374d81832c10d389603a1d,hedera-hashgraph,HBAR,Hedera,0.075796,2026-08-21T11:50:59Z,1787312980,CoinGecko simple/price
82b239c7ddd94e5b94a6929f693609c1,kaspa,KAS,Kaspa,0.02857478,2026-08-21T11:50:59Z,1787312980,CoinGecko simple/price
d91db63a48d34374be27694bc67eacba,monero,XMR,Monero,412.66,2026-08-21T11:50:59Z,1787312980,CoinGecko simple/price
84fb5b7a2c2b406089874090a88fea45,bitcoin,BTC,Bitcoin,76674.0,2026-08-21T11:51:31Z,1787312980,CoinGecko simple/price
49caec86e8cc45d3a36651f99843c490,ethereum,ETH,Ethereum,2367.2,2026-08-21T11:51:31Z,1787312970,CoinGecko simple/price
eba7d7178e9949ecb4861d431de65add,tether,USDT,Tether,0.999632,2026-08-21T11:51:31Z,1787312960,CoinGecko simple/price
7bd4ebcc17e94f50935db6bd49438485,binancecoin,BNB,BNB,672.06,2026-08-21T11:51:31Z,1787312980,CoinGecko simple/price
870d7d606ee1440a997e7184fb23c450,solana,SOL,Solana,90.17,2026-08-21T11:51:31Z,1787312980,CoinGecko simple/price
be03469cce19453bbeba4d73f70590a8,usd-coin,USDC,USDC,0.99975,2026-08-21T11:51:31Z,1787312960,CoinGecko simple/price
0be7fd6790174be3a04919cce9d56811,ripple,XRP,XRP,1.36,2026-08-21T11:51:31Z,1787312960,CoinGecko simple/price
8124bb7194c144639da93e90624eefb7,dogecoin,DOGE,Dogecoin,0.082745,2026-08-21T11:51:31Z,1787312960,CoinGecko simple/price
2ed4b086cc0c408ca11f2fb5311ace86,cardano,ADA,Cardano,0.211507,2026-08-21T11:51:31Z,1787312960,CoinGecko simple/price
afec3e85cdab42f3b1dfbe83fef79f25,tron,TRX,TRON,0.33964,2026-08-21T11:51:31Z,1787312960,CoinGecko simple/price
7449db2db099440ea1d0777a5adde3a5,avalanche-2,AVAX,Avalanche,7.45,2026-08-21T11:51:31Z,1787312960,CoinGecko simple/price
431a55983b5a4f8180d780f1fb0e7840,chainlink,LINK,Chainlink,11.23,2026-08-21T11:51:31Z,1787312970,CoinGecko simple/price
73db53411e3f4e9895c29741d776669d,shiba-inu,SHIB,Shiba Inu,5.18e-06,2026-08-21T11:51:31Z,1787312960,CoinGecko simple/price
f7a1778c594f488f8b6b7d8f31799c65,polkadot,DOT,Polkadot,0.877408,2026-08-21T11:51:31Z,1787312970,CoinGecko simple/price
5d9a92852bad4aec835fbffdbddd627a,wrapped-bitcoin,WBTC,Wrapped Bitcoin,76629.0,2026-08-21T11:51:31Z,1787312970,CoinGecko simple/price
606c1b1ae8d945e28bab0d04b74d783d,bitcoin-cash,BCH,Bitcoin Cash,259.61,2026-08-21T11:51:31Z,1787312960,CoinGecko simple/price
c46a92a272dd421ab89fcbd08b37de57,litecoin,LTC,Litecoin,50.08,2026-08-21T11:51:31Z,1787312980,CoinGecko simple/price
54746a8c0b494360af1be61b7d8c5faa,near,NEAR,NEAR Protocol,1.88,2026-08-21T11:51:31Z,1787312970,CoinGecko simple/price
82efaeb4ab8f4c76b93bd36ebc865631,uniswap,UNI,Uniswap,3.87,2026-08-21T11:51:31Z,1787312960,CoinGecko simple/price
119fad48795648dab9372a0d3554ffa8,stellar,XLM,Stellar,0.187771,2026-08-21T11:51:31Z,1787312970,CoinGecko simple/price
e627446b3ccf47dc917b3b5e9df05a13,internet-computer,ICP,Internet Computer,2.45,2026-08-21T11:51:31Z,1787312970,CoinGecko simple/price
f4a554d0768a4dbe9063f87bd0d3c00c,aptos,APT,Aptos,0.62973,2026-08-21T11:51:31Z,1787312980,CoinGecko simple/price
5cf30a33cca342d0b94f4d77e8ca46dd,sui,SUI,Sui,0.784082,2026-08-21T11:51:31Z,1787312980,CoinGecko simple/price
6abd20a50e8d4f58a9062b507a3c77ab,filecoin,FIL,Filecoin,0.768082,2026-08-21T11:51:31Z,1787312960,CoinGecko simple/price
11e477da7f5145d3b273e0d61f009f9b,cosmos,ATOM,Cosmos Hub,1.56,2026-08-21T11:51:31Z,1787312970,CoinGecko simple/price
831afdf5cb1444bfbb0a942bde595027,vechain,VET,VeChain,0.00536626,2026-08-21T11:51:31Z,1787312980,CoinGecko simple/price
1c4c609cfb9641c98dbf701ad4390b3f,aave,AAVE,Aave,109.39,2026-08-21T11:51:31Z,1787312970,CoinGecko simple/price
96f3bb6126394c2294eaa9055e147118,algorand,ALGO,Algorand,0.092219,2026-08-21T11:51:31Z,1787312960,CoinGecko simple/price
2b5ac8512d7d405ebcaf3161a153b9e0,the-graph,GRT,The Graph,0.01610775,2026-08-21T11:51:31Z,1787312980,CoinGecko simple/price
e3781d8b643240ba9eae140c95002492,arbitrum,ARB,Arbitrum,0.094802,2026-08-21T11:51:31Z,1787312970,CoinGecko simple/price
2fa8dbf70e4b4545ae85c07b5c2585f4,optimism,OP,Optimism,0.100415,2026-08-21T11:51:31Z,1787312980,CoinGecko simple/price
1835c182153049bcbbf5b5cf3b85f358,render-token,RENDER,Render,1.46,2026-08-21T11:51:31Z,1787312970,CoinGecko simple/price
d04a043b5db945f7a2466b4074b5c868,injective-protocol,INJ,Injective,4.85,2026-08-21T11:51:31Z,1787312980,CoinGecko simple/price
9a707669257545049ddfe3b53f7d9694,maker,MKR,Maker,1498.64,2026-08-21T11:51:31Z,1787312980,CoinGecko simple/price
367a2e01b8384cefbf1fbdda7ab2660b,the-sandbox,SAND,The Sandbox,0.04680065,2026-08-21T11:51:31Z,1787312980,CoinGecko simple/price
ebd383bbf6c64e23af18f98074f67564,decentraland,MANA,Decentraland,0.074643,2026-08-21T11:51:31Z,1787312980,CoinGecko simple/price
a6dbb60cf77348668b73d679bc434f7d,axie-infinity,AXS,Axie Infinity,1.008,2026-08-21T11:51:31Z,1787312980,CoinGecko simple/price
f6d5647c3a304143b19cf087e2f9109b,tezos,XTZ,Tezos,0.228592,2026-08-21T11:51:31Z,1787312980,CoinGecko simple/price
e9991f1ece5b4022921f49a91378003a,eos,EOS,EOS,0.0729,2026-08-21T11:51:31Z,1787312980,CoinGecko simple/price
4dffb6a2759d4385af1e21ef2c8f6639,theta-token,THETA,Theta Network,0.175948,2026-08-21T11:51:31Z,1787312970,CoinGecko simple/price
affae86cc9354067af557d4a0599d873,flow,FLOW,Flow,0.03106356,2026-08-21T11:51:31Z,1787312960,CoinGecko simple/price
e4338b4c7e8f49ccae0417280a0f9706,fantom,FTM,Fantom,0.026982,2026-08-21T11:51:31Z,1787312980,CoinGecko simple/price
449c04bd60e846bc84cf89ecf629c645,neo,NEO,Neo,2.09,2026-08-21T11:51:31Z,1787312960,CoinGecko simple/price
aa3ff353b631452fb8e485c8307a75c6,kucoin-shares,KCS,KuCoin Token,7.69,2026-08-21T11:51:31Z,1787312970,CoinGecko simple/price
3e5ea0a7f65f43dabe10cf29fc286abe,wrapped-steth,WSTETH,Wrapped stETH,2938.8,2026-08-21T11:51:31Z,1787312980,CoinGecko simple/price
7e11699d2ab74c2e955ef9efe52c2273,mantle,MNT,Mantle,0.514203,2026-08-21T11:51:31Z,1787312970,CoinGecko simple/price
7465e1c9e5464f08adf19866347ddc15,immutable-x,IMX,Immutable,0.122385,2026-08-21T11:51:31Z,1787312980,CoinGecko simple/price
1298b9b2ab004e65ad95279c83092bc1,hedera-hashgraph,HBAR,Hedera,0.075796,2026-08-21T11:51:31Z,1787312980,CoinGecko simple/price
5ef6ce4fb6784114aaebae54b960bcca,kaspa,KAS,Kaspa,0.02857478,2026-08-21T11:51:31Z,1787312980,CoinGecko simple/price
44c918c35f67400e88b93001fff82967,monero,XMR,Monero,412.66,2026-08-21T11:51:31Z,1787312980,CoinGecko simple/price
